"Age","Status","Studies","YearsOfExperience","Indentation_Length","Nesting_Level","Distance_from_Center","Correct","number_of_given_answers","expected_answer","given_answer","is_correct","time_in_milliseconds","Subject","Name","Q1","Q3","IQR","Lower_Bound","Upper_Bound","Outlier_Flag"
"between 18 and (excluding) 25","Undergraduate student (BSc not yet finished)","Computer science","less than or equal 1 year","4",4,0,1,1,1,1,"True",3148,1,,2084.0,3125.0,1041.0,-1039.0,6248.0,"OK"
"between 18 and (excluding) 25","Undergraduate student (BSc not yet finished)","Computer science","less than or equal 1 year","4",7,3,1,1,3,3,"True",1263,1,,1250.0,1408.0,158.0,776.0,1882.0,"OK"
"between 18 and (excluding) 25","Undergraduate student (BSc not yet finished)","Computer science","less than or equal 1 year","2",7,3,1,1,2,2,"True",1013,1,,1357.0,1448.0,91.0,1084.0,1721.0,"Outlier"
"between 18 and (excluding) 25","Undergraduate student (BSc not yet finished)","Computer science","less than or equal 1 year","2",4,0,1,1,2,2,"True",2040,1,,2844.0,3626.0,782.0,498.0,5972.0,"OK"
"between 18 and (excluding) 25","Undergraduate student (BSc not yet finished)","Computer science","less than or equal 1 year","8",4,0,1,1,5,5,"True",5066,1,,2605.0,3440.0,835.0,100.0,5945.0,"OK"
"between 18 and (excluding) 25","Undergraduate student (BSc not yet finished)","Computer science","less than or equal 1 year","10",1,3,1,1,3,3,"True",1155,1,,1392.0,1442.0,50.0,1242.0,1592.0,"Outlier"
"between 18 and (excluding) 25","Undergraduate student (BSc not yet finished)","Computer science","less than or equal 1 year","8",5,1,1,1,3,3,"True",1621,1,,1579.0,2184.0,605.0,-236.0,3999.0,"OK"
"between 18 and (excluding) 25","Undergraduate student (BSc not yet finished)","Computer science","less than or equal 1 year","4",5,1,1,1,1,1,"True",1680,1,,1680.0,2256.0,576.0,-48.0,3984.0,"OK"
"between 18 and (excluding) 25","Undergraduate student (BSc not yet finished)","Computer science","less than or equal 1 year","10",1,3,1,1,7,7,"True",1400,1,,1392.0,1442.0,50.0,1242.0,1592.0,"OK"
"between 18 and (excluding) 25","Undergraduate student (BSc not yet finished)","Computer science","less than or equal 1 year","2",2,2,1,1,5,5,"True",1611,1,,1499.0,1868.0,369.0,392.0,2975.0,"OK"
"between 18 and (excluding) 25","Undergraduate student (BSc not yet finished)","Computer science","less than or equal 1 year","4",6,2,1,1,5,5,"True",1730,1,,1438.0,1730.0,292.0,562.0,2606.0,"OK"
"between 18 and (excluding) 25","Undergraduate student (BSc not yet finished)","Computer science","less than or equal 1 year","2",6,2,1,1,6,6,"True",1332,1,,1332.0,1685.0,353.0,273.0,2744.0,"OK"
"between 18 and (excluding) 25","Undergraduate student (BSc not yet finished)","Computer science","less than or equal 1 year","6",5,1,1,1,3,3,"True",1837,1,,1651.0,1935.0,284.0,799.0,2787.0,"OK"
"between 18 and (excluding) 25","Undergraduate student (BSc not yet finished)","Computer science","less than or equal 1 year","10",2,2,1,1,6,6,"True",1817,1,,1548.0,1597.0,49.0,1401.0,1744.0,"Outlier"
"between 18 and (excluding) 25","Undergraduate student (BSc not yet finished)","Computer science","less than or equal 1 year","Dynamic",2,2,1,1,7,7,"True",1551,1,,1193.0,1565.0,372.0,77.0,2681.0,"OK"
"between 18 and (excluding) 25","Undergraduate student (BSc not yet finished)","Computer science","less than or equal 1 year","2",6,2,1,1,6,6,"True",1694,1,,1332.0,1685.0,353.0,273.0,2744.0,"OK"
"between 18 and (excluding) 25","Undergraduate student (BSc not yet finished)","Computer science","less than or equal 1 year","4",4,0,0,1,6,4,"False",2084,1,,2084.0,3125.0,1041.0,-1039.0,6248.0,"OK"
"between 18 and (excluding) 25","Undergraduate student (BSc not yet finished)","Computer science","less than or equal 1 year","2",5,1,1,1,2,2,"True",1886,1,,2033.0,2676.0,643.0,104.0,4605.0,"OK"
"between 18 and (excluding) 25","Undergraduate student (BSc not yet finished)","Computer science","less than or equal 1 year","2",4,0,1,1,7,7,"True",4310,1,,2844.0,3626.0,782.0,498.0,5972.0,"OK"
"between 18 and (excluding) 25","Undergraduate student (BSc not yet finished)","Computer science","less than or equal 1 year","6",7,3,1,1,7,7,"True",1345,1,,1339.0,1386.0,47.0,1198.0,1527.0,"OK"
"between 18 and (excluding) 25","Undergraduate student (BSc not yet finished)","Computer science","less than or equal 1 year","6",6,2,1,1,2,2,"True",2056,1,,1273.0,1811.0,538.0,-341.0,3425.0,"OK"
"between 18 and (excluding) 25","Undergraduate student (BSc not yet finished)","Computer science","less than or equal 1 year","10",4,0,1,1,1,1,"True",3173,1,,2467.0,3121.0,654.0,505.0,5083.0,"OK"
"between 18 and (excluding) 25","Undergraduate student (BSc not yet finished)","Computer science","less than or equal 1 year","10",1,3,1,1,4,4,"True",1442,1,,1392.0,1442.0,50.0,1242.0,1592.0,"OK"
"between 18 and (excluding) 25","Undergraduate student (BSc not yet finished)","Computer science","less than or equal 1 year","2",4,0,1,1,1,1,"True",2863,1,,2844.0,3626.0,782.0,498.0,5972.0,"OK"
"between 18 and (excluding) 25","Undergraduate student (BSc not yet finished)","Computer science","less than or equal 1 year","6",4,0,1,1,3,3,"True",2325,1,,1489.0,2325.0,836.0,-1019.0,4833.0,"OK"
"between 18 and (excluding) 25","Undergraduate student (BSc not yet finished)","Computer science","less than or equal 1 year","4",4,0,1,1,2,2,"True",2369,1,,2084.0,3125.0,1041.0,-1039.0,6248.0,"OK"
"between 18 and (excluding) 25","Undergraduate student (BSc not yet finished)","Computer science","less than or equal 1 year","6",6,2,1,1,6,6,"True",1811,1,,1273.0,1811.0,538.0,-341.0,3425.0,"OK"
"between 18 and (excluding) 25","Undergraduate student (BSc not yet finished)","Computer science","less than or equal 1 year","Dynamic",1,3,1,1,1,1,"True",833,1,,833.0,1324.0,491.0,-640.0,2797.0,"OK"
"between 18 and (excluding) 25","Undergraduate student (BSc not yet finished)","Computer science","less than or equal 1 year","4",6,2,1,1,1,1,"True",1098,1,,1438.0,1730.0,292.0,562.0,2606.0,"OK"
"between 18 and (excluding) 25","Undergraduate student (BSc not yet finished)","Computer science","less than or equal 1 year","10",3,1,1,1,6,6,"True",3902,1,,1453.0,2051.0,598.0,-341.0,3845.0,"Outlier"
"between 18 and (excluding) 25","Undergraduate student (BSc not yet finished)","Computer science","less than or equal 1 year","8",5,1,1,1,3,3,"True",2184,1,,1579.0,2184.0,605.0,-236.0,3999.0,"OK"
"between 18 and (excluding) 25","Undergraduate student (BSc not yet finished)","Computer science","less than or equal 1 year","8",1,3,1,1,2,2,"True",1062,1,,1062.0,1304.0,242.0,336.0,2030.0,"OK"
"between 18 and (excluding) 25","Undergraduate student (BSc not yet finished)","Computer science","less than or equal 1 year","10",5,1,1,1,7,7,"True",2985,1,,1710.0,2154.0,444.0,378.0,3486.0,"OK"
"between 18 and (excluding) 25","Undergraduate student (BSc not yet finished)","Computer science","less than or equal 1 year","Dynamic",6,2,1,1,5,5,"True",4765,1,,1492.0,1720.0,228.0,808.0,2404.0,"Outlier"
"between 18 and (excluding) 25","Undergraduate student (BSc not yet finished)","Computer science","less than or equal 1 year","6",4,0,1,1,1,1,"True",2655,1,,1489.0,2325.0,836.0,-1019.0,4833.0,"OK"
"between 18 and (excluding) 25","Undergraduate student (BSc not yet finished)","Computer science","less than or equal 1 year","10",5,1,1,1,4,4,"True",2154,1,,1710.0,2154.0,444.0,378.0,3486.0,"OK"
"between 18 and (excluding) 25","Undergraduate student (BSc not yet finished)","Computer science","less than or equal 1 year","2",4,0,1,1,1,1,"True",2844,1,,2844.0,3626.0,782.0,498.0,5972.0,"OK"
"between 18 and (excluding) 25","Undergraduate student (BSc not yet finished)","Computer science","less than or equal 1 year","10",5,1,1,1,6,6,"True",1989,1,,1710.0,2154.0,444.0,378.0,3486.0,"OK"
"between 18 and (excluding) 25","Undergraduate student (BSc not yet finished)","Computer science","less than or equal 1 year","Dynamic",1,3,1,1,5,5,"True",1324,1,,833.0,1324.0,491.0,-640.0,2797.0,"OK"
"between 18 and (excluding) 25","Undergraduate student (BSc not yet finished)","Computer science","less than or equal 1 year","2",6,2,1,1,5,5,"True",1633,1,,1332.0,1685.0,353.0,273.0,2744.0,"OK"
"between 18 and (excluding) 25","Undergraduate student (BSc not yet finished)","Computer science","less than or equal 1 year","2",6,2,1,1,4,4,"True",1685,1,,1332.0,1685.0,353.0,273.0,2744.0,"OK"
"between 18 and (excluding) 25","Undergraduate student (BSc not yet finished)","Computer science","less than or equal 1 year","6",2,2,1,1,6,6,"True",1568,1,,1364.0,1882.0,518.0,-190.0,3436.0,"OK"
"between 18 and (excluding) 25","Undergraduate student (BSc not yet finished)","Computer science","less than or equal 1 year","Dynamic",4,0,1,1,2,2,"True",3710,1,,1593.0,3690.0,2097.0,-4698.0,9981.0,"OK"
"between 18 and (excluding) 25","Undergraduate student (BSc not yet finished)","Computer science","less than or equal 1 year","2",1,3,1,1,5,5,"True",1623,1,,1355.0,1450.0,95.0,1070.0,1735.0,"OK"
"between 18 and (excluding) 25","Undergraduate student (BSc not yet finished)","Computer science","less than or equal 1 year","6",7,3,1,1,6,6,"True",1339,1,,1339.0,1386.0,47.0,1198.0,1527.0,"OK"
"between 18 and (excluding) 25","Undergraduate student (BSc not yet finished)","Computer science","less than or equal 1 year","10",1,3,1,1,5,5,"True",1765,1,,1392.0,1442.0,50.0,1242.0,1592.0,"Outlier"
"between 18 and (excluding) 25","Undergraduate student (BSc not yet finished)","Computer science","less than or equal 1 year","4",3,1,1,1,5,5,"True",4121,1,,1652.0,2504.0,852.0,-904.0,5060.0,"OK"
"between 18 and (excluding) 25","Undergraduate student (BSc not yet finished)","Computer science","less than or equal 1 year","6",1,3,1,1,3,3,"True",1546,1,,1244.0,1576.0,332.0,248.0,2572.0,"OK"
"between 18 and (excluding) 25","Undergraduate student (BSc not yet finished)","Computer science","less than or equal 1 year","8",5,1,1,1,2,2,"True",2186,1,,1579.0,2184.0,605.0,-236.0,3999.0,"OK"
"between 18 and (excluding) 25","Undergraduate student (BSc not yet finished)","Computer science","less than or equal 1 year","6",2,2,1,1,7,7,"True",1882,1,,1364.0,1882.0,518.0,-190.0,3436.0,"OK"
"between 18 and (excluding) 25","Undergraduate student (BSc not yet finished)","Computer science","less than or equal 1 year","8",3,1,1,1,2,2,"True",2372,1,,1326.0,2372.0,1046.0,-1812.0,5510.0,"OK"
"between 18 and (excluding) 25","Undergraduate student (BSc not yet finished)","Computer science","less than or equal 1 year","8",4,0,1,1,2,2,"True",2605,1,,2605.0,3440.0,835.0,100.0,5945.0,"OK"
"between 18 and (excluding) 25","Undergraduate student (BSc not yet finished)","Computer science","less than or equal 1 year","8",1,3,1,1,1,1,"True",1198,1,,1062.0,1304.0,242.0,336.0,2030.0,"OK"
"between 18 and (excluding) 25","Undergraduate student (BSc not yet finished)","Computer science","less than or equal 1 year","8",6,2,0,1,4,5,"False",2718,1,,1311.0,1522.0,211.0,678.0,2155.0,"Outlier"
"between 18 and (excluding) 25","Undergraduate student (BSc not yet finished)","Computer science","less than or equal 1 year","8",7,3,1,1,3,3,"True",1701,1,,1034.0,1665.0,631.0,-859.0,3558.0,"OK"
"between 18 and (excluding) 25","Undergraduate student (BSc not yet finished)","Computer science","less than or equal 1 year","8",5,1,1,1,1,1,"True",1579,1,,1579.0,2184.0,605.0,-236.0,3999.0,"OK"
"between 18 and (excluding) 25","Undergraduate student (BSc not yet finished)","Computer science","less than or equal 1 year","4",6,2,1,1,3,3,"True",1788,1,,1438.0,1730.0,292.0,562.0,2606.0,"OK"
"between 18 and (excluding) 25","Undergraduate student (BSc not yet finished)","Computer science","less than or equal 1 year","10",3,1,1,1,1,1,"True",1453,1,,1453.0,2051.0,598.0,-341.0,3845.0,"OK"
"between 18 and (excluding) 25","Undergraduate student (BSc not yet finished)","Computer science","less than or equal 1 year","10",6,2,1,1,1,1,"True",2201,1,,1560.0,1992.0,432.0,264.0,3288.0,"OK"
"between 18 and (excluding) 25","Undergraduate student (BSc not yet finished)","Computer science","less than or equal 1 year","10",7,3,1,1,1,1,"True",1077,1,,1341.0,1750.0,409.0,114.0,2977.0,"OK"
"between 18 and (excluding) 25","Undergraduate student (BSc not yet finished)","Computer science","less than or equal 1 year","10",6,2,1,1,7,7,"True",1560,1,,1560.0,1992.0,432.0,264.0,3288.0,"OK"
"between 18 and (excluding) 25","Undergraduate student (BSc not yet finished)","Computer science","less than or equal 1 year","8",6,2,1,1,1,1,"True",1311,1,,1311.0,1522.0,211.0,678.0,2155.0,"OK"
"between 18 and (excluding) 25","Undergraduate student (BSc not yet finished)","Computer science","less than or equal 1 year","2",1,3,1,1,2,2,"True",1450,1,,1355.0,1450.0,95.0,1070.0,1735.0,"OK"
"between 18 and (excluding) 25","Undergraduate student (BSc not yet finished)","Computer science","less than or equal 1 year","4",4,0,1,1,7,7,"True",3125,1,,2084.0,3125.0,1041.0,-1039.0,6248.0,"OK"
"between 18 and (excluding) 25","Undergraduate student (BSc not yet finished)","Computer science","less than or equal 1 year","2",1,3,1,1,6,6,"True",1428,1,,1355.0,1450.0,95.0,1070.0,1735.0,"OK"
"between 18 and (excluding) 25","Undergraduate student (BSc not yet finished)","Computer science","less than or equal 1 year","8",3,1,1,1,3,3,"True",1887,1,,1326.0,2372.0,1046.0,-1812.0,5510.0,"OK"
"between 18 and (excluding) 25","Undergraduate student (BSc not yet finished)","Computer science","less than or equal 1 year","8",3,1,1,1,1,1,"True",1326,1,,1326.0,2372.0,1046.0,-1812.0,5510.0,"OK"
"between 18 and (excluding) 25","Undergraduate student (BSc not yet finished)","Computer science","less than or equal 1 year","10",7,3,1,1,4,4,"True",1894,1,,1341.0,1750.0,409.0,114.0,2977.0,"OK"
"between 18 and (excluding) 25","Undergraduate student (BSc not yet finished)","Computer science","less than or equal 1 year","2",2,2,1,1,7,7,"True",2849,1,,1499.0,1868.0,369.0,392.0,2975.0,"OK"
"between 18 and (excluding) 25","Undergraduate student (BSc not yet finished)","Computer science","less than or equal 1 year","2",3,1,1,1,3,3,"True",1820,1,,1820.0,2055.0,235.0,1115.0,2760.0,"OK"
"between 18 and (excluding) 25","Undergraduate student (BSc not yet finished)","Computer science","less than or equal 1 year","10",4,0,1,1,3,3,"True",2467,1,,2467.0,3121.0,654.0,505.0,5083.0,"OK"
"between 18 and (excluding) 25","Undergraduate student (BSc not yet finished)","Computer science","less than or equal 1 year","6",6,2,1,1,3,3,"True",1273,1,,1273.0,1811.0,538.0,-341.0,3425.0,"OK"
"between 18 and (excluding) 25","Undergraduate student (BSc not yet finished)","Computer science","less than or equal 1 year","8",6,2,1,1,5,5,"True",1522,1,,1311.0,1522.0,211.0,678.0,2155.0,"OK"
"between 18 and (excluding) 25","Undergraduate student (BSc not yet finished)","Computer science","less than or equal 1 year","4",6,2,1,1,5,5,"True",1438,1,,1438.0,1730.0,292.0,562.0,2606.0,"OK"
"between 18 and (excluding) 25","Undergraduate student (BSc not yet finished)","Computer science","less than or equal 1 year","4",3,1,1,1,1,1,"True",1429,1,,1652.0,2504.0,852.0,-904.0,5060.0,"OK"
"between 18 and (excluding) 25","Undergraduate student (BSc not yet finished)","Computer science","less than or equal 1 year","2",5,1,1,1,4,4,"True",2978,1,,2033.0,2676.0,643.0,104.0,4605.0,"OK"
"between 18 and (excluding) 25","Undergraduate student (BSc not yet finished)","Computer science","less than or equal 1 year","4",1,3,1,1,5,5,"True",1445,1,,1191.0,1445.0,254.0,429.0,2207.0,"OK"
"between 18 and (excluding) 25","Undergraduate student (BSc not yet finished)","Computer science","less than or equal 1 year","4",1,3,1,1,6,6,"True",1500,1,,1191.0,1445.0,254.0,429.0,2207.0,"OK"
"between 18 and (excluding) 25","Undergraduate student (BSc not yet finished)","Computer science","less than or equal 1 year","10",2,2,1,1,3,3,"True",1597,1,,1548.0,1597.0,49.0,1401.0,1744.0,"OK"
"between 18 and (excluding) 25","Undergraduate student (BSc not yet finished)","Computer science","less than or equal 1 year","10",4,0,1,1,5,5,"True",3105,1,,2467.0,3121.0,654.0,505.0,5083.0,"OK"
"between 18 and (excluding) 25","Undergraduate student (BSc not yet finished)","Computer science","less than or equal 1 year","6",2,2,1,1,6,6,"True",3093,1,,1364.0,1882.0,518.0,-190.0,3436.0,"OK"
"between 18 and (excluding) 25","Undergraduate student (BSc not yet finished)","Computer science","less than or equal 1 year","Dynamic",2,2,1,1,3,3,"True",1717,1,,1193.0,1565.0,372.0,77.0,2681.0,"OK"
"between 18 and (excluding) 25","Undergraduate student (BSc not yet finished)","Computer science","less than or equal 1 year","4",5,1,1,1,4,4,"True",3048,1,,1680.0,2256.0,576.0,-48.0,3984.0,"OK"
"between 18 and (excluding) 25","Undergraduate student (BSc not yet finished)","Computer science","less than or equal 1 year","10",6,2,1,1,4,4,"True",1431,1,,1560.0,1992.0,432.0,264.0,3288.0,"OK"
"between 18 and (excluding) 25","Undergraduate student (BSc not yet finished)","Computer science","less than or equal 1 year","6",5,1,1,1,1,1,"True",1651,1,,1651.0,1935.0,284.0,799.0,2787.0,"OK"
"between 18 and (excluding) 25","Undergraduate student (BSc not yet finished)","Computer science","less than or equal 1 year","2",2,2,1,1,1,1,"True",983,1,,1499.0,1868.0,369.0,392.0,2975.0,"OK"
"between 18 and (excluding) 25","Undergraduate student (BSc not yet finished)","Computer science","less than or equal 1 year","2",1,3,1,1,5,5,"True",1355,1,,1355.0,1450.0,95.0,1070.0,1735.0,"OK"
"between 18 and (excluding) 25","Undergraduate student (BSc not yet finished)","Computer science","less than or equal 1 year","6",5,1,1,1,6,6,"True",2032,1,,1651.0,1935.0,284.0,799.0,2787.0,"OK"
"between 18 and (excluding) 25","Undergraduate student (BSc not yet finished)","Computer science","less than or equal 1 year","10",4,0,1,1,1,1,"True",3121,1,,2467.0,3121.0,654.0,505.0,5083.0,"OK"
"between 18 and (excluding) 25","Undergraduate student (BSc not yet finished)","Computer science","less than or equal 1 year","4",7,3,1,1,1,1,"True",966,1,,1250.0,1408.0,158.0,776.0,1882.0,"OK"
"between 18 and (excluding) 25","Undergraduate student (BSc not yet finished)","Computer science","less than or equal 1 year","Dynamic",6,2,1,1,2,2,"True",1256,1,,1492.0,1720.0,228.0,808.0,2404.0,"OK"
"between 18 and (excluding) 25","Undergraduate student (BSc not yet finished)","Computer science","less than or equal 1 year","2",6,2,0,1,2,1,"False",1147,1,,1332.0,1685.0,353.0,273.0,2744.0,"OK"
"between 18 and (excluding) 25","Undergraduate student (BSc not yet finished)","Computer science","less than or equal 1 year","Dynamic",5,1,1,1,2,2,"True",2230,1,,1092.0,2113.0,1021.0,-1971.0,5176.0,"OK"
"between 18 and (excluding) 25","Undergraduate student (BSc not yet finished)","Computer science","less than or equal 1 year","10",5,1,1,1,3,3,"True",1600,1,,1710.0,2154.0,444.0,378.0,3486.0,"OK"
"between 18 and (excluding) 25","Undergraduate student (BSc not yet finished)","Computer science","less than or equal 1 year","Dynamic",4,0,1,1,2,2,"True",3690,1,,1593.0,3690.0,2097.0,-4698.0,9981.0,"OK"
"between 18 and (excluding) 25","Undergraduate student (BSc not yet finished)","Computer science","less than or equal 1 year","6",1,3,1,1,2,2,"True",1576,1,,1244.0,1576.0,332.0,248.0,2572.0,"OK"
"between 18 and (excluding) 25","Undergraduate student (BSc not yet finished)","Computer science","less than or equal 1 year","6",7,3,1,1,5,5,"True",1471,1,,1339.0,1386.0,47.0,1198.0,1527.0,"OK"
"between 18 and (excluding) 25","Undergraduate student (BSc not yet finished)","Computer science","less than or equal 1 year","10",7,3,1,1,4,4,"True",1750,1,,1341.0,1750.0,409.0,114.0,2977.0,"OK"
"between 18 and (excluding) 25","Undergraduate student (BSc not yet finished)","Computer science","less than or equal 1 year","10",2,2,1,1,4,4,"True",1152,1,,1548.0,1597.0,49.0,1401.0,1744.0,"Outlier"
"between 18 and (excluding) 25","Undergraduate student (BSc not yet finished)","Computer science","less than or equal 1 year","4",1,3,1,1,2,2,"True",1191,1,,1191.0,1445.0,254.0,429.0,2207.0,"OK"
"between 18 and (excluding) 25","Undergraduate student (BSc not yet finished)","Computer science","less than or equal 1 year","2",3,1,1,1,2,2,"True",1838,1,,1820.0,2055.0,235.0,1115.0,2760.0,"OK"
"between 18 and (excluding) 25","Undergraduate student (BSc not yet finished)","Computer science","less than or equal 1 year","6",4,0,1,1,5,5,"True",2289,1,,1489.0,2325.0,836.0,-1019.0,4833.0,"OK"
"between 18 and (excluding) 25","Undergraduate student (BSc not yet finished)","Computer science","less than or equal 1 year","4",6,2,1,1,2,2,"True",1462,1,,1438.0,1730.0,292.0,562.0,2606.0,"OK"
"between 18 and (excluding) 25","Undergraduate student (BSc not yet finished)","Computer science","less than or equal 1 year","10",3,1,1,1,1,1,"True",1277,1,,1453.0,2051.0,598.0,-341.0,3845.0,"OK"
"between 18 and (excluding) 25","Undergraduate student (BSc not yet finished)","Computer science","less than or equal 1 year","Dynamic",2,2,1,1,3,3,"True",1193,1,,1193.0,1565.0,372.0,77.0,2681.0,"OK"
"between 18 and (excluding) 25","Undergraduate student (BSc not yet finished)","Computer science","less than or equal 1 year","2",5,1,1,1,7,7,"True",2676,1,,2033.0,2676.0,643.0,104.0,4605.0,"OK"
"between 18 and (excluding) 25","Undergraduate student (BSc not yet finished)","Computer science","less than or equal 1 year","Dynamic",2,2,1,1,3,3,"True",1037,1,,1193.0,1565.0,372.0,77.0,2681.0,"OK"
"between 18 and (excluding) 25","Undergraduate student (BSc not yet finished)","Computer science","less than or equal 1 year","Dynamic",6,2,1,1,7,7,"True",1720,1,,1492.0,1720.0,228.0,808.0,2404.0,"OK"
"between 18 and (excluding) 25","Undergraduate student (BSc not yet finished)","Computer science","less than or equal 1 year","2",3,1,0,1,4,3,"False",2118,1,,1820.0,2055.0,235.0,1115.0,2760.0,"OK"
"between 18 and (excluding) 25","Undergraduate student (BSc not yet finished)","Computer science","less than or equal 1 year","Dynamic",3,1,1,1,4,4,"True",2351,1,,1132.0,1626.0,494.0,-350.0,3108.0,"OK"
"between 18 and (excluding) 25","Undergraduate student (BSc not yet finished)","Computer science","less than or equal 1 year","4",7,3,1,1,5,5,"True",1250,1,,1250.0,1408.0,158.0,776.0,1882.0,"OK"
"between 18 and (excluding) 25","Undergraduate student (BSc not yet finished)","Computer science","less than or equal 1 year","8",2,2,1,1,6,6,"True",1426,1,,1230.0,1426.0,196.0,642.0,2014.0,"OK"
"between 18 and (excluding) 25","Undergraduate student (BSc not yet finished)","Computer science","less than or equal 1 year","Dynamic",5,1,1,1,2,2,"True",1994,1,,1092.0,2113.0,1021.0,-1971.0,5176.0,"OK"
"between 18 and (excluding) 25","Undergraduate student (BSc not yet finished)","Computer science","less than or equal 1 year","4",5,1,1,1,7,7,"True",2256,1,,1680.0,2256.0,576.0,-48.0,3984.0,"OK"
"between 18 and (excluding) 25","Undergraduate student (BSc not yet finished)","Computer science","less than or equal 1 year","10",6,2,1,1,2,2,"True",1992,1,,1560.0,1992.0,432.0,264.0,3288.0,"OK"
"between 18 and (excluding) 25","Undergraduate student (BSc not yet finished)","Computer science","less than or equal 1 year","4",3,1,1,1,5,5,"True",2504,1,,1652.0,2504.0,852.0,-904.0,5060.0,"OK"
"between 18 and (excluding) 25","Undergraduate student (BSc not yet finished)","Computer science","less than or equal 1 year","6",1,3,0,1,4,3,"False",2040,1,,1244.0,1576.0,332.0,248.0,2572.0,"OK"
"between 18 and (excluding) 25","Undergraduate student (BSc not yet finished)","Computer science","less than or equal 1 year","8",7,3,1,1,1,1,"True",1034,1,,1034.0,1665.0,631.0,-859.0,3558.0,"OK"
"between 18 and (excluding) 25","Undergraduate student (BSc not yet finished)","Computer science","less than or equal 1 year","2",5,1,1,1,5,5,"True",2033,1,,2033.0,2676.0,643.0,104.0,4605.0,"OK"
"between 18 and (excluding) 25","Undergraduate student (BSc not yet finished)","Computer science","less than or equal 1 year","4",5,1,1,1,3,3,"True",1690,1,,1680.0,2256.0,576.0,-48.0,3984.0,"OK"
"between 18 and (excluding) 25","Undergraduate student (BSc not yet finished)","Computer science","less than or equal 1 year","2",2,2,1,1,6,6,"True",1499,1,,1499.0,1868.0,369.0,392.0,2975.0,"OK"
"between 18 and (excluding) 25","Undergraduate student (BSc not yet finished)","Computer science","less than or equal 1 year","8",7,3,1,1,2,2,"True",1665,1,,1034.0,1665.0,631.0,-859.0,3558.0,"OK"
"between 18 and (excluding) 25","Undergraduate student (BSc not yet finished)","Computer science","less than or equal 1 year","8",1,3,1,1,1,1,"True",932,1,,1062.0,1304.0,242.0,336.0,2030.0,"OK"
"between 18 and (excluding) 25","Undergraduate student (BSc not yet finished)","Computer science","less than or equal 1 year","10",7,3,1,1,7,7,"True",1437,1,,1341.0,1750.0,409.0,114.0,2977.0,"OK"
"between 18 and (excluding) 25","Undergraduate student (BSc not yet finished)","Computer science","less than or equal 1 year","Dynamic",3,1,1,1,7,7,"True",1626,1,,1132.0,1626.0,494.0,-350.0,3108.0,"OK"
"between 18 and (excluding) 25","Undergraduate student (BSc not yet finished)","Computer science","less than or equal 1 year","2",7,3,1,1,7,7,"True",1448,1,,1357.0,1448.0,91.0,1084.0,1721.0,"OK"
"between 18 and (excluding) 25","Undergraduate student (BSc not yet finished)","Computer science","less than or equal 1 year","4",2,2,1,1,2,2,"True",1312,1,,1294.0,1387.0,93.0,1015.0,1666.0,"OK"
"between 18 and (excluding) 25","Undergraduate student (BSc not yet finished)","Computer science","less than or equal 1 year","8",3,1,1,1,4,4,"True",2631,1,,1326.0,2372.0,1046.0,-1812.0,5510.0,"OK"
"between 18 and (excluding) 25","Undergraduate student (BSc not yet finished)","Computer science","less than or equal 1 year","8",5,1,0,1,2,1,"False",1479,1,,1579.0,2184.0,605.0,-236.0,3999.0,"OK"
"between 18 and (excluding) 25","Undergraduate student (BSc not yet finished)","Computer science","less than or equal 1 year","Dynamic",1,3,1,1,7,7,"True",2423,1,,833.0,1324.0,491.0,-640.0,2797.0,"OK"
"between 18 and (excluding) 25","Undergraduate student (BSc not yet finished)","Computer science","less than or equal 1 year","6",5,1,1,1,5,5,"True",1935,1,,1651.0,1935.0,284.0,799.0,2787.0,"OK"
"between 18 and (excluding) 25","Undergraduate student (BSc not yet finished)","Computer science","less than or equal 1 year","Dynamic",7,3,1,1,5,5,"True",1774,1,,1107.0,1774.0,667.0,-894.0,3775.0,"OK"
"between 18 and (excluding) 25","Undergraduate student (BSc not yet finished)","Computer science","less than or equal 1 year","4",7,3,1,1,7,7,"True",1408,1,,1250.0,1408.0,158.0,776.0,1882.0,"OK"
"between 18 and (excluding) 25","Undergraduate student (BSc not yet finished)","Computer science","less than or equal 1 year","2",7,3,1,1,7,7,"True",1357,1,,1357.0,1448.0,91.0,1084.0,1721.0,"OK"
"between 18 and (excluding) 25","Undergraduate student (BSc not yet finished)","Computer science","less than or equal 1 year","6",3,1,1,1,1,1,"True",1473,1,,1113.0,1556.0,443.0,-216.0,2885.0,"OK"
"between 18 and (excluding) 25","Undergraduate student (BSc not yet finished)","Computer science","less than or equal 1 year","4",3,1,1,1,7,7,"True",2034,1,,1652.0,2504.0,852.0,-904.0,5060.0,"OK"
"between 18 and (excluding) 25","Undergraduate student (BSc not yet finished)","Computer science","less than or equal 1 year","4",3,1,1,1,3,3,"True",1652,1,,1652.0,2504.0,852.0,-904.0,5060.0,"OK"
"between 18 and (excluding) 25","Undergraduate student (BSc not yet finished)","Computer science","less than or equal 1 year","8",2,2,1,1,5,5,"True",1481,1,,1230.0,1426.0,196.0,642.0,2014.0,"OK"
"between 18 and (excluding) 25","Undergraduate student (BSc not yet finished)","Computer science","less than or equal 1 year","Dynamic",2,2,1,1,7,7,"True",1565,1,,1193.0,1565.0,372.0,77.0,2681.0,"OK"
"between 18 and (excluding) 25","Undergraduate student (BSc not yet finished)","Computer science","less than or equal 1 year","4",2,2,1,1,1,1,"True",1219,1,,1294.0,1387.0,93.0,1015.0,1666.0,"OK"
"between 18 and (excluding) 25","Undergraduate student (BSc not yet finished)","Computer science","less than or equal 1 year","10",1,3,1,1,7,7,"True",1392,1,,1392.0,1442.0,50.0,1242.0,1592.0,"OK"
"between 18 and (excluding) 25","Undergraduate student (BSc not yet finished)","Computer science","less than or equal 1 year","Dynamic",6,2,1,1,7,7,"True",1665,1,,1492.0,1720.0,228.0,808.0,2404.0,"OK"
"between 18 and (excluding) 25","Undergraduate student (BSc not yet finished)","Computer science","less than or equal 1 year","8",4,0,1,1,1,1,"True",3440,1,,2605.0,3440.0,835.0,100.0,5945.0,"OK"
"between 18 and (excluding) 25","Undergraduate student (BSc not yet finished)","Computer science","less than or equal 1 year","8",4,0,1,1,3,3,"True",2416,1,,2605.0,3440.0,835.0,100.0,5945.0,"OK"
"between 18 and (excluding) 25","Undergraduate student (BSc not yet finished)","Computer science","less than or equal 1 year","10",3,1,1,1,5,5,"True",1744,1,,1453.0,2051.0,598.0,-341.0,3845.0,"OK"
"between 18 and (excluding) 25","Undergraduate student (BSc not yet finished)","Computer science","less than or equal 1 year","Dynamic",4,0,1,1,3,3,"True",3132,1,,1593.0,3690.0,2097.0,-4698.0,9981.0,"OK"
"between 18 and (excluding) 25","Undergraduate student (BSc not yet finished)","Computer science","less than or equal 1 year","2",7,3,1,1,6,6,"True",1738,1,,1357.0,1448.0,91.0,1084.0,1721.0,"Outlier"
"between 18 and (excluding) 25","Undergraduate student (BSc not yet finished)","Computer science","less than or equal 1 year","8",7,3,1,1,1,1,"True",946,1,,1034.0,1665.0,631.0,-859.0,3558.0,"OK"
"between 18 and (excluding) 25","Undergraduate student (BSc not yet finished)","Computer science","less than or equal 1 year","2",4,0,0,1,5,3,"False",3626,1,,2844.0,3626.0,782.0,498.0,5972.0,"OK"
"between 18 and (excluding) 25","Undergraduate student (BSc not yet finished)","Computer science","less than or equal 1 year","Dynamic",5,1,1,1,3,3,"True",2113,1,,1092.0,2113.0,1021.0,-1971.0,5176.0,"OK"
"between 18 and (excluding) 25","Undergraduate student (BSc not yet finished)","Computer science","less than or equal 1 year","Dynamic",7,3,1,1,3,3,"True",1107,1,,1107.0,1774.0,667.0,-894.0,3775.0,"OK"
"between 18 and (excluding) 25","Undergraduate student (BSc not yet finished)","Computer science","less than or equal 1 year","Dynamic",7,3,1,1,1,1,"True",962,1,,1107.0,1774.0,667.0,-894.0,3775.0,"OK"
"between 18 and (excluding) 25","Undergraduate student (BSc not yet finished)","Computer science","less than or equal 1 year","Dynamic",7,3,1,1,2,2,"True",1109,1,,1107.0,1774.0,667.0,-894.0,3775.0,"OK"
"between 18 and (excluding) 25","Undergraduate student (BSc not yet finished)","Computer science","less than or equal 1 year","6",3,1,1,1,5,5,"True",1696,1,,1113.0,1556.0,443.0,-216.0,2885.0,"OK"
"between 18 and (excluding) 25","Undergraduate student (BSc not yet finished)","Computer science","less than or equal 1 year","10",7,3,1,1,6,6,"True",1341,1,,1341.0,1750.0,409.0,114.0,2977.0,"OK"
"between 18 and (excluding) 25","Undergraduate student (BSc not yet finished)","Computer science","less than or equal 1 year","4",1,3,1,1,6,6,"True",1397,1,,1191.0,1445.0,254.0,429.0,2207.0,"OK"
"between 18 and (excluding) 25","Undergraduate student (BSc not yet finished)","Computer science","less than or equal 1 year","6",2,2,1,1,1,1,"True",1139,1,,1364.0,1882.0,518.0,-190.0,3436.0,"OK"
"between 18 and (excluding) 25","Undergraduate student (BSc not yet finished)","Computer science","less than or equal 1 year","6",6,2,1,1,5,5,"True",1701,1,,1273.0,1811.0,538.0,-341.0,3425.0,"OK"
"between 18 and (excluding) 25","Undergraduate student (BSc not yet finished)","Computer science","less than or equal 1 year","4",2,2,1,1,3,3,"True",1387,1,,1294.0,1387.0,93.0,1015.0,1666.0,"OK"
"between 18 and (excluding) 25","Undergraduate student (BSc not yet finished)","Computer science","less than or equal 1 year","10",5,1,1,1,4,4,"True",1710,1,,1710.0,2154.0,444.0,378.0,3486.0,"OK"
"between 18 and (excluding) 25","Undergraduate student (BSc not yet finished)","Computer science","less than or equal 1 year","8",4,0,1,1,5,5,"True",3023,1,,2605.0,3440.0,835.0,100.0,5945.0,"OK"
"between 18 and (excluding) 25","Undergraduate student (BSc not yet finished)","Computer science","less than or equal 1 year","10",3,1,1,1,4,4,"True",2051,1,,1453.0,2051.0,598.0,-341.0,3845.0,"OK"
"between 18 and (excluding) 25","Undergraduate student (BSc not yet finished)","Computer science","less than or equal 1 year","10",2,2,1,1,7,7,"True",1548,1,,1548.0,1597.0,49.0,1401.0,1744.0,"OK"
"between 18 and (excluding) 25","Undergraduate student (BSc not yet finished)","Computer science","less than or equal 1 year","8",2,2,1,1,1,1,"True",1128,1,,1230.0,1426.0,196.0,642.0,2014.0,"OK"
"between 18 and (excluding) 25","Undergraduate student (BSc not yet finished)","Computer science","less than or equal 1 year","Dynamic",7,3,1,1,7,7,"True",1869,1,,1107.0,1774.0,667.0,-894.0,3775.0,"OK"
"between 18 and (excluding) 25","Undergraduate student (BSc not yet finished)","Computer science","less than or equal 1 year","6",7,3,1,1,1,1,"True",1386,1,,1339.0,1386.0,47.0,1198.0,1527.0,"OK"
"between 18 and (excluding) 25","Undergraduate student (BSc not yet finished)","Computer science","less than or equal 1 year","2",7,3,1,1,3,3,"True",1410,1,,1357.0,1448.0,91.0,1084.0,1721.0,"OK"
"between 18 and (excluding) 25","Undergraduate student (BSc not yet finished)","Computer science","less than or equal 1 year","Dynamic",4,0,1,1,5,5,"True",1593,1,,1593.0,3690.0,2097.0,-4698.0,9981.0,"OK"
"between 18 and (excluding) 25","Undergraduate student (BSc not yet finished)","Computer science","less than or equal 1 year","Dynamic",5,1,1,1,1,1,"True",1092,1,,1092.0,2113.0,1021.0,-1971.0,5176.0,"OK"
"between 18 and (excluding) 25","Undergraduate student (BSc not yet finished)","Computer science","less than or equal 1 year","Dynamic",3,1,1,1,2,2,"True",878,1,,1132.0,1626.0,494.0,-350.0,3108.0,"OK"
"between 18 and (excluding) 25","Undergraduate student (BSc not yet finished)","Computer science","less than or equal 1 year","2",2,2,1,1,5,5,"True",1868,1,,1499.0,1868.0,369.0,392.0,2975.0,"OK"
"between 18 and (excluding) 25","Undergraduate student (BSc not yet finished)","Computer science","less than or equal 1 year","6",1,3,1,1,2,2,"True",1239,1,,1244.0,1576.0,332.0,248.0,2572.0,"OK"
"between 18 and (excluding) 25","Undergraduate student (BSc not yet finished)","Computer science","less than or equal 1 year","Dynamic",1,3,1,1,1,1,"True",712,1,,833.0,1324.0,491.0,-640.0,2797.0,"OK"
"between 18 and (excluding) 25","Undergraduate student (BSc not yet finished)","Computer science","less than or equal 1 year","Dynamic",3,1,0,1,4,5,"False",1132,1,,1132.0,1626.0,494.0,-350.0,3108.0,"OK"
"between 18 and (excluding) 25","Undergraduate student (BSc not yet finished)","Computer science","less than or equal 1 year","10",4,0,1,1,2,2,"True",1929,1,,2467.0,3121.0,654.0,505.0,5083.0,"OK"
"between 18 and (excluding) 25","Undergraduate student (BSc not yet finished)","Computer science","less than or equal 1 year","Dynamic",4,0,1,1,3,3,"True",1329,1,,1593.0,3690.0,2097.0,-4698.0,9981.0,"OK"
"between 18 and (excluding) 25","Undergraduate student (BSc not yet finished)","Computer science","less than or equal 1 year","2",1,3,1,1,2,2,"True",1217,1,,1355.0,1450.0,95.0,1070.0,1735.0,"OK"
"between 18 and (excluding) 25","Undergraduate student (BSc not yet finished)","Computer science","less than or equal 1 year","6",4,0,1,1,2,2,"True",1489,1,,1489.0,2325.0,836.0,-1019.0,4833.0,"OK"
"between 18 and (excluding) 25","Undergraduate student (BSc not yet finished)","Computer science","less than or equal 1 year","8",6,2,1,1,7,7,"True",1358,1,,1311.0,1522.0,211.0,678.0,2155.0,"OK"
"between 18 and (excluding) 25","Undergraduate student (BSc not yet finished)","Computer science","less than or equal 1 year","2",5,1,1,1,4,4,"True",2543,1,,2033.0,2676.0,643.0,104.0,4605.0,"OK"
"between 18 and (excluding) 25","Undergraduate student (BSc not yet finished)","Computer science","less than or equal 1 year","6",6,2,1,1,2,2,"True",1133,1,,1273.0,1811.0,538.0,-341.0,3425.0,"OK"
"between 18 and (excluding) 25","Undergraduate student (BSc not yet finished)","Computer science","less than or equal 1 year","8",2,2,1,1,2,2,"True",1230,1,,1230.0,1426.0,196.0,642.0,2014.0,"OK"
"between 18 and (excluding) 25","Undergraduate student (BSc not yet finished)","Computer science","less than or equal 1 year","8",7,3,1,1,4,4,"True",1510,1,,1034.0,1665.0,631.0,-859.0,3558.0,"OK"
"between 18 and (excluding) 25","Undergraduate student (BSc not yet finished)","Computer science","less than or equal 1 year","Dynamic",6,2,1,1,5,5,"True",1492,1,,1492.0,1720.0,228.0,808.0,2404.0,"OK"
"between 18 and (excluding) 25","Undergraduate student (BSc not yet finished)","Computer science","less than or equal 1 year","4",4,0,1,1,7,7,"True",2069,1,,2084.0,3125.0,1041.0,-1039.0,6248.0,"OK"
"between 18 and (excluding) 25","Undergraduate student (BSc not yet finished)","Computer science","less than or equal 1 year","4",2,2,1,1,2,2,"True",1417,1,,1294.0,1387.0,93.0,1015.0,1666.0,"OK"
"between 18 and (excluding) 25","Undergraduate student (BSc not yet finished)","Computer science","less than or equal 1 year","4",5,1,1,1,1,1,"True",1655,1,,1680.0,2256.0,576.0,-48.0,3984.0,"OK"
"between 18 and (excluding) 25","Undergraduate student (BSc not yet finished)","Computer science","less than or equal 1 year","8",1,3,1,1,6,6,"True",1453,1,,1062.0,1304.0,242.0,336.0,2030.0,"OK"
"between 18 and (excluding) 25","Undergraduate student (BSc not yet finished)","Computer science","less than or equal 1 year","10",6,2,1,1,7,7,"True",1601,1,,1560.0,1992.0,432.0,264.0,3288.0,"OK"
"between 18 and (excluding) 25","Undergraduate student (BSc not yet finished)","Computer science","less than or equal 1 year","10",2,2,1,1,4,4,"True",1577,1,,1548.0,1597.0,49.0,1401.0,1744.0,"OK"
"between 18 and (excluding) 25","Undergraduate student (BSc not yet finished)","Computer science","less than or equal 1 year","2",3,1,1,1,2,2,"True",1736,1,,1820.0,2055.0,235.0,1115.0,2760.0,"OK"
"between 18 and (excluding) 25","Undergraduate student (BSc not yet finished)","Computer science","less than or equal 1 year","8",1,3,0,1,4,5,"False",1304,1,,1062.0,1304.0,242.0,336.0,2030.0,"OK"
"between 18 and (excluding) 25","Undergraduate student (BSc not yet finished)","Computer science","less than or equal 1 year","2",3,1,1,1,7,7,"True",2055,1,,1820.0,2055.0,235.0,1115.0,2760.0,"OK"
"between 18 and (excluding) 25","Undergraduate student (BSc not yet finished)","Computer science","less than or equal 1 year","6",3,1,1,1,4,4,"True",1556,1,,1113.0,1556.0,443.0,-216.0,2885.0,"OK"
"between 18 and (excluding) 25","Undergraduate student (BSc not yet finished)","Computer science","less than or equal 1 year","6",1,3,1,1,6,6,"True",1244,1,,1244.0,1576.0,332.0,248.0,2572.0,"OK"
"between 18 and (excluding) 25","Undergraduate student (BSc not yet finished)","Computer science","less than or equal 1 year","6",2,2,1,1,5,5,"True",1364,1,,1364.0,1882.0,518.0,-190.0,3436.0,"OK"
"between 18 and (excluding) 25","Undergraduate student (BSc not yet finished)","Computer science","less than or equal 1 year","Dynamic",3,1,1,1,3,3,"True",1293,1,,1132.0,1626.0,494.0,-350.0,3108.0,"OK"
"between 18 and (excluding) 25","Undergraduate student (BSc not yet finished)","Computer science","less than or equal 1 year","4",1,3,1,1,3,3,"True",1159,1,,1191.0,1445.0,254.0,429.0,2207.0,"OK"
"between 18 and (excluding) 25","Undergraduate student (BSc not yet finished)","Computer science","less than or equal 1 year","6",3,1,1,1,4,4,"True",1069,1,,1113.0,1556.0,443.0,-216.0,2885.0,"OK"
"between 18 and (excluding) 25","Undergraduate student (BSc not yet finished)","Computer science","less than or equal 1 year","Dynamic",1,3,1,1,7,7,"True",1168,1,,833.0,1324.0,491.0,-640.0,2797.0,"OK"
"between 18 and (excluding) 25","Undergraduate student (BSc not yet finished)","Computer science","less than or equal 1 year","6",3,1,1,1,3,3,"True",1113,1,,1113.0,1556.0,443.0,-216.0,2885.0,"OK"
"between 18 and (excluding) 25","Undergraduate student (BSc not yet finished)","Computer science","less than or equal 1 year","6",7,3,1,1,3,3,"True",1034,1,,1339.0,1386.0,47.0,1198.0,1527.0,"Outlier"
"between 18 and (excluding) 25","Undergraduate student (BSc not yet finished)","Computer science","less than or equal 1 year","8",3,1,1,1,1,1,"True",949,1,,1326.0,2372.0,1046.0,-1812.0,5510.0,"OK"
"between 18 and (excluding) 25","Undergraduate student (BSc not yet finished)","Computer science","less than or equal 1 year","4",2,2,1,1,4,4,"True",1294,1,,1294.0,1387.0,93.0,1015.0,1666.0,"OK"
"between 18 and (excluding) 25","Undergraduate student (BSc not yet finished)","Computer science","less than or equal 1 year","8",6,2,1,1,3,3,"True",1107,1,,1311.0,1522.0,211.0,678.0,2155.0,"OK"
"between 18 and (excluding) 25","Undergraduate student (BSc not yet finished)","Computer science","less than or equal 1 year","4",7,3,1,1,6,6,"True",1464,1,,1250.0,1408.0,158.0,776.0,1882.0,"OK"
"between 18 and (excluding) 25","Undergraduate student (BSc not yet finished)","Computer science","less than or equal 1 year","Dynamic",5,1,1,1,1,1,"True",888,1,,1092.0,2113.0,1021.0,-1971.0,5176.0,"OK"
"between 18 and (excluding) 25","Undergraduate student (BSc not yet finished)","Computer science","less than or equal 1 year","6",5,1,1,1,4,4,"True",1157,1,,1651.0,1935.0,284.0,799.0,2787.0,"OK"
"between 18 and (excluding) 25","Undergraduate student (BSc not yet finished)","Computer science","less than or equal 1 year","8",2,2,1,1,5,5,"True",1305,1,,1230.0,1426.0,196.0,642.0,2014.0,"OK"
"between 18 and (excluding) 25","Undergraduate student (BSc not yet finished)","Computer science","less than or equal 1 year","6",4,0,1,1,4,4,"True",1028,1,,1489.0,2325.0,836.0,-1019.0,4833.0,"OK"
"between 18 and (excluding) 25","Undergraduate student (BSc not yet finished)","Computer science","more than 3 years, but less than or equal 5 year","4",4,0,1,1,1,1,"True",2165,2,,2165.0,2821.0,656.0,197.0,4789.0,"OK"
"between 18 and (excluding) 25","Undergraduate student (BSc not yet finished)","Computer science","more than 3 years, but less than or equal 5 year","4",7,3,1,1,3,3,"True",1012,2,,1012.0,1480.0,468.0,-392.0,2884.0,"OK"
"between 18 and (excluding) 25","Undergraduate student (BSc not yet finished)","Computer science","more than 3 years, but less than or equal 5 year","2",7,3,1,1,2,2,"True",1127,2,,1127.0,1652.0,525.0,-448.0,3227.0,"OK"
"between 18 and (excluding) 25","Undergraduate student (BSc not yet finished)","Computer science","more than 3 years, but less than or equal 5 year","2",4,0,1,1,2,2,"True",2476,2,,2383.0,3253.0,870.0,-227.0,5863.0,"OK"
"between 18 and (excluding) 25","Undergraduate student (BSc not yet finished)","Computer science","more than 3 years, but less than or equal 5 year","8",4,0,1,1,5,5,"True",1913,2,,1449.0,1913.0,464.0,57.0,3305.0,"OK"
"between 18 and (excluding) 25","Undergraduate student (BSc not yet finished)","Computer science","more than 3 years, but less than or equal 5 year","10",1,3,1,1,3,3,"True",1805,2,,1526.0,1856.0,330.0,536.0,2846.0,"OK"
"between 18 and (excluding) 25","Undergraduate student (BSc not yet finished)","Computer science","more than 3 years, but less than or equal 5 year","8",5,1,1,1,3,3,"True",1648,2,,1576.0,1757.0,181.0,1033.0,2300.0,"OK"
"between 18 and (excluding) 25","Undergraduate student (BSc not yet finished)","Computer science","more than 3 years, but less than or equal 5 year","4",5,1,1,1,1,1,"True",1481,2,,1695.0,1730.0,35.0,1590.0,1835.0,"Outlier"
"between 18 and (excluding) 25","Undergraduate student (BSc not yet finished)","Computer science","more than 3 years, but less than or equal 5 year","10",1,3,1,1,7,7,"True",1992,2,,1526.0,1856.0,330.0,536.0,2846.0,"OK"
"between 18 and (excluding) 25","Undergraduate student (BSc not yet finished)","Computer science","more than 3 years, but less than or equal 5 year","2",2,2,1,1,5,5,"True",3378,2,,1433.0,2027.0,594.0,-349.0,3809.0,"OK"
"between 18 and (excluding) 25","Undergraduate student (BSc not yet finished)","Computer science","more than 3 years, but less than or equal 5 year","4",6,2,1,1,5,5,"True",1856,2,,1711.0,1856.0,145.0,1276.0,2291.0,"OK"
"between 18 and (excluding) 25","Undergraduate student (BSc not yet finished)","Computer science","more than 3 years, but less than or equal 5 year","2",6,2,0,1,6,5,"False",3160,2,,2289.0,3160.0,871.0,-324.0,5773.0,"OK"
"between 18 and (excluding) 25","Undergraduate student (BSc not yet finished)","Computer science","more than 3 years, but less than or equal 5 year","6",5,1,1,1,3,3,"True",3473,2,,1730.0,2570.0,840.0,-790.0,5090.0,"OK"
"between 18 and (excluding) 25","Undergraduate student (BSc not yet finished)","Computer science","more than 3 years, but less than or equal 5 year","10",2,2,1,1,6,6,"True",1964,2,,1715.0,1964.0,249.0,968.0,2711.0,"OK"
"between 18 and (excluding) 25","Undergraduate student (BSc not yet finished)","Computer science","more than 3 years, but less than or equal 5 year","Dynamic",2,2,1,1,7,7,"True",1680,2,,1216.0,1680.0,464.0,-176.0,3072.0,"OK"
"between 18 and (excluding) 25","Undergraduate student (BSc not yet finished)","Computer science","more than 3 years, but less than or equal 5 year","2",6,2,0,1,6,4,"False",3676,2,,2289.0,3160.0,871.0,-324.0,5773.0,"OK"
"between 18 and (excluding) 25","Undergraduate student (BSc not yet finished)","Computer science","more than 3 years, but less than or equal 5 year","4",4,0,1,1,6,6,"True",5920,2,,2165.0,2821.0,656.0,197.0,4789.0,"Outlier"
"between 18 and (excluding) 25","Undergraduate student (BSc not yet finished)","Computer science","more than 3 years, but less than or equal 5 year","2",5,1,1,1,2,2,"True",6637,2,,3379.0,3986.0,607.0,1558.0,5807.0,"Outlier"
"between 18 and (excluding) 25","Undergraduate student (BSc not yet finished)","Computer science","more than 3 years, but less than or equal 5 year","2",4,0,1,1,7,7,"True",5237,2,,2383.0,3253.0,870.0,-227.0,5863.0,"OK"
"between 18 and (excluding) 25","Undergraduate student (BSc not yet finished)","Computer science","more than 3 years, but less than or equal 5 year","6",7,3,1,1,7,7,"True",1982,2,,1669.0,1982.0,313.0,730.0,2921.0,"OK"
"between 18 and (excluding) 25","Undergraduate student (BSc not yet finished)","Computer science","more than 3 years, but less than or equal 5 year","6",6,2,1,1,2,2,"True",1621,2,,1372.0,1746.0,374.0,250.0,2868.0,"OK"
"between 18 and (excluding) 25","Undergraduate student (BSc not yet finished)","Computer science","more than 3 years, but less than or equal 5 year","10",4,0,1,1,1,1,"True",1805,2,,979.0,1805.0,826.0,-1499.0,4283.0,"OK"
"between 18 and (excluding) 25","Undergraduate student (BSc not yet finished)","Computer science","more than 3 years, but less than or equal 5 year","10",1,3,1,1,4,4,"True",1526,2,,1526.0,1856.0,330.0,536.0,2846.0,"OK"
"between 18 and (excluding) 25","Undergraduate student (BSc not yet finished)","Computer science","more than 3 years, but less than or equal 5 year","2",4,0,0,1,1,4,"False",2153,2,,2383.0,3253.0,870.0,-227.0,5863.0,"OK"
"between 18 and (excluding) 25","Undergraduate student (BSc not yet finished)","Computer science","more than 3 years, but less than or equal 5 year","6",4,0,1,1,3,3,"True",2822,2,,1681.0,3193.0,1512.0,-2855.0,7729.0,"OK"
"between 18 and (excluding) 25","Undergraduate student (BSc not yet finished)","Computer science","more than 3 years, but less than or equal 5 year","4",4,0,1,1,2,2,"True",1462,2,,2165.0,2821.0,656.0,197.0,4789.0,"OK"
"between 18 and (excluding) 25","Undergraduate student (BSc not yet finished)","Computer science","more than 3 years, but less than or equal 5 year","6",6,2,1,1,6,6,"True",1746,2,,1372.0,1746.0,374.0,250.0,2868.0,"OK"
"between 18 and (excluding) 25","Undergraduate student (BSc not yet finished)","Computer science","more than 3 years, but less than or equal 5 year","Dynamic",1,3,1,1,1,1,"True",1092,2,,1092.0,1417.0,325.0,117.0,2392.0,"OK"
"between 18 and (excluding) 25","Undergraduate student (BSc not yet finished)","Computer science","more than 3 years, but less than or equal 5 year","4",6,2,1,1,1,1,"True",1418,2,,1711.0,1856.0,145.0,1276.0,2291.0,"OK"
"between 18 and (excluding) 25","Undergraduate student (BSc not yet finished)","Computer science","more than 3 years, but less than or equal 5 year","10",3,1,1,1,6,6,"True",2102,2,,1554.0,2102.0,548.0,-90.0,3746.0,"OK"
"between 18 and (excluding) 25","Undergraduate student (BSc not yet finished)","Computer science","more than 3 years, but less than or equal 5 year","8",5,1,1,1,3,3,"True",1757,2,,1576.0,1757.0,181.0,1033.0,2300.0,"OK"
"between 18 and (excluding) 25","Undergraduate student (BSc not yet finished)","Computer science","more than 3 years, but less than or equal 5 year","8",1,3,1,1,2,2,"True",1684,2,,1184.0,1762.0,578.0,-550.0,3496.0,"OK"
"between 18 and (excluding) 25","Undergraduate student (BSc not yet finished)","Computer science","more than 3 years, but less than or equal 5 year","10",5,1,1,1,7,7,"True",1589,2,,1388.0,1586.0,198.0,794.0,2180.0,"OK"
"between 18 and (excluding) 25","Undergraduate student (BSc not yet finished)","Computer science","more than 3 years, but less than or equal 5 year","Dynamic",6,2,1,1,5,5,"True",1976,2,,1168.0,1586.0,418.0,-86.0,2840.0,"OK"
"between 18 and (excluding) 25","Undergraduate student (BSc not yet finished)","Computer science","more than 3 years, but less than or equal 5 year","6",4,0,1,1,1,1,"True",1403,2,,1681.0,3193.0,1512.0,-2855.0,7729.0,"OK"
"between 18 and (excluding) 25","Undergraduate student (BSc not yet finished)","Computer science","more than 3 years, but less than or equal 5 year","10",5,1,1,1,4,4,"True",1542,2,,1388.0,1586.0,198.0,794.0,2180.0,"OK"
"between 18 and (excluding) 25","Undergraduate student (BSc not yet finished)","Computer science","more than 3 years, but less than or equal 5 year","2",4,0,1,1,1,1,"True",3253,2,,2383.0,3253.0,870.0,-227.0,5863.0,"OK"
"between 18 and (excluding) 25","Undergraduate student (BSc not yet finished)","Computer science","more than 3 years, but less than or equal 5 year","10",5,1,1,1,6,6,"True",1586,2,,1388.0,1586.0,198.0,794.0,2180.0,"OK"
"between 18 and (excluding) 25","Undergraduate student (BSc not yet finished)","Computer science","more than 3 years, but less than or equal 5 year","Dynamic",1,3,1,1,5,5,"True",1811,2,,1092.0,1417.0,325.0,117.0,2392.0,"OK"
"between 18 and (excluding) 25","Undergraduate student (BSc not yet finished)","Computer science","more than 3 years, but less than or equal 5 year","2",6,2,1,1,5,5,"True",2836,2,,2289.0,3160.0,871.0,-324.0,5773.0,"OK"
"between 18 and (excluding) 25","Undergraduate student (BSc not yet finished)","Computer science","more than 3 years, but less than or equal 5 year","2",6,2,1,1,4,4,"True",2289,2,,2289.0,3160.0,871.0,-324.0,5773.0,"OK"
"between 18 and (excluding) 25","Undergraduate student (BSc not yet finished)","Computer science","more than 3 years, but less than or equal 5 year","6",2,2,1,1,6,6,"True",1944,2,,1591.0,1944.0,353.0,532.0,3003.0,"OK"
"between 18 and (excluding) 25","Undergraduate student (BSc not yet finished)","Computer science","more than 3 years, but less than or equal 5 year","Dynamic",4,0,1,1,2,2,"True",1403,2,,966.0,1403.0,437.0,-345.0,2714.0,"OK"
"between 18 and (excluding) 25","Undergraduate student (BSc not yet finished)","Computer science","more than 3 years, but less than or equal 5 year","2",1,3,1,1,5,5,"True",2493,2,,2322.0,2493.0,171.0,1809.0,3006.0,"OK"
"between 18 and (excluding) 25","Undergraduate student (BSc not yet finished)","Computer science","more than 3 years, but less than or equal 5 year","6",7,3,1,1,6,6,"True",1669,2,,1669.0,1982.0,313.0,730.0,2921.0,"OK"
"between 18 and (excluding) 25","Undergraduate student (BSc not yet finished)","Computer science","more than 3 years, but less than or equal 5 year","10",1,3,1,1,5,5,"True",1856,2,,1526.0,1856.0,330.0,536.0,2846.0,"OK"
"between 18 and (excluding) 25","Undergraduate student (BSc not yet finished)","Computer science","more than 3 years, but less than or equal 5 year","4",3,1,1,1,5,5,"True",2043,2,,1576.0,2117.0,541.0,-47.0,3740.0,"OK"
"between 18 and (excluding) 25","Undergraduate student (BSc not yet finished)","Computer science","more than 3 years, but less than or equal 5 year","6",1,3,1,1,3,3,"True",1571,2,,1571.0,1683.0,112.0,1235.0,2019.0,"OK"
"between 18 and (excluding) 25","Undergraduate student (BSc not yet finished)","Computer science","more than 3 years, but less than or equal 5 year","8",5,1,1,1,2,2,"True",1576,2,,1576.0,1757.0,181.0,1033.0,2300.0,"OK"
"between 18 and (excluding) 25","Undergraduate student (BSc not yet finished)","Computer science","more than 3 years, but less than or equal 5 year","6",2,2,1,1,7,7,"True",2430,2,,1591.0,1944.0,353.0,532.0,3003.0,"OK"
"between 18 and (excluding) 25","Undergraduate student (BSc not yet finished)","Computer science","more than 3 years, but less than or equal 5 year","8",3,1,1,1,2,2,"True",1746,2,,1151.0,1199.0,48.0,1007.0,1343.0,"Outlier"
"between 18 and (excluding) 25","Undergraduate student (BSc not yet finished)","Computer science","more than 3 years, but less than or equal 5 year","8",4,0,1,1,2,2,"True",3678,2,,1449.0,1913.0,464.0,57.0,3305.0,"Outlier"
"between 18 and (excluding) 25","Undergraduate student (BSc not yet finished)","Computer science","more than 3 years, but less than or equal 5 year","8",1,3,1,1,1,1,"True",1089,2,,1184.0,1762.0,578.0,-550.0,3496.0,"OK"
"between 18 and (excluding) 25","Undergraduate student (BSc not yet finished)","Computer science","more than 3 years, but less than or equal 5 year","8",6,2,1,1,4,4,"True",1434,2,,1168.0,2212.0,1044.0,-1964.0,5344.0,"OK"
"between 18 and (excluding) 25","Undergraduate student (BSc not yet finished)","Computer science","more than 3 years, but less than or equal 5 year","8",7,3,1,1,3,3,"True",1215,2,,904.0,1466.0,562.0,-782.0,3152.0,"OK"
"between 18 and (excluding) 25","Undergraduate student (BSc not yet finished)","Computer science","more than 3 years, but less than or equal 5 year","8",5,1,1,1,1,1,"True",891,2,,1576.0,1757.0,181.0,1033.0,2300.0,"Outlier"
"between 18 and (excluding) 25","Undergraduate student (BSc not yet finished)","Computer science","more than 3 years, but less than or equal 5 year","4",6,2,1,1,3,3,"True",1982,2,,1711.0,1856.0,145.0,1276.0,2291.0,"OK"
"between 18 and (excluding) 25","Undergraduate student (BSc not yet finished)","Computer science","more than 3 years, but less than or equal 5 year","10",3,1,1,1,1,1,"True",1418,2,,1554.0,2102.0,548.0,-90.0,3746.0,"OK"
"between 18 and (excluding) 25","Undergraduate student (BSc not yet finished)","Computer science","more than 3 years, but less than or equal 5 year","10",6,2,1,1,1,1,"True",933,2,,1013.0,1586.0,573.0,-706.0,3305.0,"OK"
"between 18 and (excluding) 25","Undergraduate student (BSc not yet finished)","Computer science","more than 3 years, but less than or equal 5 year","10",7,3,1,1,1,1,"True",1168,2,,1245.0,1510.0,265.0,450.0,2305.0,"OK"
"between 18 and (excluding) 25","Undergraduate student (BSc not yet finished)","Computer science","more than 3 years, but less than or equal 5 year","10",6,2,1,1,7,7,"True",1586,2,,1013.0,1586.0,573.0,-706.0,3305.0,"OK"
"between 18 and (excluding) 25","Undergraduate student (BSc not yet finished)","Computer science","more than 3 years, but less than or equal 5 year","8",6,2,1,1,1,1,"True",1168,2,,1168.0,2212.0,1044.0,-1964.0,5344.0,"OK"
"between 18 and (excluding) 25","Undergraduate student (BSc not yet finished)","Computer science","more than 3 years, but less than or equal 5 year","2",1,3,1,1,2,2,"True",2666,2,,2322.0,2493.0,171.0,1809.0,3006.0,"OK"
"between 18 and (excluding) 25","Undergraduate student (BSc not yet finished)","Computer science","more than 3 years, but less than or equal 5 year","4",4,0,1,1,7,7,"True",2821,2,,2165.0,2821.0,656.0,197.0,4789.0,"OK"
"between 18 and (excluding) 25","Undergraduate student (BSc not yet finished)","Computer science","more than 3 years, but less than or equal 5 year","2",1,3,1,1,6,6,"True",1930,2,,2322.0,2493.0,171.0,1809.0,3006.0,"OK"
"between 18 and (excluding) 25","Undergraduate student (BSc not yet finished)","Computer science","more than 3 years, but less than or equal 5 year","8",3,1,1,1,3,3,"True",1199,2,,1151.0,1199.0,48.0,1007.0,1343.0,"OK"
"between 18 and (excluding) 25","Undergraduate student (BSc not yet finished)","Computer science","more than 3 years, but less than or equal 5 year","8",3,1,1,1,1,1,"True",1183,2,,1151.0,1199.0,48.0,1007.0,1343.0,"OK"
"between 18 and (excluding) 25","Undergraduate student (BSc not yet finished)","Computer science","more than 3 years, but less than or equal 5 year","10",7,3,1,1,4,4,"True",1388,2,,1245.0,1510.0,265.0,450.0,2305.0,"OK"
"between 18 and (excluding) 25","Undergraduate student (BSc not yet finished)","Computer science","more than 3 years, but less than or equal 5 year","2",2,2,0,1,7,2,"False",1638,2,,1433.0,2027.0,594.0,-349.0,3809.0,"OK"
"between 18 and (excluding) 25","Undergraduate student (BSc not yet finished)","Computer science","more than 3 years, but less than or equal 5 year","2",3,1,1,1,3,3,"True",2837,2,,2070.0,2837.0,767.0,-231.0,5138.0,"OK"
"between 18 and (excluding) 25","Undergraduate student (BSc not yet finished)","Computer science","more than 3 years, but less than or equal 5 year","10",4,0,1,1,3,3,"True",1728,2,,979.0,1805.0,826.0,-1499.0,4283.0,"OK"
"between 18 and (excluding) 25","Undergraduate student (BSc not yet finished)","Computer science","more than 3 years, but less than or equal 5 year","6",6,2,1,1,3,3,"True",1372,2,,1372.0,1746.0,374.0,250.0,2868.0,"OK"
"between 18 and (excluding) 25","Undergraduate student (BSc not yet finished)","Computer science","more than 3 years, but less than or equal 5 year","8",6,2,1,1,5,5,"True",2212,2,,1168.0,2212.0,1044.0,-1964.0,5344.0,"OK"
"between 18 and (excluding) 25","Undergraduate student (BSc not yet finished)","Computer science","more than 3 years, but less than or equal 5 year","4",6,2,1,1,5,5,"True",1711,2,,1711.0,1856.0,145.0,1276.0,2291.0,"OK"
"between 18 and (excluding) 25","Undergraduate student (BSc not yet finished)","Computer science","more than 3 years, but less than or equal 5 year","4",3,1,1,1,1,1,"True",1448,2,,1576.0,2117.0,541.0,-47.0,3740.0,"OK"
"between 18 and (excluding) 25","Undergraduate student (BSc not yet finished)","Computer science","more than 3 years, but less than or equal 5 year","2",5,1,0,1,4,6,"False",3986,2,,3379.0,3986.0,607.0,1558.0,5807.0,"OK"
"between 18 and (excluding) 25","Undergraduate student (BSc not yet finished)","Computer science","more than 3 years, but less than or equal 5 year","4",1,3,1,1,5,5,"True",3146,2,,1605.0,3146.0,1541.0,-3018.0,7769.0,"OK"
"between 18 and (excluding) 25","Undergraduate student (BSc not yet finished)","Computer science","more than 3 years, but less than or equal 5 year","4",1,3,1,1,6,6,"True",3208,2,,1605.0,3146.0,1541.0,-3018.0,7769.0,"OK"
"between 18 and (excluding) 25","Undergraduate student (BSc not yet finished)","Computer science","more than 3 years, but less than or equal 5 year","10",2,2,1,1,3,3,"True",1106,2,,1715.0,1964.0,249.0,968.0,2711.0,"OK"
"between 18 and (excluding) 25","Undergraduate student (BSc not yet finished)","Computer science","more than 3 years, but less than or equal 5 year","10",4,0,1,1,5,5,"True",2274,2,,979.0,1805.0,826.0,-1499.0,4283.0,"OK"
"between 18 and (excluding) 25","Undergraduate student (BSc not yet finished)","Computer science","more than 3 years, but less than or equal 5 year","6",2,2,1,1,6,6,"True",1591,2,,1591.0,1944.0,353.0,532.0,3003.0,"OK"
"between 18 and (excluding) 25","Undergraduate student (BSc not yet finished)","Computer science","more than 3 years, but less than or equal 5 year","Dynamic",2,2,1,1,3,3,"True",1216,2,,1216.0,1680.0,464.0,-176.0,3072.0,"OK"
"between 18 and (excluding) 25","Undergraduate student (BSc not yet finished)","Computer science","more than 3 years, but less than or equal 5 year","4",5,1,1,1,4,4,"True",1695,2,,1695.0,1730.0,35.0,1590.0,1835.0,"OK"
"between 18 and (excluding) 25","Undergraduate student (BSc not yet finished)","Computer science","more than 3 years, but less than or equal 5 year","10",6,2,1,1,4,4,"True",1027,2,,1013.0,1586.0,573.0,-706.0,3305.0,"OK"
"between 18 and (excluding) 25","Undergraduate student (BSc not yet finished)","Computer science","more than 3 years, but less than or equal 5 year","6",5,1,1,1,1,1,"True",1200,2,,1730.0,2570.0,840.0,-790.0,5090.0,"OK"
"between 18 and (excluding) 25","Undergraduate student (BSc not yet finished)","Computer science","more than 3 years, but less than or equal 5 year","2",2,2,1,1,1,1,"True",1366,2,,1433.0,2027.0,594.0,-349.0,3809.0,"OK"
"between 18 and (excluding) 25","Undergraduate student (BSc not yet finished)","Computer science","more than 3 years, but less than or equal 5 year","2",1,3,1,1,5,5,"True",2322,2,,2322.0,2493.0,171.0,1809.0,3006.0,"OK"
"between 18 and (excluding) 25","Undergraduate student (BSc not yet finished)","Computer science","more than 3 years, but less than or equal 5 year","6",5,1,1,1,6,6,"True",2290,2,,1730.0,2570.0,840.0,-790.0,5090.0,"OK"
"between 18 and (excluding) 25","Undergraduate student (BSc not yet finished)","Computer science","more than 3 years, but less than or equal 5 year","10",4,0,1,1,1,1,"True",840,2,,979.0,1805.0,826.0,-1499.0,4283.0,"OK"
"between 18 and (excluding) 25","Undergraduate student (BSc not yet finished)","Computer science","more than 3 years, but less than or equal 5 year","4",7,3,1,1,1,1,"True",823,2,,1012.0,1480.0,468.0,-392.0,2884.0,"OK"
"between 18 and (excluding) 25","Undergraduate student (BSc not yet finished)","Computer science","more than 3 years, but less than or equal 5 year","Dynamic",6,2,1,1,2,2,"True",871,2,,1168.0,1586.0,418.0,-86.0,2840.0,"OK"
"between 18 and (excluding) 25","Undergraduate student (BSc not yet finished)","Computer science","more than 3 years, but less than or equal 5 year","2",6,2,1,1,2,2,"True",2274,2,,2289.0,3160.0,871.0,-324.0,5773.0,"OK"
"between 18 and (excluding) 25","Undergraduate student (BSc not yet finished)","Computer science","more than 3 years, but less than or equal 5 year","Dynamic",5,1,1,1,2,2,"True",855,2,,918.0,950.0,32.0,822.0,1046.0,"OK"
"between 18 and (excluding) 25","Undergraduate student (BSc not yet finished)","Computer science","more than 3 years, but less than or equal 5 year","10",5,1,1,1,3,3,"True",1200,2,,1388.0,1586.0,198.0,794.0,2180.0,"OK"
"between 18 and (excluding) 25","Undergraduate student (BSc not yet finished)","Computer science","more than 3 years, but less than or equal 5 year","Dynamic",4,0,1,1,2,2,"True",857,2,,966.0,1403.0,437.0,-345.0,2714.0,"OK"
"between 18 and (excluding) 25","Undergraduate student (BSc not yet finished)","Computer science","more than 3 years, but less than or equal 5 year","6",1,3,1,1,2,2,"True",1231,2,,1571.0,1683.0,112.0,1235.0,2019.0,"Outlier"
"between 18 and (excluding) 25","Undergraduate student (BSc not yet finished)","Computer science","more than 3 years, but less than or equal 5 year","6",7,3,1,1,5,5,"True",1899,2,,1669.0,1982.0,313.0,730.0,2921.0,"OK"
"between 18 and (excluding) 25","Undergraduate student (BSc not yet finished)","Computer science","more than 3 years, but less than or equal 5 year","10",7,3,0,1,4,3,"False",1245,2,,1245.0,1510.0,265.0,450.0,2305.0,"OK"
"between 18 and (excluding) 25","Undergraduate student (BSc not yet finished)","Computer science","more than 3 years, but less than or equal 5 year","10",2,2,1,1,4,4,"True",4936,2,,1715.0,1964.0,249.0,968.0,2711.0,"Outlier"
"between 18 and (excluding) 25","Undergraduate student (BSc not yet finished)","Computer science","more than 3 years, but less than or equal 5 year","4",1,3,1,1,2,2,"True",1324,2,,1605.0,3146.0,1541.0,-3018.0,7769.0,"OK"
"between 18 and (excluding) 25","Undergraduate student (BSc not yet finished)","Computer science","more than 3 years, but less than or equal 5 year","2",3,1,1,1,2,2,"True",2899,2,,2070.0,2837.0,767.0,-231.0,5138.0,"OK"
"between 18 and (excluding) 25","Undergraduate student (BSc not yet finished)","Computer science","more than 3 years, but less than or equal 5 year","6",4,0,1,1,5,5,"True",3193,2,,1681.0,3193.0,1512.0,-2855.0,7729.0,"OK"
"between 18 and (excluding) 25","Undergraduate student (BSc not yet finished)","Computer science","more than 3 years, but less than or equal 5 year","4",6,2,1,1,2,2,"True",1744,2,,1711.0,1856.0,145.0,1276.0,2291.0,"OK"
"between 18 and (excluding) 25","Undergraduate student (BSc not yet finished)","Computer science","more than 3 years, but less than or equal 5 year","10",3,1,1,1,1,1,"True",2148,2,,1554.0,2102.0,548.0,-90.0,3746.0,"OK"
"between 18 and (excluding) 25","Undergraduate student (BSc not yet finished)","Computer science","more than 3 years, but less than or equal 5 year","Dynamic",2,2,1,1,3,3,"True",2071,2,,1216.0,1680.0,464.0,-176.0,3072.0,"OK"
"between 18 and (excluding) 25","Undergraduate student (BSc not yet finished)","Computer science","more than 3 years, but less than or equal 5 year","2",5,1,1,1,7,7,"True",3379,2,,3379.0,3986.0,607.0,1558.0,5807.0,"OK"
"between 18 and (excluding) 25","Undergraduate student (BSc not yet finished)","Computer science","more than 3 years, but less than or equal 5 year","Dynamic",2,2,1,1,3,3,"True",1059,2,,1216.0,1680.0,464.0,-176.0,3072.0,"OK"
"between 18 and (excluding) 25","Undergraduate student (BSc not yet finished)","Computer science","more than 3 years, but less than or equal 5 year","Dynamic",6,2,1,1,7,7,"True",1586,2,,1168.0,1586.0,418.0,-86.0,2840.0,"OK"
"between 18 and (excluding) 25","Undergraduate student (BSc not yet finished)","Computer science","more than 3 years, but less than or equal 5 year","2",3,1,1,1,4,4,"True",2586,2,,2070.0,2837.0,767.0,-231.0,5138.0,"OK"
"between 18 and (excluding) 25","Undergraduate student (BSc not yet finished)","Computer science","more than 3 years, but less than or equal 5 year","Dynamic",3,1,1,1,4,4,"True",2256,2,,1167.0,1543.0,376.0,39.0,2671.0,"OK"
"between 18 and (excluding) 25","Undergraduate student (BSc not yet finished)","Computer science","more than 3 years, but less than or equal 5 year","4",7,3,1,1,5,5,"True",1137,2,,1012.0,1480.0,468.0,-392.0,2884.0,"OK"
"between 18 and (excluding) 25","Undergraduate student (BSc not yet finished)","Computer science","more than 3 years, but less than or equal 5 year","8",2,2,1,1,6,6,"True",2478,2,,1403.0,1945.0,542.0,-223.0,3571.0,"OK"
"between 18 and (excluding) 25","Undergraduate student (BSc not yet finished)","Computer science","more than 3 years, but less than or equal 5 year","Dynamic",5,1,1,1,2,2,"True",950,2,,918.0,950.0,32.0,822.0,1046.0,"OK"
"between 18 and (excluding) 25","Undergraduate student (BSc not yet finished)","Computer science","more than 3 years, but less than or equal 5 year","4",5,1,1,1,7,7,"True",1868,2,,1695.0,1730.0,35.0,1590.0,1835.0,"Outlier"
"between 18 and (excluding) 25","Undergraduate student (BSc not yet finished)","Computer science","more than 3 years, but less than or equal 5 year","10",6,2,1,1,2,2,"True",1013,2,,1013.0,1586.0,573.0,-706.0,3305.0,"OK"
"between 18 and (excluding) 25","Undergraduate student (BSc not yet finished)","Computer science","more than 3 years, but less than or equal 5 year","4",3,1,1,1,5,5,"True",4579,2,,1576.0,2117.0,541.0,-47.0,3740.0,"Outlier"
"between 18 and (excluding) 25","Undergraduate student (BSc not yet finished)","Computer science","more than 3 years, but less than or equal 5 year","6",1,3,1,1,4,4,"True",1683,2,,1571.0,1683.0,112.0,1235.0,2019.0,"OK"
"between 18 and (excluding) 25","Undergraduate student (BSc not yet finished)","Computer science","more than 3 years, but less than or equal 5 year","8",7,3,1,1,1,1,"True",1466,2,,904.0,1466.0,562.0,-782.0,3152.0,"OK"
"between 18 and (excluding) 25","Undergraduate student (BSc not yet finished)","Computer science","more than 3 years, but less than or equal 5 year","2",5,1,1,1,5,5,"True",3097,2,,3379.0,3986.0,607.0,1558.0,5807.0,"OK"
"between 18 and (excluding) 25","Undergraduate student (BSc not yet finished)","Computer science","more than 3 years, but less than or equal 5 year","4",5,1,1,1,3,3,"True",1730,2,,1695.0,1730.0,35.0,1590.0,1835.0,"OK"
"between 18 and (excluding) 25","Undergraduate student (BSc not yet finished)","Computer science","more than 3 years, but less than or equal 5 year","2",2,2,0,1,6,2,"False",1433,2,,1433.0,2027.0,594.0,-349.0,3809.0,"OK"
"between 18 and (excluding) 25","Undergraduate student (BSc not yet finished)","Computer science","more than 3 years, but less than or equal 5 year","8",7,3,1,1,2,2,"True",904,2,,904.0,1466.0,562.0,-782.0,3152.0,"OK"
"between 18 and (excluding) 25","Undergraduate student (BSc not yet finished)","Computer science","more than 3 years, but less than or equal 5 year","8",1,3,1,1,1,1,"True",1184,2,,1184.0,1762.0,578.0,-550.0,3496.0,"OK"
"between 18 and (excluding) 25","Undergraduate student (BSc not yet finished)","Computer science","more than 3 years, but less than or equal 5 year","10",7,3,1,1,7,7,"True",1510,2,,1245.0,1510.0,265.0,450.0,2305.0,"OK"
"between 18 and (excluding) 25","Undergraduate student (BSc not yet finished)","Computer science","more than 3 years, but less than or equal 5 year","Dynamic",3,1,1,1,7,7,"True",1543,2,,1167.0,1543.0,376.0,39.0,2671.0,"OK"
"between 18 and (excluding) 25","Undergraduate student (BSc not yet finished)","Computer science","more than 3 years, but less than or equal 5 year","2",7,3,1,1,7,7,"True",1340,2,,1127.0,1652.0,525.0,-448.0,3227.0,"OK"
"between 18 and (excluding) 25","Undergraduate student (BSc not yet finished)","Computer science","more than 3 years, but less than or equal 5 year","4",2,2,1,1,2,2,"True",1461,2,,1368.0,1481.0,113.0,1029.0,1820.0,"OK"
"between 18 and (excluding) 25","Undergraduate student (BSc not yet finished)","Computer science","more than 3 years, but less than or equal 5 year","8",3,1,1,1,4,4,"True",1044,2,,1151.0,1199.0,48.0,1007.0,1343.0,"OK"
"between 18 and (excluding) 25","Undergraduate student (BSc not yet finished)","Computer science","more than 3 years, but less than or equal 5 year","8",5,1,1,1,2,2,"True",2366,2,,1576.0,1757.0,181.0,1033.0,2300.0,"Outlier"
"between 18 and (excluding) 25","Undergraduate student (BSc not yet finished)","Computer science","more than 3 years, but less than or equal 5 year","Dynamic",1,3,1,1,7,7,"True",1417,2,,1092.0,1417.0,325.0,117.0,2392.0,"OK"
"between 18 and (excluding) 25","Undergraduate student (BSc not yet finished)","Computer science","more than 3 years, but less than or equal 5 year","6",5,1,1,1,5,5,"True",2570,2,,1730.0,2570.0,840.0,-790.0,5090.0,"OK"
"between 18 and (excluding) 25","Undergraduate student (BSc not yet finished)","Computer science","more than 3 years, but less than or equal 5 year","Dynamic",7,3,1,1,5,5,"True",1825,2,,1215.0,1402.0,187.0,654.0,1963.0,"OK"
"between 18 and (excluding) 25","Undergraduate student (BSc not yet finished)","Computer science","more than 3 years, but less than or equal 5 year","4",7,3,1,1,7,7,"True",1914,2,,1012.0,1480.0,468.0,-392.0,2884.0,"OK"
"between 18 and (excluding) 25","Undergraduate student (BSc not yet finished)","Computer science","more than 3 years, but less than or equal 5 year","2",7,3,1,1,7,7,"True",2369,2,,1127.0,1652.0,525.0,-448.0,3227.0,"OK"
"between 18 and (excluding) 25","Undergraduate student (BSc not yet finished)","Computer science","more than 3 years, but less than or equal 5 year","6",3,1,1,1,1,1,"True",1246,2,,1590.0,1903.0,313.0,651.0,2842.0,"OK"
"between 18 and (excluding) 25","Undergraduate student (BSc not yet finished)","Computer science","more than 3 years, but less than or equal 5 year","4",3,1,1,1,7,7,"True",2117,2,,1576.0,2117.0,541.0,-47.0,3740.0,"OK"
"between 18 and (excluding) 25","Undergraduate student (BSc not yet finished)","Computer science","more than 3 years, but less than or equal 5 year","4",3,1,1,1,3,3,"True",1576,2,,1576.0,2117.0,541.0,-47.0,3740.0,"OK"
"between 18 and (excluding) 25","Undergraduate student (BSc not yet finished)","Computer science","more than 3 years, but less than or equal 5 year","8",2,2,1,1,5,5,"True",1945,2,,1403.0,1945.0,542.0,-223.0,3571.0,"OK"
"between 18 and (excluding) 25","Undergraduate student (BSc not yet finished)","Computer science","more than 3 years, but less than or equal 5 year","Dynamic",2,2,1,1,7,7,"True",1528,2,,1216.0,1680.0,464.0,-176.0,3072.0,"OK"
"between 18 and (excluding) 25","Undergraduate student (BSc not yet finished)","Computer science","more than 3 years, but less than or equal 5 year","4",2,2,1,1,1,1,"True",1368,2,,1368.0,1481.0,113.0,1029.0,1820.0,"OK"
"between 18 and (excluding) 25","Undergraduate student (BSc not yet finished)","Computer science","more than 3 years, but less than or equal 5 year","10",1,3,1,1,7,7,"True",1451,2,,1526.0,1856.0,330.0,536.0,2846.0,"OK"
"between 18 and (excluding) 25","Undergraduate student (BSc not yet finished)","Computer science","more than 3 years, but less than or equal 5 year","Dynamic",6,2,1,1,7,7,"True",1403,2,,1168.0,1586.0,418.0,-86.0,2840.0,"OK"
"between 18 and (excluding) 25","Undergraduate student (BSc not yet finished)","Computer science","more than 3 years, but less than or equal 5 year","8",4,0,1,1,1,1,"True",1263,2,,1449.0,1913.0,464.0,57.0,3305.0,"OK"
"between 18 and (excluding) 25","Undergraduate student (BSc not yet finished)","Computer science","more than 3 years, but less than or equal 5 year","8",4,0,1,1,3,3,"True",1652,2,,1449.0,1913.0,464.0,57.0,3305.0,"OK"
"between 18 and (excluding) 25","Undergraduate student (BSc not yet finished)","Computer science","more than 3 years, but less than or equal 5 year","10",3,1,1,1,5,5,"True",1773,2,,1554.0,2102.0,548.0,-90.0,3746.0,"OK"
"between 18 and (excluding) 25","Undergraduate student (BSc not yet finished)","Computer science","more than 3 years, but less than or equal 5 year","Dynamic",4,0,1,1,3,3,"True",981,2,,966.0,1403.0,437.0,-345.0,2714.0,"OK"
"between 18 and (excluding) 25","Undergraduate student (BSc not yet finished)","Computer science","more than 3 years, but less than or equal 5 year","2",7,3,1,1,6,6,"True",1652,2,,1127.0,1652.0,525.0,-448.0,3227.0,"OK"
"between 18 and (excluding) 25","Undergraduate student (BSc not yet finished)","Computer science","more than 3 years, but less than or equal 5 year","8",7,3,1,1,1,1,"True",872,2,,904.0,1466.0,562.0,-782.0,3152.0,"OK"
"between 18 and (excluding) 25","Undergraduate student (BSc not yet finished)","Computer science","more than 3 years, but less than or equal 5 year","2",4,0,0,1,5,4,"False",2383,2,,2383.0,3253.0,870.0,-227.0,5863.0,"OK"
"between 18 and (excluding) 25","Undergraduate student (BSc not yet finished)","Computer science","more than 3 years, but less than or equal 5 year","Dynamic",5,1,1,1,3,3,"True",918,2,,918.0,950.0,32.0,822.0,1046.0,"OK"
"between 18 and (excluding) 25","Undergraduate student (BSc not yet finished)","Computer science","more than 3 years, but less than or equal 5 year","Dynamic",7,3,1,1,3,3,"True",1215,2,,1215.0,1402.0,187.0,654.0,1963.0,"OK"
"between 18 and (excluding) 25","Undergraduate student (BSc not yet finished)","Computer science","more than 3 years, but less than or equal 5 year","Dynamic",7,3,1,1,1,1,"True",1231,2,,1215.0,1402.0,187.0,654.0,1963.0,"OK"
"between 18 and (excluding) 25","Undergraduate student (BSc not yet finished)","Computer science","more than 3 years, but less than or equal 5 year","Dynamic",7,3,1,1,2,2,"True",917,2,,1215.0,1402.0,187.0,654.0,1963.0,"OK"
"between 18 and (excluding) 25","Undergraduate student (BSc not yet finished)","Computer science","more than 3 years, but less than or equal 5 year","6",3,1,1,1,5,5,"True",1903,2,,1590.0,1903.0,313.0,651.0,2842.0,"OK"
"between 18 and (excluding) 25","Undergraduate student (BSc not yet finished)","Computer science","more than 3 years, but less than or equal 5 year","10",7,3,1,1,6,6,"True",2277,2,,1245.0,1510.0,265.0,450.0,2305.0,"OK"
"between 18 and (excluding) 25","Undergraduate student (BSc not yet finished)","Computer science","more than 3 years, but less than or equal 5 year","4",1,3,1,1,6,6,"True",1605,2,,1605.0,3146.0,1541.0,-3018.0,7769.0,"OK"
"between 18 and (excluding) 25","Undergraduate student (BSc not yet finished)","Computer science","more than 3 years, but less than or equal 5 year","6",2,2,1,1,1,1,"True",1292,2,,1591.0,1944.0,353.0,532.0,3003.0,"OK"
"between 18 and (excluding) 25","Undergraduate student (BSc not yet finished)","Computer science","more than 3 years, but less than or equal 5 year","6",6,2,1,1,5,5,"True",2430,2,,1372.0,1746.0,374.0,250.0,2868.0,"OK"
"between 18 and (excluding) 25","Undergraduate student (BSc not yet finished)","Computer science","more than 3 years, but less than or equal 5 year","4",2,2,1,1,3,3,"True",1481,2,,1368.0,1481.0,113.0,1029.0,1820.0,"OK"
"between 18 and (excluding) 25","Undergraduate student (BSc not yet finished)","Computer science","more than 3 years, but less than or equal 5 year","10",5,1,1,1,4,4,"True",1388,2,,1388.0,1586.0,198.0,794.0,2180.0,"OK"
"between 18 and (excluding) 25","Undergraduate student (BSc not yet finished)","Computer science","more than 3 years, but less than or equal 5 year","8",4,0,1,1,5,5,"True",1449,2,,1449.0,1913.0,464.0,57.0,3305.0,"OK"
"between 18 and (excluding) 25","Undergraduate student (BSc not yet finished)","Computer science","more than 3 years, but less than or equal 5 year","10",3,1,1,1,4,4,"True",1554,2,,1554.0,2102.0,548.0,-90.0,3746.0,"OK"
"between 18 and (excluding) 25","Undergraduate student (BSc not yet finished)","Computer science","more than 3 years, but less than or equal 5 year","10",2,2,1,1,7,7,"True",1807,2,,1715.0,1964.0,249.0,968.0,2711.0,"OK"
"between 18 and (excluding) 25","Undergraduate student (BSc not yet finished)","Computer science","more than 3 years, but less than or equal 5 year","8",2,2,1,1,1,1,"True",1403,2,,1403.0,1945.0,542.0,-223.0,3571.0,"OK"
"between 18 and (excluding) 25","Undergraduate student (BSc not yet finished)","Computer science","more than 3 years, but less than or equal 5 year","Dynamic",7,3,1,1,7,7,"True",1402,2,,1215.0,1402.0,187.0,654.0,1963.0,"OK"
"between 18 and (excluding) 25","Undergraduate student (BSc not yet finished)","Computer science","more than 3 years, but less than or equal 5 year","6",7,3,1,1,1,1,"True",825,2,,1669.0,1982.0,313.0,730.0,2921.0,"OK"
"between 18 and (excluding) 25","Undergraduate student (BSc not yet finished)","Computer science","more than 3 years, but less than or equal 5 year","2",7,3,1,1,3,3,"True",1027,2,,1127.0,1652.0,525.0,-448.0,3227.0,"OK"
"between 18 and (excluding) 25","Undergraduate student (BSc not yet finished)","Computer science","more than 3 years, but less than or equal 5 year","Dynamic",4,0,1,1,5,5,"True",1898,2,,966.0,1403.0,437.0,-345.0,2714.0,"OK"
"between 18 and (excluding) 25","Undergraduate student (BSc not yet finished)","Computer science","more than 3 years, but less than or equal 5 year","Dynamic",5,1,1,1,1,1,"True",1075,2,,918.0,950.0,32.0,822.0,1046.0,"Outlier"
"between 18 and (excluding) 25","Undergraduate student (BSc not yet finished)","Computer science","more than 3 years, but less than or equal 5 year","Dynamic",3,1,1,1,2,2,"True",1340,2,,1167.0,1543.0,376.0,39.0,2671.0,"OK"
"between 18 and (excluding) 25","Undergraduate student (BSc not yet finished)","Computer science","more than 3 years, but less than or equal 5 year","2",2,2,1,1,5,5,"True",2027,2,,1433.0,2027.0,594.0,-349.0,3809.0,"OK"
"between 18 and (excluding) 25","Undergraduate student (BSc not yet finished)","Computer science","more than 3 years, but less than or equal 5 year","6",1,3,1,1,2,2,"True",1620,2,,1571.0,1683.0,112.0,1235.0,2019.0,"OK"
"between 18 and (excluding) 25","Undergraduate student (BSc not yet finished)","Computer science","more than 3 years, but less than or equal 5 year","Dynamic",1,3,1,1,1,1,"True",886,2,,1092.0,1417.0,325.0,117.0,2392.0,"OK"
"between 18 and (excluding) 25","Undergraduate student (BSc not yet finished)","Computer science","more than 3 years, but less than or equal 5 year","Dynamic",3,1,1,1,4,4,"True",1167,2,,1167.0,1543.0,376.0,39.0,2671.0,"OK"
"between 18 and (excluding) 25","Undergraduate student (BSc not yet finished)","Computer science","more than 3 years, but less than or equal 5 year","10",4,0,1,1,2,2,"True",979,2,,979.0,1805.0,826.0,-1499.0,4283.0,"OK"
"between 18 and (excluding) 25","Undergraduate student (BSc not yet finished)","Computer science","more than 3 years, but less than or equal 5 year","Dynamic",4,0,1,1,3,3,"True",966,2,,966.0,1403.0,437.0,-345.0,2714.0,"OK"
"between 18 and (excluding) 25","Undergraduate student (BSc not yet finished)","Computer science","more than 3 years, but less than or equal 5 year","2",1,3,1,1,2,2,"True",2492,2,,2322.0,2493.0,171.0,1809.0,3006.0,"OK"
"between 18 and (excluding) 25","Undergraduate student (BSc not yet finished)","Computer science","more than 3 years, but less than or equal 5 year","6",4,0,1,1,2,2,"True",3472,2,,1681.0,3193.0,1512.0,-2855.0,7729.0,"OK"
"between 18 and (excluding) 25","Undergraduate student (BSc not yet finished)","Computer science","more than 3 years, but less than or equal 5 year","8",6,2,1,1,7,7,"True",3957,2,,1168.0,2212.0,1044.0,-1964.0,5344.0,"OK"
"between 18 and (excluding) 25","Undergraduate student (BSc not yet finished)","Computer science","more than 3 years, but less than or equal 5 year","2",5,1,0,1,4,5,"False",3567,2,,3379.0,3986.0,607.0,1558.0,5807.0,"OK"
"between 18 and (excluding) 25","Undergraduate student (BSc not yet finished)","Computer science","more than 3 years, but less than or equal 5 year","6",6,2,1,1,2,2,"True",1135,2,,1372.0,1746.0,374.0,250.0,2868.0,"OK"
"between 18 and (excluding) 25","Undergraduate student (BSc not yet finished)","Computer science","more than 3 years, but less than or equal 5 year","8",2,2,1,1,2,2,"True",1340,2,,1403.0,1945.0,542.0,-223.0,3571.0,"OK"
"between 18 and (excluding) 25","Undergraduate student (BSc not yet finished)","Computer science","more than 3 years, but less than or equal 5 year","8",7,3,1,1,4,4,"True",1960,2,,904.0,1466.0,562.0,-782.0,3152.0,"OK"
"between 18 and (excluding) 25","Undergraduate student (BSc not yet finished)","Computer science","more than 3 years, but less than or equal 5 year","Dynamic",6,2,1,1,5,5,"True",1168,2,,1168.0,1586.0,418.0,-86.0,2840.0,"OK"
"between 18 and (excluding) 25","Undergraduate student (BSc not yet finished)","Computer science","more than 3 years, but less than or equal 5 year","4",4,0,1,1,7,7,"True",2616,2,,2165.0,2821.0,656.0,197.0,4789.0,"OK"
"between 18 and (excluding) 25","Undergraduate student (BSc not yet finished)","Computer science","more than 3 years, but less than or equal 5 year","4",2,2,1,1,2,2,"True",1309,2,,1368.0,1481.0,113.0,1029.0,1820.0,"OK"
"between 18 and (excluding) 25","Undergraduate student (BSc not yet finished)","Computer science","more than 3 years, but less than or equal 5 year","4",5,1,1,1,1,1,"True",1695,2,,1695.0,1730.0,35.0,1590.0,1835.0,"OK"
"between 18 and (excluding) 25","Undergraduate student (BSc not yet finished)","Computer science","more than 3 years, but less than or equal 5 year","8",1,3,1,1,6,6,"True",1762,2,,1184.0,1762.0,578.0,-550.0,3496.0,"OK"
"between 18 and (excluding) 25","Undergraduate student (BSc not yet finished)","Computer science","more than 3 years, but less than or equal 5 year","10",6,2,1,1,7,7,"True",1634,2,,1013.0,1586.0,573.0,-706.0,3305.0,"OK"
"between 18 and (excluding) 25","Undergraduate student (BSc not yet finished)","Computer science","more than 3 years, but less than or equal 5 year","10",2,2,1,1,4,4,"True",1715,2,,1715.0,1964.0,249.0,968.0,2711.0,"OK"
"between 18 and (excluding) 25","Undergraduate student (BSc not yet finished)","Computer science","more than 3 years, but less than or equal 5 year","2",3,1,1,1,2,2,"True",1387,2,,2070.0,2837.0,767.0,-231.0,5138.0,"OK"
"between 18 and (excluding) 25","Undergraduate student (BSc not yet finished)","Computer science","more than 3 years, but less than or equal 5 year","8",1,3,1,1,4,4,"True",2367,2,,1184.0,1762.0,578.0,-550.0,3496.0,"OK"
"between 18 and (excluding) 25","Undergraduate student (BSc not yet finished)","Computer science","more than 3 years, but less than or equal 5 year","2",3,1,0,1,7,1,"False",2070,2,,2070.0,2837.0,767.0,-231.0,5138.0,"OK"
"between 18 and (excluding) 25","Undergraduate student (BSc not yet finished)","Computer science","more than 3 years, but less than or equal 5 year","6",3,1,1,1,4,4,"True",2432,2,,1590.0,1903.0,313.0,651.0,2842.0,"OK"
"between 18 and (excluding) 25","Undergraduate student (BSc not yet finished)","Computer science","more than 3 years, but less than or equal 5 year","6",1,3,1,1,6,6,"True",1774,2,,1571.0,1683.0,112.0,1235.0,2019.0,"OK"
"between 18 and (excluding) 25","Undergraduate student (BSc not yet finished)","Computer science","more than 3 years, but less than or equal 5 year","6",2,2,1,1,5,5,"True",1591,2,,1591.0,1944.0,353.0,532.0,3003.0,"OK"
"between 18 and (excluding) 25","Undergraduate student (BSc not yet finished)","Computer science","more than 3 years, but less than or equal 5 year","Dynamic",3,1,1,1,3,3,"True",1078,2,,1167.0,1543.0,376.0,39.0,2671.0,"OK"
"between 18 and (excluding) 25","Undergraduate student (BSc not yet finished)","Computer science","more than 3 years, but less than or equal 5 year","4",1,3,1,1,3,3,"True",2320,2,,1605.0,3146.0,1541.0,-3018.0,7769.0,"OK"
"between 18 and (excluding) 25","Undergraduate student (BSc not yet finished)","Computer science","more than 3 years, but less than or equal 5 year","6",3,1,1,1,4,4,"True",1605,2,,1590.0,1903.0,313.0,651.0,2842.0,"OK"
"between 18 and (excluding) 25","Undergraduate student (BSc not yet finished)","Computer science","more than 3 years, but less than or equal 5 year","Dynamic",1,3,1,1,7,7,"True",1263,2,,1092.0,1417.0,325.0,117.0,2392.0,"OK"
"between 18 and (excluding) 25","Undergraduate student (BSc not yet finished)","Computer science","more than 3 years, but less than or equal 5 year","6",3,1,1,1,3,3,"True",1590,2,,1590.0,1903.0,313.0,651.0,2842.0,"OK"
"between 18 and (excluding) 25","Undergraduate student (BSc not yet finished)","Computer science","more than 3 years, but less than or equal 5 year","6",7,3,1,1,3,3,"True",2007,2,,1669.0,1982.0,313.0,730.0,2921.0,"OK"
"between 18 and (excluding) 25","Undergraduate student (BSc not yet finished)","Computer science","more than 3 years, but less than or equal 5 year","8",3,1,1,1,1,1,"True",1151,2,,1151.0,1199.0,48.0,1007.0,1343.0,"OK"
"between 18 and (excluding) 25","Undergraduate student (BSc not yet finished)","Computer science","more than 3 years, but less than or equal 5 year","4",2,2,1,1,4,4,"True",1788,2,,1368.0,1481.0,113.0,1029.0,1820.0,"OK"
"between 18 and (excluding) 25","Undergraduate student (BSc not yet finished)","Computer science","more than 3 years, but less than or equal 5 year","8",6,2,1,1,3,3,"True",1042,2,,1168.0,2212.0,1044.0,-1964.0,5344.0,"OK"
"between 18 and (excluding) 25","Undergraduate student (BSc not yet finished)","Computer science","more than 3 years, but less than or equal 5 year","4",7,3,1,1,6,6,"True",1480,2,,1012.0,1480.0,468.0,-392.0,2884.0,"OK"
"between 18 and (excluding) 25","Undergraduate student (BSc not yet finished)","Computer science","more than 3 years, but less than or equal 5 year","Dynamic",5,1,1,1,1,1,"True",923,2,,918.0,950.0,32.0,822.0,1046.0,"OK"
"between 18 and (excluding) 25","Undergraduate student (BSc not yet finished)","Computer science","more than 3 years, but less than or equal 5 year","6",5,1,1,1,4,4,"True",1730,2,,1730.0,2570.0,840.0,-790.0,5090.0,"OK"
"between 18 and (excluding) 25","Undergraduate student (BSc not yet finished)","Computer science","more than 3 years, but less than or equal 5 year","8",2,2,1,1,5,5,"True",1560,2,,1403.0,1945.0,542.0,-223.0,3571.0,"OK"
"between 18 and (excluding) 25","Undergraduate student (BSc not yet finished)","Computer science","more than 3 years, but less than or equal 5 year","6",4,0,1,1,4,4,"True",1681,2,,1681.0,3193.0,1512.0,-2855.0,7729.0,"OK"
"between 18 and (excluding) 25","Undergraduate student (BSc not yet finished)","Computer science","none","4",4,0,1,1,1,1,"True",3104,5,,2456.0,2992.0,536.0,848.0,4600.0,"OK"
"between 18 and (excluding) 25","Undergraduate student (BSc not yet finished)","Computer science","none","4",7,3,1,1,3,3,"True",1064,5,,1064.0,1136.0,72.0,848.0,1352.0,"OK"
"between 18 and (excluding) 25","Undergraduate student (BSc not yet finished)","Computer science","none","2",7,3,1,1,2,2,"True",760,5,,792.0,1376.0,584.0,-960.0,3128.0,"OK"
"between 18 and (excluding) 25","Undergraduate student (BSc not yet finished)","Computer science","none","2",4,0,1,1,2,2,"True",1800,5,,2856.0,3760.0,904.0,144.0,6472.0,"OK"
"between 18 and (excluding) 25","Undergraduate student (BSc not yet finished)","Computer science","none","8",4,0,1,1,5,5,"True",1344,5,,1192.0,1401.0,209.0,565.0,2028.0,"OK"
"between 18 and (excluding) 25","Undergraduate student (BSc not yet finished)","Computer science","none","10",1,3,1,1,3,3,"True",1568,5,,1296.0,1488.0,192.0,720.0,2064.0,"OK"
"between 18 and (excluding) 25","Undergraduate student (BSc not yet finished)","Computer science","none","8",5,1,1,1,3,3,"True",848,5,,1096.0,1240.0,144.0,664.0,1672.0,"OK"
"between 18 and (excluding) 25","Undergraduate student (BSc not yet finished)","Computer science","none","4",5,1,1,1,1,1,"True",1760,5,,2152.0,2408.0,256.0,1384.0,3176.0,"OK"
"between 18 and (excluding) 25","Undergraduate student (BSc not yet finished)","Computer science","none","10",1,3,1,1,7,7,"True",1248,5,,1296.0,1488.0,192.0,720.0,2064.0,"OK"
"between 18 and (excluding) 25","Undergraduate student (BSc not yet finished)","Computer science","none","2",2,2,0,1,5,3,"False",1608,5,,1608.0,1768.0,160.0,1128.0,2248.0,"OK"
"between 18 and (excluding) 25","Undergraduate student (BSc not yet finished)","Computer science","none","4",6,2,1,1,5,5,"True",2368,5,,1464.0,2368.0,904.0,-1248.0,5080.0,"OK"
"between 18 and (excluding) 25","Undergraduate student (BSc not yet finished)","Computer science","none","2",6,2,1,1,6,6,"True",2768,5,,2288.0,2768.0,480.0,848.0,4208.0,"OK"
"between 18 and (excluding) 25","Undergraduate student (BSc not yet finished)","Computer science","none","6",5,1,1,1,3,3,"True",1320,5,,1320.0,1688.0,368.0,216.0,2792.0,"OK"
"between 18 and (excluding) 25","Undergraduate student (BSc not yet finished)","Computer science","none","10",2,2,1,1,6,6,"True",1504,5,,1216.0,1448.0,232.0,520.0,2144.0,"OK"
"between 18 and (excluding) 25","Undergraduate student (BSc not yet finished)","Computer science","none","Dynamic",2,2,1,1,7,7,"True",1120,5,,1192.0,1304.0,112.0,856.0,1640.0,"OK"
"between 18 and (excluding) 25","Undergraduate student (BSc not yet finished)","Computer science","none","2",6,2,1,1,6,6,"True",2840,5,,2288.0,2768.0,480.0,848.0,4208.0,"OK"
"between 18 and (excluding) 25","Undergraduate student (BSc not yet finished)","Computer science","none","4",4,0,1,1,6,6,"True",1376,5,,2456.0,2992.0,536.0,848.0,4600.0,"OK"
"between 18 and (excluding) 25","Undergraduate student (BSc not yet finished)","Computer science","none","2",5,1,0,1,2,1,"False",2512,5,,2512.0,4504.0,1992.0,-3464.0,10480.0,"OK"
"between 18 and (excluding) 25","Undergraduate student (BSc not yet finished)","Computer science","none","2",4,0,0,1,7,5,"False",4312,5,,2856.0,3760.0,904.0,144.0,6472.0,"OK"
"between 18 and (excluding) 25","Undergraduate student (BSc not yet finished)","Computer science","none","6",7,3,1,1,7,7,"True",1328,5,,904.0,1296.0,392.0,-272.0,2472.0,"OK"
"between 18 and (excluding) 25","Undergraduate student (BSc not yet finished)","Computer science","none","6",6,2,1,1,2,2,"True",1376,5,,1232.0,1568.0,336.0,224.0,2576.0,"OK"
"between 18 and (excluding) 25","Undergraduate student (BSc not yet finished)","Computer science","none","10",4,0,1,1,1,1,"True",1168,5,,1160.0,1168.0,8.0,1136.0,1192.0,"OK"
"between 18 and (excluding) 25","Undergraduate student (BSc not yet finished)","Computer science","none","10",1,3,1,1,4,4,"True",1488,5,,1296.0,1488.0,192.0,720.0,2064.0,"OK"
"between 18 and (excluding) 25","Undergraduate student (BSc not yet finished)","Computer science","none","2",4,0,1,1,1,1,"True",3760,5,,2856.0,3760.0,904.0,144.0,6472.0,"OK"
"between 18 and (excluding) 25","Undergraduate student (BSc not yet finished)","Computer science","none","6",4,0,1,1,3,3,"True",1624,5,,1400.0,1696.0,296.0,512.0,2584.0,"OK"
"between 18 and (excluding) 25","Undergraduate student (BSc not yet finished)","Computer science","none","4",4,0,1,1,2,2,"True",2456,5,,2456.0,2992.0,536.0,848.0,4600.0,"OK"
"between 18 and (excluding) 25","Undergraduate student (BSc not yet finished)","Computer science","none","6",6,2,1,1,6,6,"True",1888,5,,1232.0,1568.0,336.0,224.0,2576.0,"OK"
"between 18 and (excluding) 25","Undergraduate student (BSc not yet finished)","Computer science","none","Dynamic",1,3,1,1,1,1,"True",1152,5,,1112.0,1200.0,88.0,848.0,1464.0,"OK"
"between 18 and (excluding) 25","Undergraduate student (BSc not yet finished)","Computer science","none","4",6,2,1,1,1,1,"True",1264,5,,1464.0,2368.0,904.0,-1248.0,5080.0,"OK"
"between 18 and (excluding) 25","Undergraduate student (BSc not yet finished)","Computer science","none","10",3,1,1,1,6,6,"True",1352,5,,1056.0,1400.0,344.0,24.0,2432.0,"OK"
"between 18 and (excluding) 25","Undergraduate student (BSc not yet finished)","Computer science","none","8",5,1,1,1,3,3,"True",1096,5,,1096.0,1240.0,144.0,664.0,1672.0,"OK"
"between 18 and (excluding) 25","Undergraduate student (BSc not yet finished)","Computer science","none","8",1,3,1,1,2,2,"True",1232,5,,848.0,1328.0,480.0,-592.0,2768.0,"OK"
"between 18 and (excluding) 25","Undergraduate student (BSc not yet finished)","Computer science","none","10",5,1,1,1,7,7,"True",1256,5,,1168.0,1256.0,88.0,904.0,1520.0,"OK"
"between 18 and (excluding) 25","Undergraduate student (BSc not yet finished)","Computer science","none","Dynamic",6,2,1,1,5,5,"True",1208,5,,1136.0,1208.0,72.0,920.0,1424.0,"OK"
"between 18 and (excluding) 25","Undergraduate student (BSc not yet finished)","Computer science","none","6",4,0,1,1,1,1,"True",1296,5,,1400.0,1696.0,296.0,512.0,2584.0,"OK"
"between 18 and (excluding) 25","Undergraduate student (BSc not yet finished)","Computer science","none","10",5,1,1,1,4,4,"True",1160,5,,1168.0,1256.0,88.0,904.0,1520.0,"OK"
"between 18 and (excluding) 25","Undergraduate student (BSc not yet finished)","Computer science","none","2",4,0,1,1,1,1,"True",2856,5,,2856.0,3760.0,904.0,144.0,6472.0,"OK"
"between 18 and (excluding) 25","Undergraduate student (BSc not yet finished)","Computer science","none","10",5,1,0,1,6,5,"False",1368,5,,1168.0,1256.0,88.0,904.0,1520.0,"OK"
"between 18 and (excluding) 25","Undergraduate student (BSc not yet finished)","Computer science","none","Dynamic",1,3,1,1,5,5,"True",1112,5,,1112.0,1200.0,88.0,848.0,1464.0,"OK"
"between 18 and (excluding) 25","Undergraduate student (BSc not yet finished)","Computer science","none","2",6,2,1,1,5,5,"True",2536,5,,2288.0,2768.0,480.0,848.0,4208.0,"OK"
"between 18 and (excluding) 25","Undergraduate student (BSc not yet finished)","Computer science","none","2",6,2,1,1,4,4,"True",2288,5,,2288.0,2768.0,480.0,848.0,4208.0,"OK"
"between 18 and (excluding) 25","Undergraduate student (BSc not yet finished)","Computer science","none","6",2,2,1,1,6,6,"True",1544,5,,1512.0,1584.0,72.0,1296.0,1800.0,"OK"
"between 18 and (excluding) 25","Undergraduate student (BSc not yet finished)","Computer science","none","Dynamic",4,0,1,1,2,2,"True",1256,5,,896.0,1104.0,208.0,272.0,1728.0,"OK"
"between 18 and (excluding) 25","Undergraduate student (BSc not yet finished)","Computer science","none","2",1,3,1,1,5,5,"True",3080,5,,1568.0,2193.0,625.0,-307.0,4068.0,"OK"
"between 18 and (excluding) 25","Undergraduate student (BSc not yet finished)","Computer science","none","6",7,3,1,1,6,6,"True",1296,5,,904.0,1296.0,392.0,-272.0,2472.0,"OK"
"between 18 and (excluding) 25","Undergraduate student (BSc not yet finished)","Computer science","none","10",1,3,1,1,5,5,"True",1296,5,,1296.0,1488.0,192.0,720.0,2064.0,"OK"
"between 18 and (excluding) 25","Undergraduate student (BSc not yet finished)","Computer science","none","4",3,1,1,1,5,5,"True",2385,5,,1760.0,1920.0,160.0,1280.0,2400.0,"OK"
"between 18 and (excluding) 25","Undergraduate student (BSc not yet finished)","Computer science","none","6",1,3,1,1,3,3,"True",1361,5,,1288.0,1361.0,73.0,1069.0,1580.0,"OK"
"between 18 and (excluding) 25","Undergraduate student (BSc not yet finished)","Computer science","none","8",5,1,1,1,2,2,"True",1401,5,,1096.0,1240.0,144.0,664.0,1672.0,"OK"
"between 18 and (excluding) 25","Undergraduate student (BSc not yet finished)","Computer science","none","6",2,2,1,1,7,7,"True",1512,5,,1512.0,1584.0,72.0,1296.0,1800.0,"OK"
"between 18 and (excluding) 25","Undergraduate student (BSc not yet finished)","Computer science","none","8",3,1,1,1,2,2,"True",1289,5,,1248.0,1384.0,136.0,840.0,1792.0,"OK"
"between 18 and (excluding) 25","Undergraduate student (BSc not yet finished)","Computer science","none","8",4,0,1,1,2,2,"True",1401,5,,1192.0,1401.0,209.0,565.0,2028.0,"OK"
"between 18 and (excluding) 25","Undergraduate student (BSc not yet finished)","Computer science","none","8",1,3,1,1,1,1,"True",848,5,,848.0,1328.0,480.0,-592.0,2768.0,"OK"
"between 18 and (excluding) 25","Undergraduate student (BSc not yet finished)","Computer science","none","8",6,2,1,1,4,4,"True",1384,5,,1344.0,1392.0,48.0,1200.0,1536.0,"OK"
"between 18 and (excluding) 25","Undergraduate student (BSc not yet finished)","Computer science","none","8",7,3,1,1,3,3,"True",1176,5,,1088.0,1176.0,88.0,824.0,1440.0,"OK"
"between 18 and (excluding) 25","Undergraduate student (BSc not yet finished)","Computer science","none","8",5,1,1,1,1,1,"True",1175,5,,1096.0,1240.0,144.0,664.0,1672.0,"OK"
"between 18 and (excluding) 25","Undergraduate student (BSc not yet finished)","Computer science","none","4",6,2,1,1,3,3,"True",1464,5,,1464.0,2368.0,904.0,-1248.0,5080.0,"OK"
"between 18 and (excluding) 25","Undergraduate student (BSc not yet finished)","Computer science","none","10",3,1,1,1,1,1,"True",888,5,,1056.0,1400.0,344.0,24.0,2432.0,"OK"
"between 18 and (excluding) 25","Undergraduate student (BSc not yet finished)","Computer science","none","10",6,2,1,1,1,1,"True",1193,5,,968.0,1440.0,472.0,-448.0,2856.0,"OK"
"between 18 and (excluding) 25","Undergraduate student (BSc not yet finished)","Computer science","none","10",7,3,1,1,1,1,"True",632,5,,992.0,1184.0,192.0,416.0,1760.0,"OK"
"between 18 and (excluding) 25","Undergraduate student (BSc not yet finished)","Computer science","none","10",6,2,1,1,7,7,"True",1440,5,,968.0,1440.0,472.0,-448.0,2856.0,"OK"
"between 18 and (excluding) 25","Undergraduate student (BSc not yet finished)","Computer science","none","8",6,2,0,1,1,4,"False",1344,5,,1344.0,1392.0,48.0,1200.0,1536.0,"OK"
"between 18 and (excluding) 25","Undergraduate student (BSc not yet finished)","Computer science","none","2",1,3,1,1,2,2,"True",2193,5,,1568.0,2193.0,625.0,-307.0,4068.0,"OK"
"between 18 and (excluding) 25","Undergraduate student (BSc not yet finished)","Computer science","none","4",4,0,1,1,7,7,"True",2889,5,,2456.0,2992.0,536.0,848.0,4600.0,"OK"
"between 18 and (excluding) 25","Undergraduate student (BSc not yet finished)","Computer science","none","2",1,3,1,1,6,6,"True",1568,5,,1568.0,2193.0,625.0,-307.0,4068.0,"OK"
"between 18 and (excluding) 25","Undergraduate student (BSc not yet finished)","Computer science","none","8",3,1,1,1,3,3,"True",1248,5,,1248.0,1384.0,136.0,840.0,1792.0,"OK"
"between 18 and (excluding) 25","Undergraduate student (BSc not yet finished)","Computer science","none","8",3,1,1,1,1,1,"True",1112,5,,1248.0,1384.0,136.0,840.0,1792.0,"OK"
"between 18 and (excluding) 25","Undergraduate student (BSc not yet finished)","Computer science","none","10",7,3,1,1,4,4,"True",992,5,,992.0,1184.0,192.0,416.0,1760.0,"OK"
"between 18 and (excluding) 25","Undergraduate student (BSc not yet finished)","Computer science","none","2",2,2,1,1,7,7,"True",1768,5,,1608.0,1768.0,160.0,1128.0,2248.0,"OK"
"between 18 and (excluding) 25","Undergraduate student (BSc not yet finished)","Computer science","none","2",3,1,1,1,3,3,"True",1816,5,,1816.0,1904.0,88.0,1552.0,2168.0,"OK"
"between 18 and (excluding) 25","Undergraduate student (BSc not yet finished)","Computer science","none","10",4,0,1,1,3,3,"True",816,5,,1160.0,1168.0,8.0,1136.0,1192.0,"Outlier"
"between 18 and (excluding) 25","Undergraduate student (BSc not yet finished)","Computer science","none","6",6,2,1,1,3,3,"True",928,5,,1232.0,1568.0,336.0,224.0,2576.0,"OK"
"between 18 and (excluding) 25","Undergraduate student (BSc not yet finished)","Computer science","none","8",6,2,1,1,5,5,"True",1392,5,,1344.0,1392.0,48.0,1200.0,1536.0,"OK"
"between 18 and (excluding) 25","Undergraduate student (BSc not yet finished)","Computer science","none","4",6,2,1,1,5,5,"True",2576,5,,1464.0,2368.0,904.0,-1248.0,5080.0,"OK"
"between 18 and (excluding) 25","Undergraduate student (BSc not yet finished)","Computer science","none","4",3,1,1,1,1,1,"True",1760,5,,1760.0,1920.0,160.0,1280.0,2400.0,"OK"
"between 18 and (excluding) 25","Undergraduate student (BSc not yet finished)","Computer science","none","2",5,1,1,1,4,4,"True",2417,5,,2512.0,4504.0,1992.0,-3464.0,10480.0,"OK"
"between 18 and (excluding) 25","Undergraduate student (BSc not yet finished)","Computer science","none","4",1,3,1,1,5,5,"True",1272,5,,1256.0,1440.0,184.0,704.0,1992.0,"OK"
"between 18 and (excluding) 25","Undergraduate student (BSc not yet finished)","Computer science","none","4",1,3,1,1,6,6,"True",1200,5,,1256.0,1440.0,184.0,704.0,1992.0,"OK"
"between 18 and (excluding) 25","Undergraduate student (BSc not yet finished)","Computer science","none","10",2,2,1,1,3,3,"True",1216,5,,1216.0,1448.0,232.0,520.0,2144.0,"OK"
"between 18 and (excluding) 25","Undergraduate student (BSc not yet finished)","Computer science","none","10",4,0,1,1,5,5,"True",1160,5,,1160.0,1168.0,8.0,1136.0,1192.0,"OK"
"between 18 and (excluding) 25","Undergraduate student (BSc not yet finished)","Computer science","none","6",2,2,1,1,6,6,"True",1584,5,,1512.0,1584.0,72.0,1296.0,1800.0,"OK"
"between 18 and (excluding) 25","Undergraduate student (BSc not yet finished)","Computer science","none","Dynamic",2,2,1,1,3,3,"True",1304,5,,1192.0,1304.0,112.0,856.0,1640.0,"OK"
"between 18 and (excluding) 25","Undergraduate student (BSc not yet finished)","Computer science","none","4",5,1,1,1,4,4,"True",2624,5,,2152.0,2408.0,256.0,1384.0,3176.0,"OK"
"between 18 and (excluding) 25","Undergraduate student (BSc not yet finished)","Computer science","none","10",6,2,1,1,4,4,"True",776,5,,968.0,1440.0,472.0,-448.0,2856.0,"OK"
"between 18 and (excluding) 25","Undergraduate student (BSc not yet finished)","Computer science","none","6",5,1,1,1,1,1,"True",2184,5,,1320.0,1688.0,368.0,216.0,2792.0,"OK"
"between 18 and (excluding) 25","Undergraduate student (BSc not yet finished)","Computer science","none","2",2,2,1,1,1,1,"True",1392,5,,1608.0,1768.0,160.0,1128.0,2248.0,"OK"
"between 18 and (excluding) 25","Undergraduate student (BSc not yet finished)","Computer science","none","2",1,3,1,1,5,5,"True",1568,5,,1568.0,2193.0,625.0,-307.0,4068.0,"OK"
"between 18 and (excluding) 25","Undergraduate student (BSc not yet finished)","Computer science","none","6",5,1,1,1,6,6,"True",1688,5,,1320.0,1688.0,368.0,216.0,2792.0,"OK"
"between 18 and (excluding) 25","Undergraduate student (BSc not yet finished)","Computer science","none","10",4,0,1,1,1,1,"True",1400,5,,1160.0,1168.0,8.0,1136.0,1192.0,"Outlier"
"between 18 and (excluding) 25","Undergraduate student (BSc not yet finished)","Computer science","none","4",7,3,1,1,1,1,"True",784,5,,1064.0,1136.0,72.0,848.0,1352.0,"Outlier"
"between 18 and (excluding) 25","Undergraduate student (BSc not yet finished)","Computer science","none","Dynamic",6,2,1,1,2,2,"True",1200,5,,1136.0,1208.0,72.0,920.0,1424.0,"OK"
"between 18 and (excluding) 25","Undergraduate student (BSc not yet finished)","Computer science","none","2",6,2,1,1,2,2,"True",1208,5,,2288.0,2768.0,480.0,848.0,4208.0,"OK"
"between 18 and (excluding) 25","Undergraduate student (BSc not yet finished)","Computer science","none","Dynamic",5,1,1,1,2,2,"True",648,5,,960.0,1224.0,264.0,168.0,2016.0,"OK"
"between 18 and (excluding) 25","Undergraduate student (BSc not yet finished)","Computer science","none","10",5,1,1,1,3,3,"True",1256,5,,1168.0,1256.0,88.0,904.0,1520.0,"OK"
"between 18 and (excluding) 25","Undergraduate student (BSc not yet finished)","Computer science","none","Dynamic",4,0,1,1,2,2,"True",744,5,,896.0,1104.0,208.0,272.0,1728.0,"OK"
"between 18 and (excluding) 25","Undergraduate student (BSc not yet finished)","Computer science","none","6",1,3,1,1,2,2,"True",1528,5,,1288.0,1361.0,73.0,1069.0,1580.0,"OK"
"between 18 and (excluding) 25","Undergraduate student (BSc not yet finished)","Computer science","none","6",7,3,1,1,5,5,"True",1152,5,,904.0,1296.0,392.0,-272.0,2472.0,"OK"
"between 18 and (excluding) 25","Undergraduate student (BSc not yet finished)","Computer science","none","10",7,3,1,1,4,4,"True",1112,5,,992.0,1184.0,192.0,416.0,1760.0,"OK"
"between 18 and (excluding) 25","Undergraduate student (BSc not yet finished)","Computer science","none","10",2,2,1,1,4,4,"True",968,5,,1216.0,1448.0,232.0,520.0,2144.0,"OK"
"between 18 and (excluding) 25","Undergraduate student (BSc not yet finished)","Computer science","none","4",1,3,1,1,2,2,"True",1688,5,,1256.0,1440.0,184.0,704.0,1992.0,"OK"
"between 18 and (excluding) 25","Undergraduate student (BSc not yet finished)","Computer science","none","2",3,1,1,1,2,2,"True",1904,5,,1816.0,1904.0,88.0,1552.0,2168.0,"OK"
"between 18 and (excluding) 25","Undergraduate student (BSc not yet finished)","Computer science","none","6",4,0,1,1,5,5,"True",1736,5,,1400.0,1696.0,296.0,512.0,2584.0,"OK"
"between 18 and (excluding) 25","Undergraduate student (BSc not yet finished)","Computer science","none","4",6,2,0,1,2,4,"False",1624,5,,1464.0,2368.0,904.0,-1248.0,5080.0,"OK"
"between 18 and (excluding) 25","Undergraduate student (BSc not yet finished)","Computer science","none","10",3,1,1,1,1,1,"True",1400,5,,1056.0,1400.0,344.0,24.0,2432.0,"OK"
"between 18 and (excluding) 25","Undergraduate student (BSc not yet finished)","Computer science","none","Dynamic",2,2,1,1,3,3,"True",1192,5,,1192.0,1304.0,112.0,856.0,1640.0,"OK"
"between 18 and (excluding) 25","Undergraduate student (BSc not yet finished)","Computer science","none","2",5,1,1,1,7,7,"True",4504,5,,2512.0,4504.0,1992.0,-3464.0,10480.0,"OK"
"between 18 and (excluding) 25","Undergraduate student (BSc not yet finished)","Computer science","none","Dynamic",2,2,1,1,3,3,"True",1432,5,,1192.0,1304.0,112.0,856.0,1640.0,"OK"
"between 18 and (excluding) 25","Undergraduate student (BSc not yet finished)","Computer science","none","Dynamic",6,2,1,1,7,7,"True",1432,5,,1136.0,1208.0,72.0,920.0,1424.0,"Outlier"
"between 18 and (excluding) 25","Undergraduate student (BSc not yet finished)","Computer science","none","2",3,1,1,1,4,4,"True",1832,5,,1816.0,1904.0,88.0,1552.0,2168.0,"OK"
"between 18 and (excluding) 25","Undergraduate student (BSc not yet finished)","Computer science","none","Dynamic",3,1,1,1,4,4,"True",856,5,,1168.0,1193.0,25.0,1093.0,1268.0,"Outlier"
"between 18 and (excluding) 25","Undergraduate student (BSc not yet finished)","Computer science","none","4",7,3,1,1,5,5,"True",1096,5,,1064.0,1136.0,72.0,848.0,1352.0,"OK"
"between 18 and (excluding) 25","Undergraduate student (BSc not yet finished)","Computer science","none","8",2,2,1,1,6,6,"True",1384,5,,1376.0,1601.0,225.0,701.0,2276.0,"OK"
"between 18 and (excluding) 25","Undergraduate student (BSc not yet finished)","Computer science","none","Dynamic",5,1,1,1,2,2,"True",1256,5,,960.0,1224.0,264.0,168.0,2016.0,"OK"
"between 18 and (excluding) 25","Undergraduate student (BSc not yet finished)","Computer science","none","4",5,1,1,1,7,7,"True",2408,5,,2152.0,2408.0,256.0,1384.0,3176.0,"OK"
"between 18 and (excluding) 25","Undergraduate student (BSc not yet finished)","Computer science","none","10",6,2,1,1,2,2,"True",968,5,,968.0,1440.0,472.0,-448.0,2856.0,"OK"
"between 18 and (excluding) 25","Undergraduate student (BSc not yet finished)","Computer science","none","4",3,1,1,1,5,5,"True",1920,5,,1760.0,1920.0,160.0,1280.0,2400.0,"OK"
"between 18 and (excluding) 25","Undergraduate student (BSc not yet finished)","Computer science","none","6",1,3,1,1,4,4,"True",1128,5,,1288.0,1361.0,73.0,1069.0,1580.0,"OK"
"between 18 and (excluding) 25","Undergraduate student (BSc not yet finished)","Computer science","none","8",7,3,1,1,1,1,"True",1072,5,,1088.0,1176.0,88.0,824.0,1440.0,"OK"
"between 18 and (excluding) 25","Undergraduate student (BSc not yet finished)","Computer science","none","2",5,1,1,1,5,5,"True",3456,5,,2512.0,4504.0,1992.0,-3464.0,10480.0,"OK"
"between 18 and (excluding) 25","Undergraduate student (BSc not yet finished)","Computer science","none","4",5,1,1,1,3,3,"True",2225,5,,2152.0,2408.0,256.0,1384.0,3176.0,"OK"
"between 18 and (excluding) 25","Undergraduate student (BSc not yet finished)","Computer science","none","2",2,2,1,1,6,6,"True",1728,5,,1608.0,1768.0,160.0,1128.0,2248.0,"OK"
"between 18 and (excluding) 25","Undergraduate student (BSc not yet finished)","Computer science","none","8",7,3,1,1,2,2,"True",1097,5,,1088.0,1176.0,88.0,824.0,1440.0,"OK"
"between 18 and (excluding) 25","Undergraduate student (BSc not yet finished)","Computer science","none","8",1,3,1,1,1,1,"True",848,5,,848.0,1328.0,480.0,-592.0,2768.0,"OK"
"between 18 and (excluding) 25","Undergraduate student (BSc not yet finished)","Computer science","none","10",7,3,1,1,7,7,"True",1193,5,,992.0,1184.0,192.0,416.0,1760.0,"OK"
"between 18 and (excluding) 25","Undergraduate student (BSc not yet finished)","Computer science","none","Dynamic",3,1,1,1,7,7,"True",1193,5,,1168.0,1193.0,25.0,1093.0,1268.0,"OK"
"between 18 and (excluding) 25","Undergraduate student (BSc not yet finished)","Computer science","none","2",7,3,1,1,7,7,"True",1376,5,,792.0,1376.0,584.0,-960.0,3128.0,"OK"
"between 18 and (excluding) 25","Undergraduate student (BSc not yet finished)","Computer science","none","4",2,2,1,1,2,2,"True",1529,5,,1449.0,1529.0,80.0,1209.0,1769.0,"OK"
"between 18 and (excluding) 25","Undergraduate student (BSc not yet finished)","Computer science","none","8",3,1,1,1,4,4,"True",1472,5,,1248.0,1384.0,136.0,840.0,1792.0,"OK"
"between 18 and (excluding) 25","Undergraduate student (BSc not yet finished)","Computer science","none","8",5,1,1,1,2,2,"True",1240,5,,1096.0,1240.0,144.0,664.0,1672.0,"OK"
"between 18 and (excluding) 25","Undergraduate student (BSc not yet finished)","Computer science","none","Dynamic",1,3,1,1,7,7,"True",1217,5,,1112.0,1200.0,88.0,848.0,1464.0,"OK"
"between 18 and (excluding) 25","Undergraduate student (BSc not yet finished)","Computer science","none","6",5,1,1,1,5,5,"True",1664,5,,1320.0,1688.0,368.0,216.0,2792.0,"OK"
"between 18 and (excluding) 25","Undergraduate student (BSc not yet finished)","Computer science","none","Dynamic",7,3,1,1,5,5,"True",1265,5,,1056.0,1265.0,209.0,429.0,1892.0,"OK"
"between 18 and (excluding) 25","Undergraduate student (BSc not yet finished)","Computer science","none","4",7,3,1,1,7,7,"True",1136,5,,1064.0,1136.0,72.0,848.0,1352.0,"OK"
"between 18 and (excluding) 25","Undergraduate student (BSc not yet finished)","Computer science","none","2",7,3,1,1,7,7,"True",792,5,,792.0,1376.0,584.0,-960.0,3128.0,"OK"
"between 18 and (excluding) 25","Undergraduate student (BSc not yet finished)","Computer science","none","6",3,1,1,1,1,1,"True",1648,5,,1393.0,1648.0,255.0,628.0,2413.0,"OK"
"between 18 and (excluding) 25","Undergraduate student (BSc not yet finished)","Computer science","none","4",3,1,1,1,7,7,"True",1839,5,,1760.0,1920.0,160.0,1280.0,2400.0,"OK"
"between 18 and (excluding) 25","Undergraduate student (BSc not yet finished)","Computer science","none","4",3,1,1,1,3,3,"True",1688,5,,1760.0,1920.0,160.0,1280.0,2400.0,"OK"
"between 18 and (excluding) 25","Undergraduate student (BSc not yet finished)","Computer science","none","8",2,2,1,1,5,5,"True",2504,5,,1376.0,1601.0,225.0,701.0,2276.0,"Outlier"
"between 18 and (excluding) 25","Undergraduate student (BSc not yet finished)","Computer science","none","Dynamic",2,2,1,1,7,7,"True",1224,5,,1192.0,1304.0,112.0,856.0,1640.0,"OK"
"between 18 and (excluding) 25","Undergraduate student (BSc not yet finished)","Computer science","none","4",2,2,1,1,1,1,"True",1688,5,,1449.0,1529.0,80.0,1209.0,1769.0,"OK"
"between 18 and (excluding) 25","Undergraduate student (BSc not yet finished)","Computer science","none","10",1,3,1,1,7,7,"True",1360,5,,1296.0,1488.0,192.0,720.0,2064.0,"OK"
"between 18 and (excluding) 25","Undergraduate student (BSc not yet finished)","Computer science","none","Dynamic",6,2,1,1,7,7,"True",1120,5,,1136.0,1208.0,72.0,920.0,1424.0,"OK"
"between 18 and (excluding) 25","Undergraduate student (BSc not yet finished)","Computer science","none","8",4,0,1,1,1,1,"True",1120,5,,1192.0,1401.0,209.0,565.0,2028.0,"OK"
"between 18 and (excluding) 25","Undergraduate student (BSc not yet finished)","Computer science","none","8",4,0,1,1,3,3,"True",1440,5,,1192.0,1401.0,209.0,565.0,2028.0,"OK"
"between 18 and (excluding) 25","Undergraduate student (BSc not yet finished)","Computer science","none","10",3,1,1,1,5,5,"True",1409,5,,1056.0,1400.0,344.0,24.0,2432.0,"OK"
"between 18 and (excluding) 25","Undergraduate student (BSc not yet finished)","Computer science","none","Dynamic",4,0,1,1,3,3,"True",1096,5,,896.0,1104.0,208.0,272.0,1728.0,"OK"
"between 18 and (excluding) 25","Undergraduate student (BSc not yet finished)","Computer science","none","2",7,3,1,1,6,6,"True",1801,5,,792.0,1376.0,584.0,-960.0,3128.0,"OK"
"between 18 and (excluding) 25","Undergraduate student (BSc not yet finished)","Computer science","none","8",7,3,1,1,1,1,"True",1088,5,,1088.0,1176.0,88.0,824.0,1440.0,"OK"
"between 18 and (excluding) 25","Undergraduate student (BSc not yet finished)","Computer science","none","2",4,0,0,1,5,4,"False",2984,5,,2856.0,3760.0,904.0,144.0,6472.0,"OK"
"between 18 and (excluding) 25","Undergraduate student (BSc not yet finished)","Computer science","none","Dynamic",5,1,1,1,3,3,"True",1224,5,,960.0,1224.0,264.0,168.0,2016.0,"OK"
"between 18 and (excluding) 25","Undergraduate student (BSc not yet finished)","Computer science","none","Dynamic",7,3,1,1,3,3,"True",1120,5,,1056.0,1265.0,209.0,429.0,1892.0,"OK"
"between 18 and (excluding) 25","Undergraduate student (BSc not yet finished)","Computer science","none","Dynamic",7,3,1,1,1,1,"True",1056,5,,1056.0,1265.0,209.0,429.0,1892.0,"OK"
"between 18 and (excluding) 25","Undergraduate student (BSc not yet finished)","Computer science","none","Dynamic",7,3,1,1,2,2,"True",1024,5,,1056.0,1265.0,209.0,429.0,1892.0,"OK"
"between 18 and (excluding) 25","Undergraduate student (BSc not yet finished)","Computer science","none","6",3,1,1,1,5,5,"True",1936,5,,1393.0,1648.0,255.0,628.0,2413.0,"OK"
"between 18 and (excluding) 25","Undergraduate student (BSc not yet finished)","Computer science","none","10",7,3,1,1,6,6,"True",1184,5,,992.0,1184.0,192.0,416.0,1760.0,"OK"
"between 18 and (excluding) 25","Undergraduate student (BSc not yet finished)","Computer science","none","4",1,3,1,1,6,6,"True",1440,5,,1256.0,1440.0,184.0,704.0,1992.0,"OK"
"between 18 and (excluding) 25","Undergraduate student (BSc not yet finished)","Computer science","none","6",2,2,1,1,1,1,"True",1256,5,,1512.0,1584.0,72.0,1296.0,1800.0,"Outlier"
"between 18 and (excluding) 25","Undergraduate student (BSc not yet finished)","Computer science","none","6",6,2,1,1,5,5,"True",1568,5,,1232.0,1568.0,336.0,224.0,2576.0,"OK"
"between 18 and (excluding) 25","Undergraduate student (BSc not yet finished)","Computer science","none","4",2,2,1,1,3,3,"True",1488,5,,1449.0,1529.0,80.0,1209.0,1769.0,"OK"
"between 18 and (excluding) 25","Undergraduate student (BSc not yet finished)","Computer science","none","10",5,1,1,1,4,4,"True",1168,5,,1168.0,1256.0,88.0,904.0,1520.0,"OK"
"between 18 and (excluding) 25","Undergraduate student (BSc not yet finished)","Computer science","none","8",4,0,1,1,5,5,"True",1192,5,,1192.0,1401.0,209.0,565.0,2028.0,"OK"
"between 18 and (excluding) 25","Undergraduate student (BSc not yet finished)","Computer science","none","10",3,1,0,1,4,5,"False",1056,5,,1056.0,1400.0,344.0,24.0,2432.0,"OK"
"between 18 and (excluding) 25","Undergraduate student (BSc not yet finished)","Computer science","none","10",2,2,1,1,7,7,"True",1448,5,,1216.0,1448.0,232.0,520.0,2144.0,"OK"
"between 18 and (excluding) 25","Undergraduate student (BSc not yet finished)","Computer science","none","8",2,2,1,1,1,1,"True",1376,5,,1376.0,1601.0,225.0,701.0,2276.0,"OK"
"between 18 and (excluding) 25","Undergraduate student (BSc not yet finished)","Computer science","none","Dynamic",7,3,1,1,7,7,"True",1464,5,,1056.0,1265.0,209.0,429.0,1892.0,"OK"
"between 18 and (excluding) 25","Undergraduate student (BSc not yet finished)","Computer science","none","6",7,3,1,1,1,1,"True",904,5,,904.0,1296.0,392.0,-272.0,2472.0,"OK"
"between 18 and (excluding) 25","Undergraduate student (BSc not yet finished)","Computer science","none","2",7,3,1,1,3,3,"True",1232,5,,792.0,1376.0,584.0,-960.0,3128.0,"OK"
"between 18 and (excluding) 25","Undergraduate student (BSc not yet finished)","Computer science","none","Dynamic",4,0,1,1,5,5,"True",1104,5,,896.0,1104.0,208.0,272.0,1728.0,"OK"
"between 18 and (excluding) 25","Undergraduate student (BSc not yet finished)","Computer science","none","Dynamic",5,1,1,1,1,1,"True",960,5,,960.0,1224.0,264.0,168.0,2016.0,"OK"
"between 18 and (excluding) 25","Undergraduate student (BSc not yet finished)","Computer science","none","Dynamic",3,1,1,1,2,2,"True",1168,5,,1168.0,1193.0,25.0,1093.0,1268.0,"OK"
"between 18 and (excluding) 25","Undergraduate student (BSc not yet finished)","Computer science","none","2",2,2,1,1,5,5,"True",1920,5,,1608.0,1768.0,160.0,1128.0,2248.0,"OK"
"between 18 and (excluding) 25","Undergraduate student (BSc not yet finished)","Computer science","none","6",1,3,1,1,2,2,"True",1296,5,,1288.0,1361.0,73.0,1069.0,1580.0,"OK"
"between 18 and (excluding) 25","Undergraduate student (BSc not yet finished)","Computer science","none","Dynamic",1,3,1,1,1,1,"True",760,5,,1112.0,1200.0,88.0,848.0,1464.0,"Outlier"
"between 18 and (excluding) 25","Undergraduate student (BSc not yet finished)","Computer science","none","Dynamic",3,1,1,1,4,4,"True",1176,5,,1168.0,1193.0,25.0,1093.0,1268.0,"OK"
"between 18 and (excluding) 25","Undergraduate student (BSc not yet finished)","Computer science","none","10",4,0,1,1,2,2,"True",1168,5,,1160.0,1168.0,8.0,1136.0,1192.0,"OK"
"between 18 and (excluding) 25","Undergraduate student (BSc not yet finished)","Computer science","none","Dynamic",4,0,1,1,3,3,"True",896,5,,896.0,1104.0,208.0,272.0,1728.0,"OK"
"between 18 and (excluding) 25","Undergraduate student (BSc not yet finished)","Computer science","none","2",1,3,1,1,2,2,"True",1400,5,,1568.0,2193.0,625.0,-307.0,4068.0,"OK"
"between 18 and (excluding) 25","Undergraduate student (BSc not yet finished)","Computer science","none","6",4,0,1,1,2,2,"True",1400,5,,1400.0,1696.0,296.0,512.0,2584.0,"OK"
"between 18 and (excluding) 25","Undergraduate student (BSc not yet finished)","Computer science","none","8",6,2,1,1,7,7,"True",1544,5,,1344.0,1392.0,48.0,1200.0,1536.0,"Outlier"
"between 18 and (excluding) 25","Undergraduate student (BSc not yet finished)","Computer science","none","2",5,1,0,1,4,6,"False",6144,5,,2512.0,4504.0,1992.0,-3464.0,10480.0,"OK"
"between 18 and (excluding) 25","Undergraduate student (BSc not yet finished)","Computer science","none","6",6,2,1,1,2,2,"True",1232,5,,1232.0,1568.0,336.0,224.0,2576.0,"OK"
"between 18 and (excluding) 25","Undergraduate student (BSc not yet finished)","Computer science","none","8",2,2,1,1,2,2,"True",896,5,,1376.0,1601.0,225.0,701.0,2276.0,"OK"
"between 18 and (excluding) 25","Undergraduate student (BSc not yet finished)","Computer science","none","8",7,3,1,1,4,4,"True",1264,5,,1088.0,1176.0,88.0,824.0,1440.0,"OK"
"between 18 and (excluding) 25","Undergraduate student (BSc not yet finished)","Computer science","none","Dynamic",6,2,1,1,5,5,"True",1136,5,,1136.0,1208.0,72.0,920.0,1424.0,"OK"
"between 18 and (excluding) 25","Undergraduate student (BSc not yet finished)","Computer science","none","4",4,0,1,1,7,7,"True",2992,5,,2456.0,2992.0,536.0,848.0,4600.0,"OK"
"between 18 and (excluding) 25","Undergraduate student (BSc not yet finished)","Computer science","none","4",2,2,1,1,2,2,"True",1304,5,,1449.0,1529.0,80.0,1209.0,1769.0,"OK"
"between 18 and (excluding) 25","Undergraduate student (BSc not yet finished)","Computer science","none","4",5,1,1,1,1,1,"True",2152,5,,2152.0,2408.0,256.0,1384.0,3176.0,"OK"
"between 18 and (excluding) 25","Undergraduate student (BSc not yet finished)","Computer science","none","8",1,3,1,1,6,6,"True",1328,5,,848.0,1328.0,480.0,-592.0,2768.0,"OK"
"between 18 and (excluding) 25","Undergraduate student (BSc not yet finished)","Computer science","none","10",6,2,1,1,7,7,"True",1480,5,,968.0,1440.0,472.0,-448.0,2856.0,"OK"
"between 18 and (excluding) 25","Undergraduate student (BSc not yet finished)","Computer science","none","10",2,2,1,1,4,4,"True",1368,5,,1216.0,1448.0,232.0,520.0,2144.0,"OK"
"between 18 and (excluding) 25","Undergraduate student (BSc not yet finished)","Computer science","none","2",3,1,1,1,2,2,"True",1912,5,,1816.0,1904.0,88.0,1552.0,2168.0,"OK"
"between 18 and (excluding) 25","Undergraduate student (BSc not yet finished)","Computer science","none","8",1,3,1,1,4,4,"True",1504,5,,848.0,1328.0,480.0,-592.0,2768.0,"OK"
"between 18 and (excluding) 25","Undergraduate student (BSc not yet finished)","Computer science","none","2",3,1,1,1,7,7,"True",1704,5,,1816.0,1904.0,88.0,1552.0,2168.0,"OK"
"between 18 and (excluding) 25","Undergraduate student (BSc not yet finished)","Computer science","none","6",3,1,1,1,4,4,"True",1608,5,,1393.0,1648.0,255.0,628.0,2413.0,"OK"
"between 18 and (excluding) 25","Undergraduate student (BSc not yet finished)","Computer science","none","6",1,3,1,1,6,6,"True",1288,5,,1288.0,1361.0,73.0,1069.0,1580.0,"OK"
"between 18 and (excluding) 25","Undergraduate student (BSc not yet finished)","Computer science","none","6",2,2,1,1,5,5,"True",1648,5,,1512.0,1584.0,72.0,1296.0,1800.0,"OK"
"between 18 and (excluding) 25","Undergraduate student (BSc not yet finished)","Computer science","none","Dynamic",3,1,1,1,3,3,"True",1304,5,,1168.0,1193.0,25.0,1093.0,1268.0,"Outlier"
"between 18 and (excluding) 25","Undergraduate student (BSc not yet finished)","Computer science","none","4",1,3,1,1,3,3,"True",1256,5,,1256.0,1440.0,184.0,704.0,1992.0,"OK"
"between 18 and (excluding) 25","Undergraduate student (BSc not yet finished)","Computer science","none","6",3,1,1,1,4,4,"True",1256,5,,1393.0,1648.0,255.0,628.0,2413.0,"OK"
"between 18 and (excluding) 25","Undergraduate student (BSc not yet finished)","Computer science","none","Dynamic",1,3,1,1,7,7,"True",1200,5,,1112.0,1200.0,88.0,848.0,1464.0,"OK"
"between 18 and (excluding) 25","Undergraduate student (BSc not yet finished)","Computer science","none","6",3,1,1,1,3,3,"True",1393,5,,1393.0,1648.0,255.0,628.0,2413.0,"OK"
"between 18 and (excluding) 25","Undergraduate student (BSc not yet finished)","Computer science","none","6",7,3,1,1,3,3,"True",760,5,,904.0,1296.0,392.0,-272.0,2472.0,"OK"
"between 18 and (excluding) 25","Undergraduate student (BSc not yet finished)","Computer science","none","8",3,1,1,1,1,1,"True",1384,5,,1248.0,1384.0,136.0,840.0,1792.0,"OK"
"between 18 and (excluding) 25","Undergraduate student (BSc not yet finished)","Computer science","none","4",2,2,1,1,4,4,"True",1449,5,,1449.0,1529.0,80.0,1209.0,1769.0,"OK"
"between 18 and (excluding) 25","Undergraduate student (BSc not yet finished)","Computer science","none","8",6,2,1,1,3,3,"True",1272,5,,1344.0,1392.0,48.0,1200.0,1536.0,"OK"
"between 18 and (excluding) 25","Undergraduate student (BSc not yet finished)","Computer science","none","4",7,3,1,1,6,6,"True",1279,5,,1064.0,1136.0,72.0,848.0,1352.0,"OK"
"between 18 and (excluding) 25","Undergraduate student (BSc not yet finished)","Computer science","none","Dynamic",5,1,1,1,1,1,"True",1017,5,,960.0,1224.0,264.0,168.0,2016.0,"OK"
"between 18 and (excluding) 25","Undergraduate student (BSc not yet finished)","Computer science","none","6",5,1,1,1,4,4,"True",1248,5,,1320.0,1688.0,368.0,216.0,2792.0,"OK"
"between 18 and (excluding) 25","Undergraduate student (BSc not yet finished)","Computer science","none","8",2,2,1,1,5,5,"True",1601,5,,1376.0,1601.0,225.0,701.0,2276.0,"OK"
"between 18 and (excluding) 25","Undergraduate student (BSc not yet finished)","Computer science","none","6",4,0,1,1,4,4,"True",1696,5,,1400.0,1696.0,296.0,512.0,2584.0,"OK"
"between 25 and (excluding) 30","Undergraduate student (BSc not yet finished)","Computer science","more than 5 years","4",4,0,1,1,1,1,"True",4578,7,,3558.0,4753.0,1195.0,-27.0,8338.0,"OK"
"between 25 and (excluding) 30","Undergraduate student (BSc not yet finished)","Computer science","more than 5 years","4",7,3,1,1,3,3,"True",1626,7,,1403.0,1499.0,96.0,1115.0,1787.0,"OK"
"between 25 and (excluding) 30","Undergraduate student (BSc not yet finished)","Computer science","more than 5 years","2",7,3,1,1,2,2,"True",1810,7,,1345.0,1508.0,163.0,856.0,1997.0,"OK"
"between 25 and (excluding) 30","Undergraduate student (BSc not yet finished)","Computer science","more than 5 years","2",4,0,1,1,2,2,"True",4946,7,,4326.0,4946.0,620.0,2466.0,6806.0,"OK"
"between 25 and (excluding) 30","Undergraduate student (BSc not yet finished)","Computer science","more than 5 years","8",4,0,1,1,5,5,"True",4711,7,,2578.0,4535.0,1957.0,-3293.0,10406.0,"OK"
"between 25 and (excluding) 30","Undergraduate student (BSc not yet finished)","Computer science","more than 5 years","10",1,3,1,1,3,3,"True",1470,7,,1433.0,1628.0,195.0,848.0,2213.0,"OK"
"between 25 and (excluding) 30","Undergraduate student (BSc not yet finished)","Computer science","more than 5 years","8",5,1,1,1,3,3,"True",1778,7,,1733.0,1869.0,136.0,1325.0,2277.0,"OK"
"between 25 and (excluding) 30","Undergraduate student (BSc not yet finished)","Computer science","more than 5 years","4",5,1,1,1,1,1,"True",1603,7,,2020.0,2179.0,159.0,1543.0,2656.0,"OK"
"between 25 and (excluding) 30","Undergraduate student (BSc not yet finished)","Computer science","more than 5 years","10",1,3,1,1,7,7,"True",1628,7,,1433.0,1628.0,195.0,848.0,2213.0,"OK"
"between 25 and (excluding) 30","Undergraduate student (BSc not yet finished)","Computer science","more than 5 years","2",2,2,1,1,5,5,"True",2849,7,,1713.0,2517.0,804.0,-699.0,4929.0,"OK"
"between 25 and (excluding) 30","Undergraduate student (BSc not yet finished)","Computer science","more than 5 years","4",6,2,1,1,5,5,"True",1904,7,,1449.0,1904.0,455.0,84.0,3269.0,"OK"
"between 25 and (excluding) 30","Undergraduate student (BSc not yet finished)","Computer science","more than 5 years","2",6,2,1,1,6,6,"True",1862,7,,1729.0,1891.0,162.0,1243.0,2377.0,"OK"
"between 25 and (excluding) 30","Undergraduate student (BSc not yet finished)","Computer science","more than 5 years","6",5,1,1,1,3,3,"True",2255,7,,1577.0,1927.0,350.0,527.0,2977.0,"OK"
"between 25 and (excluding) 30","Undergraduate student (BSc not yet finished)","Computer science","more than 5 years","10",2,2,1,1,6,6,"True",1547,7,,1375.0,1547.0,172.0,859.0,2063.0,"OK"
"between 25 and (excluding) 30","Undergraduate student (BSc not yet finished)","Computer science","more than 5 years","Dynamic",2,2,1,1,7,7,"True",1329,7,,1205.0,1317.0,112.0,869.0,1653.0,"OK"
"between 25 and (excluding) 30","Undergraduate student (BSc not yet finished)","Computer science","more than 5 years","2",6,2,1,1,6,6,"True",2475,7,,1729.0,1891.0,162.0,1243.0,2377.0,"Outlier"
"between 25 and (excluding) 30","Undergraduate student (BSc not yet finished)","Computer science","more than 5 years","4",4,0,0,1,6,4,"False",3558,7,,3558.0,4753.0,1195.0,-27.0,8338.0,"OK"
"between 25 and (excluding) 30","Undergraduate student (BSc not yet finished)","Computer science","more than 5 years","2",5,1,1,1,2,2,"True",2364,7,,2364.0,2866.0,502.0,858.0,4372.0,"OK"
"between 25 and (excluding) 30","Undergraduate student (BSc not yet finished)","Computer science","more than 5 years","2",4,0,1,1,7,7,"True",4326,7,,4326.0,4946.0,620.0,2466.0,6806.0,"OK"
"between 25 and (excluding) 30","Undergraduate student (BSc not yet finished)","Computer science","more than 5 years","6",7,3,1,1,7,7,"True",2143,7,,1258.0,1531.0,273.0,439.0,2350.0,"OK"
"between 25 and (excluding) 30","Undergraduate student (BSc not yet finished)","Computer science","more than 5 years","6",6,2,1,1,2,2,"True",1742,7,,1329.0,1726.0,397.0,138.0,2917.0,"OK"
"between 25 and (excluding) 30","Undergraduate student (BSc not yet finished)","Computer science","more than 5 years","10",4,0,1,1,1,1,"True",2854,7,,2417.0,4153.0,1736.0,-2791.0,9361.0,"OK"
"between 25 and (excluding) 30","Undergraduate student (BSc not yet finished)","Computer science","more than 5 years","10",1,3,1,1,4,4,"True",1670,7,,1433.0,1628.0,195.0,848.0,2213.0,"OK"
"between 25 and (excluding) 30","Undergraduate student (BSc not yet finished)","Computer science","more than 5 years","2",4,0,1,1,1,1,"True",4913,7,,4326.0,4946.0,620.0,2466.0,6806.0,"OK"
"between 25 and (excluding) 30","Undergraduate student (BSc not yet finished)","Computer science","more than 5 years","6",4,0,1,1,3,3,"True",7317,7,,2576.0,3800.0,1224.0,-1096.0,7472.0,"OK"
"between 25 and (excluding) 30","Undergraduate student (BSc not yet finished)","Computer science","more than 5 years","4",4,0,1,1,2,2,"True",4809,7,,3558.0,4753.0,1195.0,-27.0,8338.0,"OK"
"between 25 and (excluding) 30","Undergraduate student (BSc not yet finished)","Computer science","more than 5 years","6",6,2,1,1,6,6,"True",1726,7,,1329.0,1726.0,397.0,138.0,2917.0,"OK"
"between 25 and (excluding) 30","Undergraduate student (BSc not yet finished)","Computer science","more than 5 years","Dynamic",1,3,1,1,1,1,"True",1387,7,,1276.0,1447.0,171.0,763.0,1960.0,"OK"
"between 25 and (excluding) 30","Undergraduate student (BSc not yet finished)","Computer science","more than 5 years","4",6,2,1,1,1,1,"True",1395,7,,1449.0,1904.0,455.0,84.0,3269.0,"OK"
"between 25 and (excluding) 30","Undergraduate student (BSc not yet finished)","Computer science","more than 5 years","10",3,1,1,1,6,6,"True",6195,7,,1368.0,2902.0,1534.0,-3234.0,7504.0,"OK"
"between 25 and (excluding) 30","Undergraduate student (BSc not yet finished)","Computer science","more than 5 years","8",5,1,1,1,3,3,"True",2193,7,,1733.0,1869.0,136.0,1325.0,2277.0,"OK"
"between 25 and (excluding) 30","Undergraduate student (BSc not yet finished)","Computer science","more than 5 years","8",1,3,1,1,2,2,"True",1434,7,,1434.0,1642.0,208.0,810.0,2266.0,"OK"
"between 25 and (excluding) 30","Undergraduate student (BSc not yet finished)","Computer science","more than 5 years","10",5,1,1,1,7,7,"True",2266,7,,1594.0,2266.0,672.0,-422.0,4282.0,"OK"
"between 25 and (excluding) 30","Undergraduate student (BSc not yet finished)","Computer science","more than 5 years","Dynamic",6,2,1,1,5,5,"True",1794,7,,1305.0,1453.0,148.0,861.0,1897.0,"OK"
"between 25 and (excluding) 30","Undergraduate student (BSc not yet finished)","Computer science","more than 5 years","6",4,0,1,1,1,1,"True",3800,7,,2576.0,3800.0,1224.0,-1096.0,7472.0,"OK"
"between 25 and (excluding) 30","Undergraduate student (BSc not yet finished)","Computer science","more than 5 years","10",5,1,1,1,4,4,"True",2611,7,,1594.0,2266.0,672.0,-422.0,4282.0,"OK"
"between 25 and (excluding) 30","Undergraduate student (BSc not yet finished)","Computer science","more than 5 years","2",4,0,1,1,1,1,"True",5219,7,,4326.0,4946.0,620.0,2466.0,6806.0,"OK"
"between 25 and (excluding) 30","Undergraduate student (BSc not yet finished)","Computer science","more than 5 years","10",5,1,1,1,6,6,"True",1836,7,,1594.0,2266.0,672.0,-422.0,4282.0,"OK"
"between 25 and (excluding) 30","Undergraduate student (BSc not yet finished)","Computer science","more than 5 years","Dynamic",1,3,1,1,5,5,"True",1478,7,,1276.0,1447.0,171.0,763.0,1960.0,"OK"
"between 25 and (excluding) 30","Undergraduate student (BSc not yet finished)","Computer science","more than 5 years","2",6,2,1,1,5,5,"True",1729,7,,1729.0,1891.0,162.0,1243.0,2377.0,"OK"
"between 25 and (excluding) 30","Undergraduate student (BSc not yet finished)","Computer science","more than 5 years","2",6,2,1,1,4,4,"True",1891,7,,1729.0,1891.0,162.0,1243.0,2377.0,"OK"
"between 25 and (excluding) 30","Undergraduate student (BSc not yet finished)","Computer science","more than 5 years","6",2,2,1,1,6,6,"True",1578,7,,1344.0,1551.0,207.0,723.0,2172.0,"OK"
"between 25 and (excluding) 30","Undergraduate student (BSc not yet finished)","Computer science","more than 5 years","Dynamic",4,0,1,1,2,2,"True",2280,7,,1215.0,1342.0,127.0,834.0,1723.0,"Outlier"
"between 25 and (excluding) 30","Undergraduate student (BSc not yet finished)","Computer science","more than 5 years","2",1,3,1,1,5,5,"True",1447,7,,1341.0,1625.0,284.0,489.0,2477.0,"OK"
"between 25 and (excluding) 30","Undergraduate student (BSc not yet finished)","Computer science","more than 5 years","6",7,3,1,1,6,6,"True",1494,7,,1258.0,1531.0,273.0,439.0,2350.0,"OK"
"between 25 and (excluding) 30","Undergraduate student (BSc not yet finished)","Computer science","more than 5 years","10",1,3,1,1,5,5,"True",1377,7,,1433.0,1628.0,195.0,848.0,2213.0,"OK"
"between 25 and (excluding) 30","Undergraduate student (BSc not yet finished)","Computer science","more than 5 years","4",3,1,1,1,5,5,"True",1879,7,,1517.0,1860.0,343.0,488.0,2889.0,"OK"
"between 25 and (excluding) 30","Undergraduate student (BSc not yet finished)","Computer science","more than 5 years","6",1,3,1,1,3,3,"True",1339,7,,1273.0,1444.0,171.0,760.0,1957.0,"OK"
"between 25 and (excluding) 30","Undergraduate student (BSc not yet finished)","Computer science","more than 5 years","8",5,1,1,1,2,2,"True",1869,7,,1733.0,1869.0,136.0,1325.0,2277.0,"OK"
"between 25 and (excluding) 30","Undergraduate student (BSc not yet finished)","Computer science","more than 5 years","6",2,2,1,1,7,7,"True",1551,7,,1344.0,1551.0,207.0,723.0,2172.0,"OK"
"between 25 and (excluding) 30","Undergraduate student (BSc not yet finished)","Computer science","more than 5 years","8",3,1,1,1,2,2,"True",1411,7,,1411.0,1494.0,83.0,1162.0,1743.0,"OK"
"between 25 and (excluding) 30","Undergraduate student (BSc not yet finished)","Computer science","more than 5 years","8",4,0,1,1,2,2,"True",4535,7,,2578.0,4535.0,1957.0,-3293.0,10406.0,"OK"
"between 25 and (excluding) 30","Undergraduate student (BSc not yet finished)","Computer science","more than 5 years","8",1,3,1,1,1,1,"True",1566,7,,1434.0,1642.0,208.0,810.0,2266.0,"OK"
"between 25 and (excluding) 30","Undergraduate student (BSc not yet finished)","Computer science","more than 5 years","8",6,2,1,1,4,4,"True",1402,7,,1310.0,2023.0,713.0,-829.0,4162.0,"OK"
"between 25 and (excluding) 30","Undergraduate student (BSc not yet finished)","Computer science","more than 5 years","8",7,3,1,1,3,3,"True",1468,7,,1008.0,1468.0,460.0,-372.0,2848.0,"OK"
"between 25 and (excluding) 30","Undergraduate student (BSc not yet finished)","Computer science","more than 5 years","8",5,1,1,1,1,1,"True",1525,7,,1733.0,1869.0,136.0,1325.0,2277.0,"OK"
"between 25 and (excluding) 30","Undergraduate student (BSc not yet finished)","Computer science","more than 5 years","4",6,2,1,1,3,3,"True",1583,7,,1449.0,1904.0,455.0,84.0,3269.0,"OK"
"between 25 and (excluding) 30","Undergraduate student (BSc not yet finished)","Computer science","more than 5 years","10",3,1,1,1,1,1,"True",1368,7,,1368.0,2902.0,1534.0,-3234.0,7504.0,"OK"
"between 25 and (excluding) 30","Undergraduate student (BSc not yet finished)","Computer science","more than 5 years","10",6,2,1,1,1,1,"True",1560,7,,1328.0,1560.0,232.0,632.0,2256.0,"OK"
"between 25 and (excluding) 30","Undergraduate student (BSc not yet finished)","Computer science","more than 5 years","10",7,3,1,1,1,1,"True",1033,7,,1362.0,1389.0,27.0,1281.0,1470.0,"Outlier"
"between 25 and (excluding) 30","Undergraduate student (BSc not yet finished)","Computer science","more than 5 years","10",6,2,1,1,7,7,"True",1583,7,,1328.0,1560.0,232.0,632.0,2256.0,"OK"
"between 25 and (excluding) 30","Undergraduate student (BSc not yet finished)","Computer science","more than 5 years","8",6,2,1,1,1,1,"True",1074,7,,1310.0,2023.0,713.0,-829.0,4162.0,"OK"
"between 25 and (excluding) 30","Undergraduate student (BSc not yet finished)","Computer science","more than 5 years","2",1,3,1,1,2,2,"True",1341,7,,1341.0,1625.0,284.0,489.0,2477.0,"OK"
"between 25 and (excluding) 30","Undergraduate student (BSc not yet finished)","Computer science","more than 5 years","4",4,0,1,1,7,7,"True",4753,7,,3558.0,4753.0,1195.0,-27.0,8338.0,"OK"
"between 25 and (excluding) 30","Undergraduate student (BSc not yet finished)","Computer science","more than 5 years","2",1,3,1,1,6,6,"True",1625,7,,1341.0,1625.0,284.0,489.0,2477.0,"OK"
"between 25 and (excluding) 30","Undergraduate student (BSc not yet finished)","Computer science","more than 5 years","8",3,1,1,1,3,3,"True",1645,7,,1411.0,1494.0,83.0,1162.0,1743.0,"OK"
"between 25 and (excluding) 30","Undergraduate student (BSc not yet finished)","Computer science","more than 5 years","8",3,1,1,1,1,1,"True",1432,7,,1411.0,1494.0,83.0,1162.0,1743.0,"OK"
"between 25 and (excluding) 30","Undergraduate student (BSc not yet finished)","Computer science","more than 5 years","10",7,3,1,1,4,4,"True",1420,7,,1362.0,1389.0,27.0,1281.0,1470.0,"OK"
"between 25 and (excluding) 30","Undergraduate student (BSc not yet finished)","Computer science","more than 5 years","2",2,2,1,1,7,7,"True",2517,7,,1713.0,2517.0,804.0,-699.0,4929.0,"OK"
"between 25 and (excluding) 30","Undergraduate student (BSc not yet finished)","Computer science","more than 5 years","2",3,1,1,1,3,3,"True",2791,7,,1743.0,2277.0,534.0,141.0,3879.0,"OK"
"between 25 and (excluding) 30","Undergraduate student (BSc not yet finished)","Computer science","more than 5 years","10",4,0,1,1,3,3,"True",4153,7,,2417.0,4153.0,1736.0,-2791.0,9361.0,"OK"
"between 25 and (excluding) 30","Undergraduate student (BSc not yet finished)","Computer science","more than 5 years","6",6,2,1,1,3,3,"True",1329,7,,1329.0,1726.0,397.0,138.0,2917.0,"OK"
"between 25 and (excluding) 30","Undergraduate student (BSc not yet finished)","Computer science","more than 5 years","8",6,2,1,1,5,5,"True",2023,7,,1310.0,2023.0,713.0,-829.0,4162.0,"OK"
"between 25 and (excluding) 30","Undergraduate student (BSc not yet finished)","Computer science","more than 5 years","4",6,2,1,1,5,5,"True",2135,7,,1449.0,1904.0,455.0,84.0,3269.0,"OK"
"between 25 and (excluding) 30","Undergraduate student (BSc not yet finished)","Computer science","more than 5 years","4",3,1,1,1,1,1,"True",1507,7,,1517.0,1860.0,343.0,488.0,2889.0,"OK"
"between 25 and (excluding) 30","Undergraduate student (BSc not yet finished)","Computer science","more than 5 years","2",5,1,1,1,4,4,"True",1962,7,,2364.0,2866.0,502.0,858.0,4372.0,"OK"
"between 25 and (excluding) 30","Undergraduate student (BSc not yet finished)","Computer science","more than 5 years","4",1,3,1,1,5,5,"True",1787,7,,1371.0,1787.0,416.0,123.0,3035.0,"OK"
"between 25 and (excluding) 30","Undergraduate student (BSc not yet finished)","Computer science","more than 5 years","4",1,3,1,1,6,6,"True",1371,7,,1371.0,1787.0,416.0,123.0,3035.0,"OK"
"between 25 and (excluding) 30","Undergraduate student (BSc not yet finished)","Computer science","more than 5 years","10",2,2,1,1,3,3,"True",1668,7,,1375.0,1547.0,172.0,859.0,2063.0,"OK"
"between 25 and (excluding) 30","Undergraduate student (BSc not yet finished)","Computer science","more than 5 years","10",4,0,1,1,5,5,"True",2417,7,,2417.0,4153.0,1736.0,-2791.0,9361.0,"OK"
"between 25 and (excluding) 30","Undergraduate student (BSc not yet finished)","Computer science","more than 5 years","6",2,2,1,1,6,6,"True",1444,7,,1344.0,1551.0,207.0,723.0,2172.0,"OK"
"between 25 and (excluding) 30","Undergraduate student (BSc not yet finished)","Computer science","more than 5 years","Dynamic",2,2,1,1,3,3,"True",1177,7,,1205.0,1317.0,112.0,869.0,1653.0,"OK"
"between 25 and (excluding) 30","Undergraduate student (BSc not yet finished)","Computer science","more than 5 years","4",5,1,1,1,4,4,"True",2163,7,,2020.0,2179.0,159.0,1543.0,2656.0,"OK"
"between 25 and (excluding) 30","Undergraduate student (BSc not yet finished)","Computer science","more than 5 years","10",6,2,1,1,4,4,"True",1292,7,,1328.0,1560.0,232.0,632.0,2256.0,"OK"
"between 25 and (excluding) 30","Undergraduate student (BSc not yet finished)","Computer science","more than 5 years","6",5,1,1,1,1,1,"True",1577,7,,1577.0,1927.0,350.0,527.0,2977.0,"OK"
"between 25 and (excluding) 30","Undergraduate student (BSc not yet finished)","Computer science","more than 5 years","2",2,2,1,1,1,1,"True",1214,7,,1713.0,2517.0,804.0,-699.0,4929.0,"OK"
"between 25 and (excluding) 30","Undergraduate student (BSc not yet finished)","Computer science","more than 5 years","2",1,3,1,1,5,5,"True",1626,7,,1341.0,1625.0,284.0,489.0,2477.0,"OK"
"between 25 and (excluding) 30","Undergraduate student (BSc not yet finished)","Computer science","more than 5 years","6",5,1,1,1,6,6,"True",1927,7,,1577.0,1927.0,350.0,527.0,2977.0,"OK"
"between 25 and (excluding) 30","Undergraduate student (BSc not yet finished)","Computer science","more than 5 years","10",4,0,1,1,1,1,"True",2358,7,,2417.0,4153.0,1736.0,-2791.0,9361.0,"OK"
"between 25 and (excluding) 30","Undergraduate student (BSc not yet finished)","Computer science","more than 5 years","4",7,3,1,1,1,1,"True",1065,7,,1403.0,1499.0,96.0,1115.0,1787.0,"Outlier"
"between 25 and (excluding) 30","Undergraduate student (BSc not yet finished)","Computer science","more than 5 years","Dynamic",6,2,1,1,2,2,"True",1453,7,,1305.0,1453.0,148.0,861.0,1897.0,"OK"
"between 25 and (excluding) 30","Undergraduate student (BSc not yet finished)","Computer science","more than 5 years","2",6,2,1,1,2,2,"True",1340,7,,1729.0,1891.0,162.0,1243.0,2377.0,"OK"
"between 25 and (excluding) 30","Undergraduate student (BSc not yet finished)","Computer science","more than 5 years","Dynamic",5,1,1,1,2,2,"True",1153,7,,1153.0,1257.0,104.0,841.0,1569.0,"OK"
"between 25 and (excluding) 30","Undergraduate student (BSc not yet finished)","Computer science","more than 5 years","10",5,1,1,1,3,3,"True",1270,7,,1594.0,2266.0,672.0,-422.0,4282.0,"OK"
"between 25 and (excluding) 30","Undergraduate student (BSc not yet finished)","Computer science","more than 5 years","Dynamic",4,0,1,1,2,2,"True",1255,7,,1215.0,1342.0,127.0,834.0,1723.0,"OK"
"between 25 and (excluding) 30","Undergraduate student (BSc not yet finished)","Computer science","more than 5 years","6",1,3,1,1,2,2,"True",1273,7,,1273.0,1444.0,171.0,760.0,1957.0,"OK"
"between 25 and (excluding) 30","Undergraduate student (BSc not yet finished)","Computer science","more than 5 years","6",7,3,1,1,5,5,"True",1531,7,,1258.0,1531.0,273.0,439.0,2350.0,"OK"
"between 25 and (excluding) 30","Undergraduate student (BSc not yet finished)","Computer science","more than 5 years","10",7,3,1,1,4,4,"True",1389,7,,1362.0,1389.0,27.0,1281.0,1470.0,"OK"
"between 25 and (excluding) 30","Undergraduate student (BSc not yet finished)","Computer science","more than 5 years","10",2,2,1,1,4,4,"True",1375,7,,1375.0,1547.0,172.0,859.0,2063.0,"OK"
"between 25 and (excluding) 30","Undergraduate student (BSc not yet finished)","Computer science","more than 5 years","4",1,3,1,1,2,2,"True",2036,7,,1371.0,1787.0,416.0,123.0,3035.0,"OK"
"between 25 and (excluding) 30","Undergraduate student (BSc not yet finished)","Computer science","more than 5 years","2",3,1,1,1,2,2,"True",1599,7,,1743.0,2277.0,534.0,141.0,3879.0,"OK"
"between 25 and (excluding) 30","Undergraduate student (BSc not yet finished)","Computer science","more than 5 years","6",4,0,1,1,5,5,"True",2768,7,,2576.0,3800.0,1224.0,-1096.0,7472.0,"OK"
"between 25 and (excluding) 30","Undergraduate student (BSc not yet finished)","Computer science","more than 5 years","4",6,2,1,1,2,2,"True",1449,7,,1449.0,1904.0,455.0,84.0,3269.0,"OK"
"between 25 and (excluding) 30","Undergraduate student (BSc not yet finished)","Computer science","more than 5 years","10",3,1,1,1,1,1,"True",1336,7,,1368.0,2902.0,1534.0,-3234.0,7504.0,"OK"
"between 25 and (excluding) 30","Undergraduate student (BSc not yet finished)","Computer science","more than 5 years","Dynamic",2,2,1,1,3,3,"True",1205,7,,1205.0,1317.0,112.0,869.0,1653.0,"OK"
"between 25 and (excluding) 30","Undergraduate student (BSc not yet finished)","Computer science","more than 5 years","2",5,1,1,1,7,7,"True",2866,7,,2364.0,2866.0,502.0,858.0,4372.0,"OK"
"between 25 and (excluding) 30","Undergraduate student (BSc not yet finished)","Computer science","more than 5 years","Dynamic",2,2,1,1,3,3,"True",1317,7,,1205.0,1317.0,112.0,869.0,1653.0,"OK"
"between 25 and (excluding) 30","Undergraduate student (BSc not yet finished)","Computer science","more than 5 years","Dynamic",6,2,1,1,7,7,"True",1378,7,,1305.0,1453.0,148.0,861.0,1897.0,"OK"
"between 25 and (excluding) 30","Undergraduate student (BSc not yet finished)","Computer science","more than 5 years","2",3,1,1,1,4,4,"True",1743,7,,1743.0,2277.0,534.0,141.0,3879.0,"OK"
"between 25 and (excluding) 30","Undergraduate student (BSc not yet finished)","Computer science","more than 5 years","Dynamic",3,1,1,1,4,4,"True",1704,7,,1177.0,1535.0,358.0,103.0,2609.0,"OK"
"between 25 and (excluding) 30","Undergraduate student (BSc not yet finished)","Computer science","more than 5 years","4",7,3,1,1,5,5,"True",1499,7,,1403.0,1499.0,96.0,1115.0,1787.0,"OK"
"between 25 and (excluding) 30","Undergraduate student (BSc not yet finished)","Computer science","more than 5 years","8",2,2,1,1,6,6,"True",1467,7,,1105.0,1531.0,426.0,-173.0,2809.0,"OK"
"between 25 and (excluding) 30","Undergraduate student (BSc not yet finished)","Computer science","more than 5 years","Dynamic",5,1,1,1,2,2,"True",1257,7,,1153.0,1257.0,104.0,841.0,1569.0,"OK"
"between 25 and (excluding) 30","Undergraduate student (BSc not yet finished)","Computer science","more than 5 years","4",5,1,1,1,7,7,"True",2179,7,,2020.0,2179.0,159.0,1543.0,2656.0,"OK"
"between 25 and (excluding) 30","Undergraduate student (BSc not yet finished)","Computer science","more than 5 years","10",6,2,1,1,2,2,"True",1328,7,,1328.0,1560.0,232.0,632.0,2256.0,"OK"
"between 25 and (excluding) 30","Undergraduate student (BSc not yet finished)","Computer science","more than 5 years","4",3,1,1,1,5,5,"True",1860,7,,1517.0,1860.0,343.0,488.0,2889.0,"OK"
"between 25 and (excluding) 30","Undergraduate student (BSc not yet finished)","Computer science","more than 5 years","6",1,3,1,1,4,4,"True",1654,7,,1273.0,1444.0,171.0,760.0,1957.0,"OK"
"between 25 and (excluding) 30","Undergraduate student (BSc not yet finished)","Computer science","more than 5 years","8",7,3,1,1,1,1,"True",900,7,,1008.0,1468.0,460.0,-372.0,2848.0,"OK"
"between 25 and (excluding) 30","Undergraduate student (BSc not yet finished)","Computer science","more than 5 years","2",5,1,1,1,5,5,"True",2419,7,,2364.0,2866.0,502.0,858.0,4372.0,"OK"
"between 25 and (excluding) 30","Undergraduate student (BSc not yet finished)","Computer science","more than 5 years","4",5,1,1,1,3,3,"True",2020,7,,2020.0,2179.0,159.0,1543.0,2656.0,"OK"
"between 25 and (excluding) 30","Undergraduate student (BSc not yet finished)","Computer science","more than 5 years","2",2,2,1,1,6,6,"True",1779,7,,1713.0,2517.0,804.0,-699.0,4929.0,"OK"
"between 25 and (excluding) 30","Undergraduate student (BSc not yet finished)","Computer science","more than 5 years","8",7,3,1,1,2,2,"True",1132,7,,1008.0,1468.0,460.0,-372.0,2848.0,"OK"
"between 25 and (excluding) 30","Undergraduate student (BSc not yet finished)","Computer science","more than 5 years","8",1,3,1,1,1,1,"True",809,7,,1434.0,1642.0,208.0,810.0,2266.0,"Outlier"
"between 25 and (excluding) 30","Undergraduate student (BSc not yet finished)","Computer science","more than 5 years","10",7,3,1,1,7,7,"True",1381,7,,1362.0,1389.0,27.0,1281.0,1470.0,"OK"
"between 25 and (excluding) 30","Undergraduate student (BSc not yet finished)","Computer science","more than 5 years","Dynamic",3,1,1,1,7,7,"True",1535,7,,1177.0,1535.0,358.0,103.0,2609.0,"OK"
"between 25 and (excluding) 30","Undergraduate student (BSc not yet finished)","Computer science","more than 5 years","2",7,3,1,1,7,7,"True",1475,7,,1345.0,1508.0,163.0,856.0,1997.0,"OK"
"between 25 and (excluding) 30","Undergraduate student (BSc not yet finished)","Computer science","more than 5 years","4",2,2,1,1,2,2,"True",1052,7,,1185.0,1399.0,214.0,543.0,2041.0,"OK"
"between 25 and (excluding) 30","Undergraduate student (BSc not yet finished)","Computer science","more than 5 years","8",3,1,1,1,4,4,"True",1494,7,,1411.0,1494.0,83.0,1162.0,1743.0,"OK"
"between 25 and (excluding) 30","Undergraduate student (BSc not yet finished)","Computer science","more than 5 years","8",5,1,1,1,2,2,"True",1733,7,,1733.0,1869.0,136.0,1325.0,2277.0,"OK"
"between 25 and (excluding) 30","Undergraduate student (BSc not yet finished)","Computer science","more than 5 years","Dynamic",1,3,1,1,7,7,"True",1447,7,,1276.0,1447.0,171.0,763.0,1960.0,"OK"
"between 25 and (excluding) 30","Undergraduate student (BSc not yet finished)","Computer science","more than 5 years","6",5,1,1,1,5,5,"True",1751,7,,1577.0,1927.0,350.0,527.0,2977.0,"OK"
"between 25 and (excluding) 30","Undergraduate student (BSc not yet finished)","Computer science","more than 5 years","Dynamic",7,3,1,1,5,5,"True",1511,7,,963.0,1179.0,216.0,315.0,1827.0,"OK"
"between 25 and (excluding) 30","Undergraduate student (BSc not yet finished)","Computer science","more than 5 years","4",7,3,1,1,7,7,"True",1403,7,,1403.0,1499.0,96.0,1115.0,1787.0,"OK"
"between 25 and (excluding) 30","Undergraduate student (BSc not yet finished)","Computer science","more than 5 years","2",7,3,1,1,7,7,"True",1508,7,,1345.0,1508.0,163.0,856.0,1997.0,"OK"
"between 25 and (excluding) 30","Undergraduate student (BSc not yet finished)","Computer science","more than 5 years","6",3,1,1,1,1,1,"True",1403,7,,1403.0,1632.0,229.0,716.0,2319.0,"OK"
"between 25 and (excluding) 30","Undergraduate student (BSc not yet finished)","Computer science","more than 5 years","4",3,1,1,1,7,7,"True",1674,7,,1517.0,1860.0,343.0,488.0,2889.0,"OK"
"between 25 and (excluding) 30","Undergraduate student (BSc not yet finished)","Computer science","more than 5 years","4",3,1,1,1,3,3,"True",1517,7,,1517.0,1860.0,343.0,488.0,2889.0,"OK"
"between 25 and (excluding) 30","Undergraduate student (BSc not yet finished)","Computer science","more than 5 years","8",2,2,1,1,5,5,"True",2090,7,,1105.0,1531.0,426.0,-173.0,2809.0,"OK"
"between 25 and (excluding) 30","Undergraduate student (BSc not yet finished)","Computer science","more than 5 years","Dynamic",2,2,1,1,7,7,"True",1264,7,,1205.0,1317.0,112.0,869.0,1653.0,"OK"
"between 25 and (excluding) 30","Undergraduate student (BSc not yet finished)","Computer science","more than 5 years","4",2,2,1,1,1,1,"True",1185,7,,1185.0,1399.0,214.0,543.0,2041.0,"OK"
"between 25 and (excluding) 30","Undergraduate student (BSc not yet finished)","Computer science","more than 5 years","10",1,3,1,1,7,7,"True",1433,7,,1433.0,1628.0,195.0,848.0,2213.0,"OK"
"between 25 and (excluding) 30","Undergraduate student (BSc not yet finished)","Computer science","more than 5 years","Dynamic",6,2,1,1,7,7,"True",1305,7,,1305.0,1453.0,148.0,861.0,1897.0,"OK"
"between 25 and (excluding) 30","Undergraduate student (BSc not yet finished)","Computer science","more than 5 years","8",4,0,1,1,1,1,"True",2578,7,,2578.0,4535.0,1957.0,-3293.0,10406.0,"OK"
"between 25 and (excluding) 30","Undergraduate student (BSc not yet finished)","Computer science","more than 5 years","8",4,0,1,1,3,3,"True",1856,7,,2578.0,4535.0,1957.0,-3293.0,10406.0,"OK"
"between 25 and (excluding) 30","Undergraduate student (BSc not yet finished)","Computer science","more than 5 years","10",3,1,1,1,5,5,"True",2902,7,,1368.0,2902.0,1534.0,-3234.0,7504.0,"OK"
"between 25 and (excluding) 30","Undergraduate student (BSc not yet finished)","Computer science","more than 5 years","Dynamic",4,0,1,1,3,3,"True",1215,7,,1215.0,1342.0,127.0,834.0,1723.0,"OK"
"between 25 and (excluding) 30","Undergraduate student (BSc not yet finished)","Computer science","more than 5 years","2",7,3,1,1,6,6,"True",1345,7,,1345.0,1508.0,163.0,856.0,1997.0,"OK"
"between 25 and (excluding) 30","Undergraduate student (BSc not yet finished)","Computer science","more than 5 years","8",7,3,1,1,1,1,"True",1008,7,,1008.0,1468.0,460.0,-372.0,2848.0,"OK"
"between 25 and (excluding) 30","Undergraduate student (BSc not yet finished)","Computer science","more than 5 years","2",4,0,1,1,5,5,"True",3811,7,,4326.0,4946.0,620.0,2466.0,6806.0,"OK"
"between 25 and (excluding) 30","Undergraduate student (BSc not yet finished)","Computer science","more than 5 years","Dynamic",5,1,1,1,3,3,"True",1161,7,,1153.0,1257.0,104.0,841.0,1569.0,"OK"
"between 25 and (excluding) 30","Undergraduate student (BSc not yet finished)","Computer science","more than 5 years","Dynamic",7,3,1,1,3,3,"True",1179,7,,963.0,1179.0,216.0,315.0,1827.0,"OK"
"between 25 and (excluding) 30","Undergraduate student (BSc not yet finished)","Computer science","more than 5 years","Dynamic",7,3,1,1,1,1,"True",931,7,,963.0,1179.0,216.0,315.0,1827.0,"OK"
"between 25 and (excluding) 30","Undergraduate student (BSc not yet finished)","Computer science","more than 5 years","Dynamic",7,3,1,1,2,2,"True",963,7,,963.0,1179.0,216.0,315.0,1827.0,"OK"
"between 25 and (excluding) 30","Undergraduate student (BSc not yet finished)","Computer science","more than 5 years","6",3,1,1,1,5,5,"True",2100,7,,1403.0,1632.0,229.0,716.0,2319.0,"OK"
"between 25 and (excluding) 30","Undergraduate student (BSc not yet finished)","Computer science","more than 5 years","10",7,3,1,1,6,6,"True",1362,7,,1362.0,1389.0,27.0,1281.0,1470.0,"OK"
"between 25 and (excluding) 30","Undergraduate student (BSc not yet finished)","Computer science","more than 5 years","4",1,3,1,1,6,6,"True",1225,7,,1371.0,1787.0,416.0,123.0,3035.0,"OK"
"between 25 and (excluding) 30","Undergraduate student (BSc not yet finished)","Computer science","more than 5 years","6",2,2,1,1,1,1,"True",1052,7,,1344.0,1551.0,207.0,723.0,2172.0,"OK"
"between 25 and (excluding) 30","Undergraduate student (BSc not yet finished)","Computer science","more than 5 years","6",6,2,1,1,5,5,"True",1404,7,,1329.0,1726.0,397.0,138.0,2917.0,"OK"
"between 25 and (excluding) 30","Undergraduate student (BSc not yet finished)","Computer science","more than 5 years","4",2,2,1,1,3,3,"True",1399,7,,1185.0,1399.0,214.0,543.0,2041.0,"OK"
"between 25 and (excluding) 30","Undergraduate student (BSc not yet finished)","Computer science","more than 5 years","10",5,1,1,1,4,4,"True",1594,7,,1594.0,2266.0,672.0,-422.0,4282.0,"OK"
"between 25 and (excluding) 30","Undergraduate student (BSc not yet finished)","Computer science","more than 5 years","8",4,0,1,1,5,5,"True",3953,7,,2578.0,4535.0,1957.0,-3293.0,10406.0,"OK"
"between 25 and (excluding) 30","Undergraduate student (BSc not yet finished)","Computer science","more than 5 years","10",3,1,1,1,4,4,"True",1708,7,,1368.0,2902.0,1534.0,-3234.0,7504.0,"OK"
"between 25 and (excluding) 30","Undergraduate student (BSc not yet finished)","Computer science","more than 5 years","10",2,2,1,1,7,7,"True",1425,7,,1375.0,1547.0,172.0,859.0,2063.0,"OK"
"between 25 and (excluding) 30","Undergraduate student (BSc not yet finished)","Computer science","more than 5 years","8",2,2,1,1,1,1,"True",1105,7,,1105.0,1531.0,426.0,-173.0,2809.0,"OK"
"between 25 and (excluding) 30","Undergraduate student (BSc not yet finished)","Computer science","more than 5 years","Dynamic",7,3,1,1,7,7,"True",1174,7,,963.0,1179.0,216.0,315.0,1827.0,"OK"
"between 25 and (excluding) 30","Undergraduate student (BSc not yet finished)","Computer science","more than 5 years","6",7,3,1,1,1,1,"True",878,7,,1258.0,1531.0,273.0,439.0,2350.0,"OK"
"between 25 and (excluding) 30","Undergraduate student (BSc not yet finished)","Computer science","more than 5 years","2",7,3,1,1,3,3,"True",1065,7,,1345.0,1508.0,163.0,856.0,1997.0,"OK"
"between 25 and (excluding) 30","Undergraduate student (BSc not yet finished)","Computer science","more than 5 years","Dynamic",4,0,1,1,5,5,"True",1342,7,,1215.0,1342.0,127.0,834.0,1723.0,"OK"
"between 25 and (excluding) 30","Undergraduate student (BSc not yet finished)","Computer science","more than 5 years","Dynamic",5,1,1,1,1,1,"True",800,7,,1153.0,1257.0,104.0,841.0,1569.0,"Outlier"
"between 25 and (excluding) 30","Undergraduate student (BSc not yet finished)","Computer science","more than 5 years","Dynamic",3,1,1,1,2,2,"True",1177,7,,1177.0,1535.0,358.0,103.0,2609.0,"OK"
"between 25 and (excluding) 30","Undergraduate student (BSc not yet finished)","Computer science","more than 5 years","2",2,2,1,1,5,5,"True",1713,7,,1713.0,2517.0,804.0,-699.0,4929.0,"OK"
"between 25 and (excluding) 30","Undergraduate student (BSc not yet finished)","Computer science","more than 5 years","6",1,3,1,1,2,2,"True",1163,7,,1273.0,1444.0,171.0,760.0,1957.0,"OK"
"between 25 and (excluding) 30","Undergraduate student (BSc not yet finished)","Computer science","more than 5 years","Dynamic",1,3,1,1,1,1,"True",943,7,,1276.0,1447.0,171.0,763.0,1960.0,"OK"
"between 25 and (excluding) 30","Undergraduate student (BSc not yet finished)","Computer science","more than 5 years","Dynamic",3,1,1,1,4,4,"True",1132,7,,1177.0,1535.0,358.0,103.0,2609.0,"OK"
"between 25 and (excluding) 30","Undergraduate student (BSc not yet finished)","Computer science","more than 5 years","10",4,0,1,1,2,2,"True",4352,7,,2417.0,4153.0,1736.0,-2791.0,9361.0,"OK"
"between 25 and (excluding) 30","Undergraduate student (BSc not yet finished)","Computer science","more than 5 years","Dynamic",4,0,1,1,3,3,"True",880,7,,1215.0,1342.0,127.0,834.0,1723.0,"OK"
"between 25 and (excluding) 30","Undergraduate student (BSc not yet finished)","Computer science","more than 5 years","2",1,3,1,1,2,2,"True",1173,7,,1341.0,1625.0,284.0,489.0,2477.0,"OK"
"between 25 and (excluding) 30","Undergraduate student (BSc not yet finished)","Computer science","more than 5 years","6",4,0,1,1,2,2,"True",2555,7,,2576.0,3800.0,1224.0,-1096.0,7472.0,"OK"
"between 25 and (excluding) 30","Undergraduate student (BSc not yet finished)","Computer science","more than 5 years","8",6,2,1,1,7,7,"True",2098,7,,1310.0,2023.0,713.0,-829.0,4162.0,"OK"
"between 25 and (excluding) 30","Undergraduate student (BSc not yet finished)","Computer science","more than 5 years","2",5,1,1,1,4,4,"True",3406,7,,2364.0,2866.0,502.0,858.0,4372.0,"OK"
"between 25 and (excluding) 30","Undergraduate student (BSc not yet finished)","Computer science","more than 5 years","6",6,2,1,1,2,2,"True",1110,7,,1329.0,1726.0,397.0,138.0,2917.0,"OK"
"between 25 and (excluding) 30","Undergraduate student (BSc not yet finished)","Computer science","more than 5 years","8",2,2,1,1,2,2,"True",1075,7,,1105.0,1531.0,426.0,-173.0,2809.0,"OK"
"between 25 and (excluding) 30","Undergraduate student (BSc not yet finished)","Computer science","more than 5 years","8",7,3,1,1,4,4,"True",1494,7,,1008.0,1468.0,460.0,-372.0,2848.0,"OK"
"between 25 and (excluding) 30","Undergraduate student (BSc not yet finished)","Computer science","more than 5 years","Dynamic",6,2,1,1,5,5,"True",1254,7,,1305.0,1453.0,148.0,861.0,1897.0,"OK"
"between 25 and (excluding) 30","Undergraduate student (BSc not yet finished)","Computer science","more than 5 years","4",4,0,1,1,7,7,"True",3547,7,,3558.0,4753.0,1195.0,-27.0,8338.0,"OK"
"between 25 and (excluding) 30","Undergraduate student (BSc not yet finished)","Computer science","more than 5 years","4",2,2,1,1,2,2,"True",1231,7,,1185.0,1399.0,214.0,543.0,2041.0,"OK"
"between 25 and (excluding) 30","Undergraduate student (BSc not yet finished)","Computer science","more than 5 years","4",5,1,1,1,1,1,"True",3151,7,,2020.0,2179.0,159.0,1543.0,2656.0,"Outlier"
"between 25 and (excluding) 30","Undergraduate student (BSc not yet finished)","Computer science","more than 5 years","8",1,3,1,1,6,6,"True",1882,7,,1434.0,1642.0,208.0,810.0,2266.0,"OK"
"between 25 and (excluding) 30","Undergraduate student (BSc not yet finished)","Computer science","more than 5 years","10",6,2,1,1,7,7,"True",1475,7,,1328.0,1560.0,232.0,632.0,2256.0,"OK"
"between 25 and (excluding) 30","Undergraduate student (BSc not yet finished)","Computer science","more than 5 years","10",2,2,1,1,4,4,"True",1291,7,,1375.0,1547.0,172.0,859.0,2063.0,"OK"
"between 25 and (excluding) 30","Undergraduate student (BSc not yet finished)","Computer science","more than 5 years","2",3,1,1,1,2,2,"True",2277,7,,1743.0,2277.0,534.0,141.0,3879.0,"OK"
"between 25 and (excluding) 30","Undergraduate student (BSc not yet finished)","Computer science","more than 5 years","8",1,3,1,1,4,4,"True",1642,7,,1434.0,1642.0,208.0,810.0,2266.0,"OK"
"between 25 and (excluding) 30","Undergraduate student (BSc not yet finished)","Computer science","more than 5 years","2",3,1,1,1,7,7,"True",2009,7,,1743.0,2277.0,534.0,141.0,3879.0,"OK"
"between 25 and (excluding) 30","Undergraduate student (BSc not yet finished)","Computer science","more than 5 years","6",3,1,1,1,4,4,"True",1535,7,,1403.0,1632.0,229.0,716.0,2319.0,"OK"
"between 25 and (excluding) 30","Undergraduate student (BSc not yet finished)","Computer science","more than 5 years","6",1,3,1,1,6,6,"True",1444,7,,1273.0,1444.0,171.0,760.0,1957.0,"OK"
"between 25 and (excluding) 30","Undergraduate student (BSc not yet finished)","Computer science","more than 5 years","6",2,2,1,1,5,5,"True",1344,7,,1344.0,1551.0,207.0,723.0,2172.0,"OK"
"between 25 and (excluding) 30","Undergraduate student (BSc not yet finished)","Computer science","more than 5 years","Dynamic",3,1,1,1,3,3,"True",1207,7,,1177.0,1535.0,358.0,103.0,2609.0,"OK"
"between 25 and (excluding) 30","Undergraduate student (BSc not yet finished)","Computer science","more than 5 years","4",1,3,1,1,3,3,"True",1373,7,,1371.0,1787.0,416.0,123.0,3035.0,"OK"
"between 25 and (excluding) 30","Undergraduate student (BSc not yet finished)","Computer science","more than 5 years","6",3,1,1,1,4,4,"True",1632,7,,1403.0,1632.0,229.0,716.0,2319.0,"OK"
"between 25 and (excluding) 30","Undergraduate student (BSc not yet finished)","Computer science","more than 5 years","Dynamic",1,3,1,1,7,7,"True",1276,7,,1276.0,1447.0,171.0,763.0,1960.0,"OK"
"between 25 and (excluding) 30","Undergraduate student (BSc not yet finished)","Computer science","more than 5 years","6",3,1,1,1,3,3,"True",1399,7,,1403.0,1632.0,229.0,716.0,2319.0,"OK"
"between 25 and (excluding) 30","Undergraduate student (BSc not yet finished)","Computer science","more than 5 years","6",7,3,1,1,3,3,"True",1258,7,,1258.0,1531.0,273.0,439.0,2350.0,"OK"
"between 25 and (excluding) 30","Undergraduate student (BSc not yet finished)","Computer science","more than 5 years","8",3,1,1,1,1,1,"True",1215,7,,1411.0,1494.0,83.0,1162.0,1743.0,"OK"
"between 25 and (excluding) 30","Undergraduate student (BSc not yet finished)","Computer science","more than 5 years","4",2,2,1,1,4,4,"True",1409,7,,1185.0,1399.0,214.0,543.0,2041.0,"OK"
"between 25 and (excluding) 30","Undergraduate student (BSc not yet finished)","Computer science","more than 5 years","8",6,2,1,1,3,3,"True",1310,7,,1310.0,2023.0,713.0,-829.0,4162.0,"OK"
"between 25 and (excluding) 30","Undergraduate student (BSc not yet finished)","Computer science","more than 5 years","4",7,3,1,1,6,6,"True",1404,7,,1403.0,1499.0,96.0,1115.0,1787.0,"OK"
"between 25 and (excluding) 30","Undergraduate student (BSc not yet finished)","Computer science","more than 5 years","Dynamic",5,1,1,1,1,1,"True",1276,7,,1153.0,1257.0,104.0,841.0,1569.0,"OK"
"between 25 and (excluding) 30","Undergraduate student (BSc not yet finished)","Computer science","more than 5 years","6",5,1,1,1,4,4,"True",1439,7,,1577.0,1927.0,350.0,527.0,2977.0,"OK"
"between 25 and (excluding) 30","Undergraduate student (BSc not yet finished)","Computer science","more than 5 years","8",2,2,1,1,5,5,"True",1531,7,,1105.0,1531.0,426.0,-173.0,2809.0,"OK"
"between 25 and (excluding) 30","Undergraduate student (BSc not yet finished)","Computer science","more than 5 years","6",4,0,1,1,4,4,"True",2576,7,,2576.0,3800.0,1224.0,-1096.0,7472.0,"OK"
"between 25 and (excluding) 30","Undergraduate student (BSc not yet finished)","something else","none","4",4,0,1,1,1,1,"True",4761,3,,2654.0,3801.0,1147.0,-787.0,7242.0,"OK"
"between 25 and (excluding) 30","Undergraduate student (BSc not yet finished)","something else","none","4",7,3,1,1,3,3,"True",1160,3,,1120.0,1377.0,257.0,349.0,2148.0,"OK"
"between 25 and (excluding) 30","Undergraduate student (BSc not yet finished)","something else","none","2",7,3,1,1,2,2,"True",975,3,,975.0,1471.0,496.0,-513.0,2959.0,"OK"
"between 25 and (excluding) 30","Undergraduate student (BSc not yet finished)","something else","none","2",4,0,1,1,2,2,"True",3515,3,,2562.0,3463.0,901.0,-141.0,6166.0,"OK"
"between 25 and (excluding) 30","Undergraduate student (BSc not yet finished)","something else","none","8",4,0,1,1,5,5,"True",3674,3,,2474.0,3674.0,1200.0,-1126.0,7274.0,"OK"
"between 25 and (excluding) 30","Undergraduate student (BSc not yet finished)","something else","none","10",1,3,1,1,3,3,"True",1446,3,,1241.0,1565.0,324.0,269.0,2537.0,"OK"
"between 25 and (excluding) 30","Undergraduate student (BSc not yet finished)","something else","none","8",5,1,1,1,3,3,"True",2491,3,,1217.0,2184.0,967.0,-1684.0,5085.0,"OK"
"between 25 and (excluding) 30","Undergraduate student (BSc not yet finished)","something else","none","4",5,1,1,1,1,1,"True",2103,3,,1613.0,2103.0,490.0,143.0,3573.0,"OK"
"between 25 and (excluding) 30","Undergraduate student (BSc not yet finished)","something else","none","10",1,3,1,1,7,7,"True",1688,3,,1241.0,1565.0,324.0,269.0,2537.0,"OK"
"between 25 and (excluding) 30","Undergraduate student (BSc not yet finished)","something else","none","2",2,2,1,1,5,5,"True",3009,3,,1434.0,2140.0,706.0,-684.0,4258.0,"OK"
"between 25 and (excluding) 30","Undergraduate student (BSc not yet finished)","something else","none","4",6,2,1,1,5,5,"True",4020,3,,1264.0,1527.0,263.0,475.0,2316.0,"Outlier"
"between 25 and (excluding) 30","Undergraduate student (BSc not yet finished)","something else","none","2",6,2,1,1,6,6,"True",2939,3,,1220.0,2939.0,1719.0,-3937.0,8096.0,"OK"
"between 25 and (excluding) 30","Undergraduate student (BSc not yet finished)","something else","none","6",5,1,1,1,3,3,"True",3742,3,,1419.0,2270.0,851.0,-1134.0,4823.0,"OK"
"between 25 and (excluding) 30","Undergraduate student (BSc not yet finished)","something else","none","10",2,2,1,1,6,6,"True",1813,3,,1326.0,1754.0,428.0,42.0,3038.0,"OK"
"between 25 and (excluding) 30","Undergraduate student (BSc not yet finished)","something else","none","Dynamic",2,2,1,1,7,7,"True",1811,3,,1048.0,1811.0,763.0,-1241.0,4100.0,"OK"
"between 25 and (excluding) 30","Undergraduate student (BSc not yet finished)","something else","none","2",6,2,1,1,6,6,"True",3139,3,,1220.0,2939.0,1719.0,-3937.0,8096.0,"OK"
"between 25 and (excluding) 30","Undergraduate student (BSc not yet finished)","something else","none","4",4,0,1,1,6,6,"True",3801,3,,2654.0,3801.0,1147.0,-787.0,7242.0,"OK"
"between 25 and (excluding) 30","Undergraduate student (BSc not yet finished)","something else","none","2",5,1,1,1,2,2,"True",1593,3,,1278.0,1717.0,439.0,-39.0,3034.0,"OK"
"between 25 and (excluding) 30","Undergraduate student (BSc not yet finished)","something else","none","2",4,0,1,1,7,7,"True",3463,3,,2562.0,3463.0,901.0,-141.0,6166.0,"OK"
"between 25 and (excluding) 30","Undergraduate student (BSc not yet finished)","something else","none","6",7,3,1,1,7,7,"True",1361,3,,983.0,1381.0,398.0,-211.0,2575.0,"OK"
"between 25 and (excluding) 30","Undergraduate student (BSc not yet finished)","something else","none","6",6,2,1,1,2,2,"True",1153,3,,1208.0,1235.0,27.0,1127.0,1316.0,"OK"
"between 25 and (excluding) 30","Undergraduate student (BSc not yet finished)","something else","none","10",4,0,1,1,1,1,"True",3195,3,,2290.0,3071.0,781.0,-53.0,5414.0,"OK"
"between 25 and (excluding) 30","Undergraduate student (BSc not yet finished)","something else","none","10",1,3,1,1,4,4,"True",1565,3,,1241.0,1565.0,324.0,269.0,2537.0,"OK"
"between 25 and (excluding) 30","Undergraduate student (BSc not yet finished)","something else","none","2",4,0,1,1,1,1,"True",3011,3,,2562.0,3463.0,901.0,-141.0,6166.0,"OK"
"between 25 and (excluding) 30","Undergraduate student (BSc not yet finished)","something else","none","6",4,0,1,1,3,3,"True",2489,3,,2024.0,2222.0,198.0,1430.0,2816.0,"OK"
"between 25 and (excluding) 30","Undergraduate student (BSc not yet finished)","something else","none","4",4,0,1,1,2,2,"True",2509,3,,2654.0,3801.0,1147.0,-787.0,7242.0,"OK"
"between 25 and (excluding) 30","Undergraduate student (BSc not yet finished)","something else","none","6",6,2,1,1,6,6,"True",1574,3,,1208.0,1235.0,27.0,1127.0,1316.0,"Outlier"
"between 25 and (excluding) 30","Undergraduate student (BSc not yet finished)","something else","none","Dynamic",1,3,1,1,1,1,"True",1604,3,,1071.0,1293.0,222.0,405.0,1959.0,"OK"
"between 25 and (excluding) 30","Undergraduate student (BSc not yet finished)","something else","none","4",6,2,1,1,1,1,"True",1527,3,,1264.0,1527.0,263.0,475.0,2316.0,"OK"
"between 25 and (excluding) 30","Undergraduate student (BSc not yet finished)","something else","none","10",3,1,1,1,6,6,"True",1899,3,,1656.0,1980.0,324.0,684.0,2952.0,"OK"
"between 25 and (excluding) 30","Undergraduate student (BSc not yet finished)","something else","none","8",5,1,1,1,3,3,"True",2184,3,,1217.0,2184.0,967.0,-1684.0,5085.0,"OK"
"between 25 and (excluding) 30","Undergraduate student (BSc not yet finished)","something else","none","8",1,3,1,1,2,2,"True",1233,3,,1168.0,1233.0,65.0,973.0,1428.0,"OK"
"between 25 and (excluding) 30","Undergraduate student (BSc not yet finished)","something else","none","10",5,1,1,1,7,7,"True",1902,3,,1668.0,1902.0,234.0,966.0,2604.0,"OK"
"between 25 and (excluding) 30","Undergraduate student (BSc not yet finished)","something else","none","Dynamic",6,2,1,1,5,5,"True",1534,3,,1042.0,1534.0,492.0,-434.0,3010.0,"OK"
"between 25 and (excluding) 30","Undergraduate student (BSc not yet finished)","something else","none","6",4,0,1,1,1,1,"True",2201,3,,2024.0,2222.0,198.0,1430.0,2816.0,"OK"
"between 25 and (excluding) 30","Undergraduate student (BSc not yet finished)","something else","none","10",5,1,1,1,4,4,"True",1668,3,,1668.0,1902.0,234.0,966.0,2604.0,"OK"
"between 25 and (excluding) 30","Undergraduate student (BSc not yet finished)","something else","none","2",4,0,1,1,1,1,"True",2505,3,,2562.0,3463.0,901.0,-141.0,6166.0,"OK"
"between 25 and (excluding) 30","Undergraduate student (BSc not yet finished)","something else","none","10",5,1,1,1,6,6,"True",2108,3,,1668.0,1902.0,234.0,966.0,2604.0,"OK"
"between 25 and (excluding) 30","Undergraduate student (BSc not yet finished)","something else","none","Dynamic",1,3,1,1,5,5,"True",1293,3,,1071.0,1293.0,222.0,405.0,1959.0,"OK"
"between 25 and (excluding) 30","Undergraduate student (BSc not yet finished)","something else","none","2",6,2,1,1,5,5,"True",1220,3,,1220.0,2939.0,1719.0,-3937.0,8096.0,"OK"
"between 25 and (excluding) 30","Undergraduate student (BSc not yet finished)","something else","none","2",6,2,1,1,4,4,"True",1257,3,,1220.0,2939.0,1719.0,-3937.0,8096.0,"OK"
"between 25 and (excluding) 30","Undergraduate student (BSc not yet finished)","something else","none","6",2,2,1,1,6,6,"True",1586,3,,1279.0,1586.0,307.0,358.0,2507.0,"OK"
"between 25 and (excluding) 30","Undergraduate student (BSc not yet finished)","something else","none","Dynamic",4,0,1,1,2,2,"True",2891,3,,2528.0,2668.0,140.0,2108.0,3088.0,"OK"
"between 25 and (excluding) 30","Undergraduate student (BSc not yet finished)","something else","none","2",1,3,1,1,5,5,"True",1149,3,,1149.0,1205.0,56.0,981.0,1373.0,"OK"
"between 25 and (excluding) 30","Undergraduate student (BSc not yet finished)","something else","none","6",7,3,1,1,6,6,"True",1381,3,,983.0,1381.0,398.0,-211.0,2575.0,"OK"
"between 25 and (excluding) 30","Undergraduate student (BSc not yet finished)","something else","none","10",1,3,1,1,5,5,"True",876,3,,1241.0,1565.0,324.0,269.0,2537.0,"OK"
"between 25 and (excluding) 30","Undergraduate student (BSc not yet finished)","something else","none","4",3,1,1,1,5,5,"True",1629,3,,1561.0,1629.0,68.0,1357.0,1833.0,"OK"
"between 25 and (excluding) 30","Undergraduate student (BSc not yet finished)","something else","none","6",1,3,1,1,3,3,"True",1263,3,,1102.0,1155.0,53.0,943.0,1314.0,"OK"
"between 25 and (excluding) 30","Undergraduate student (BSc not yet finished)","something else","none","8",5,1,0,1,2,5,"False",1269,3,,1217.0,2184.0,967.0,-1684.0,5085.0,"OK"
"between 25 and (excluding) 30","Undergraduate student (BSc not yet finished)","something else","none","6",2,2,1,1,7,7,"True",1772,3,,1279.0,1586.0,307.0,358.0,2507.0,"OK"
"between 25 and (excluding) 30","Undergraduate student (BSc not yet finished)","something else","none","8",3,1,1,1,2,2,"True",1826,3,,1518.0,1691.0,173.0,999.0,2210.0,"OK"
"between 25 and (excluding) 30","Undergraduate student (BSc not yet finished)","something else","none","8",4,0,1,1,2,2,"True",3744,3,,2474.0,3674.0,1200.0,-1126.0,7274.0,"OK"
"between 25 and (excluding) 30","Undergraduate student (BSc not yet finished)","something else","none","8",1,3,1,1,1,1,"True",1168,3,,1168.0,1233.0,65.0,973.0,1428.0,"OK"
"between 25 and (excluding) 30","Undergraduate student (BSc not yet finished)","something else","none","8",6,2,1,1,4,4,"True",2200,3,,1238.0,1469.0,231.0,545.0,2162.0,"Outlier"
"between 25 and (excluding) 30","Undergraduate student (BSc not yet finished)","something else","none","8",7,3,1,1,3,3,"True",908,3,,851.0,908.0,57.0,680.0,1079.0,"OK"
"between 25 and (excluding) 30","Undergraduate student (BSc not yet finished)","something else","none","8",5,1,1,1,1,1,"True",1216,3,,1217.0,2184.0,967.0,-1684.0,5085.0,"OK"
"between 25 and (excluding) 30","Undergraduate student (BSc not yet finished)","something else","none","4",6,2,1,1,3,3,"True",1194,3,,1264.0,1527.0,263.0,475.0,2316.0,"OK"
"between 25 and (excluding) 30","Undergraduate student (BSc not yet finished)","something else","none","10",3,1,1,1,1,1,"True",1992,3,,1656.0,1980.0,324.0,684.0,2952.0,"OK"
"between 25 and (excluding) 30","Undergraduate student (BSc not yet finished)","something else","none","10",6,2,1,1,1,1,"True",1216,3,,1216.0,1688.0,472.0,-200.0,3104.0,"OK"
"between 25 and (excluding) 30","Undergraduate student (BSc not yet finished)","something else","none","10",7,3,1,1,1,1,"True",1035,3,,1196.0,1262.0,66.0,998.0,1460.0,"OK"
"between 25 and (excluding) 30","Undergraduate student (BSc not yet finished)","something else","none","10",6,2,1,1,7,7,"True",1440,3,,1216.0,1688.0,472.0,-200.0,3104.0,"OK"
"between 25 and (excluding) 30","Undergraduate student (BSc not yet finished)","something else","none","8",6,2,1,1,1,1,"True",959,3,,1238.0,1469.0,231.0,545.0,2162.0,"OK"
"between 25 and (excluding) 30","Undergraduate student (BSc not yet finished)","something else","none","2",1,3,1,1,2,2,"True",1178,3,,1149.0,1205.0,56.0,981.0,1373.0,"OK"
"between 25 and (excluding) 30","Undergraduate student (BSc not yet finished)","something else","none","4",4,0,1,1,7,7,"True",2861,3,,2654.0,3801.0,1147.0,-787.0,7242.0,"OK"
"between 25 and (excluding) 30","Undergraduate student (BSc not yet finished)","something else","none","2",1,3,1,1,6,6,"True",1431,3,,1149.0,1205.0,56.0,981.0,1373.0,"Outlier"
"between 25 and (excluding) 30","Undergraduate student (BSc not yet finished)","something else","none","8",3,1,1,1,3,3,"True",1688,3,,1518.0,1691.0,173.0,999.0,2210.0,"OK"
"between 25 and (excluding) 30","Undergraduate student (BSc not yet finished)","something else","none","8",3,1,1,1,1,1,"True",1197,3,,1518.0,1691.0,173.0,999.0,2210.0,"OK"
"between 25 and (excluding) 30","Undergraduate student (BSc not yet finished)","something else","none","10",7,3,1,1,4,4,"True",1216,3,,1196.0,1262.0,66.0,998.0,1460.0,"OK"
"between 25 and (excluding) 30","Undergraduate student (BSc not yet finished)","something else","none","2",2,2,1,1,7,7,"True",2140,3,,1434.0,2140.0,706.0,-684.0,4258.0,"OK"
"between 25 and (excluding) 30","Undergraduate student (BSc not yet finished)","something else","none","2",3,1,1,1,3,3,"True",2277,3,,1555.0,1655.0,100.0,1255.0,1955.0,"Outlier"
"between 25 and (excluding) 30","Undergraduate student (BSc not yet finished)","something else","none","10",4,0,1,1,3,3,"True",3071,3,,2290.0,3071.0,781.0,-53.0,5414.0,"OK"
"between 25 and (excluding) 30","Undergraduate student (BSc not yet finished)","something else","none","6",6,2,1,1,3,3,"True",1235,3,,1208.0,1235.0,27.0,1127.0,1316.0,"OK"
"between 25 and (excluding) 30","Undergraduate student (BSc not yet finished)","something else","none","8",6,2,1,1,5,5,"True",1238,3,,1238.0,1469.0,231.0,545.0,2162.0,"OK"
"between 25 and (excluding) 30","Undergraduate student (BSc not yet finished)","something else","none","4",6,2,1,1,5,5,"True",1309,3,,1264.0,1527.0,263.0,475.0,2316.0,"OK"
"between 25 and (excluding) 30","Undergraduate student (BSc not yet finished)","something else","none","4",3,1,1,1,1,1,"True",1566,3,,1561.0,1629.0,68.0,1357.0,1833.0,"OK"
"between 25 and (excluding) 30","Undergraduate student (BSc not yet finished)","something else","none","2",5,1,1,1,4,4,"True",1717,3,,1278.0,1717.0,439.0,-39.0,3034.0,"OK"
"between 25 and (excluding) 30","Undergraduate student (BSc not yet finished)","something else","none","4",1,3,1,1,5,5,"True",1133,3,,1083.0,1141.0,58.0,909.0,1315.0,"OK"
"between 25 and (excluding) 30","Undergraduate student (BSc not yet finished)","something else","none","4",1,3,1,1,6,6,"True",1141,3,,1083.0,1141.0,58.0,909.0,1315.0,"OK"
"between 25 and (excluding) 30","Undergraduate student (BSc not yet finished)","something else","none","10",2,2,1,1,3,3,"True",1326,3,,1326.0,1754.0,428.0,42.0,3038.0,"OK"
"between 25 and (excluding) 30","Undergraduate student (BSc not yet finished)","something else","none","10",4,0,1,1,5,5,"True",2290,3,,2290.0,3071.0,781.0,-53.0,5414.0,"OK"
"between 25 and (excluding) 30","Undergraduate student (BSc not yet finished)","something else","none","6",2,2,1,1,6,6,"True",1421,3,,1279.0,1586.0,307.0,358.0,2507.0,"OK"
"between 25 and (excluding) 30","Undergraduate student (BSc not yet finished)","something else","none","Dynamic",2,2,1,1,3,3,"True",1876,3,,1048.0,1811.0,763.0,-1241.0,4100.0,"OK"
"between 25 and (excluding) 30","Undergraduate student (BSc not yet finished)","something else","none","4",5,1,1,1,4,4,"True",1957,3,,1613.0,2103.0,490.0,143.0,3573.0,"OK"
"between 25 and (excluding) 30","Undergraduate student (BSc not yet finished)","something else","none","10",6,2,1,1,4,4,"True",2063,3,,1216.0,1688.0,472.0,-200.0,3104.0,"OK"
"between 25 and (excluding) 30","Undergraduate student (BSc not yet finished)","something else","none","6",5,1,1,1,1,1,"True",1711,3,,1419.0,2270.0,851.0,-1134.0,4823.0,"OK"
"between 25 and (excluding) 30","Undergraduate student (BSc not yet finished)","something else","none","2",2,2,1,1,1,1,"True",1434,3,,1434.0,2140.0,706.0,-684.0,4258.0,"OK"
"between 25 and (excluding) 30","Undergraduate student (BSc not yet finished)","something else","none","2",1,3,1,1,5,5,"True",1205,3,,1149.0,1205.0,56.0,981.0,1373.0,"OK"
"between 25 and (excluding) 30","Undergraduate student (BSc not yet finished)","something else","none","6",5,1,1,1,6,6,"True",2270,3,,1419.0,2270.0,851.0,-1134.0,4823.0,"OK"
"between 25 and (excluding) 30","Undergraduate student (BSc not yet finished)","something else","none","10",4,0,1,1,1,1,"True",2810,3,,2290.0,3071.0,781.0,-53.0,5414.0,"OK"
"between 25 and (excluding) 30","Undergraduate student (BSc not yet finished)","something else","none","4",7,3,1,1,1,1,"True",1047,3,,1120.0,1377.0,257.0,349.0,2148.0,"OK"
"between 25 and (excluding) 30","Undergraduate student (BSc not yet finished)","something else","none","Dynamic",6,2,1,1,2,2,"True",1042,3,,1042.0,1534.0,492.0,-434.0,3010.0,"OK"
"between 25 and (excluding) 30","Undergraduate student (BSc not yet finished)","something else","none","2",6,2,1,1,2,2,"True",953,3,,1220.0,2939.0,1719.0,-3937.0,8096.0,"OK"
"between 25 and (excluding) 30","Undergraduate student (BSc not yet finished)","something else","none","Dynamic",5,1,1,1,2,2,"True",1355,3,,1355.0,1709.0,354.0,293.0,2771.0,"OK"
"between 25 and (excluding) 30","Undergraduate student (BSc not yet finished)","something else","none","10",5,1,1,1,3,3,"True",1337,3,,1668.0,1902.0,234.0,966.0,2604.0,"OK"
"between 25 and (excluding) 30","Undergraduate student (BSc not yet finished)","something else","none","Dynamic",4,0,1,1,2,2,"True",2544,3,,2528.0,2668.0,140.0,2108.0,3088.0,"OK"
"between 25 and (excluding) 30","Undergraduate student (BSc not yet finished)","something else","none","6",1,3,1,1,2,2,"True",1137,3,,1102.0,1155.0,53.0,943.0,1314.0,"OK"
"between 25 and (excluding) 30","Undergraduate student (BSc not yet finished)","something else","none","6",7,3,1,1,5,5,"True",2108,3,,983.0,1381.0,398.0,-211.0,2575.0,"OK"
"between 25 and (excluding) 30","Undergraduate student (BSc not yet finished)","something else","none","10",7,3,1,1,4,4,"True",1262,3,,1196.0,1262.0,66.0,998.0,1460.0,"OK"
"between 25 and (excluding) 30","Undergraduate student (BSc not yet finished)","something else","none","10",2,2,1,1,4,4,"True",1496,3,,1326.0,1754.0,428.0,42.0,3038.0,"OK"
"between 25 and (excluding) 30","Undergraduate student (BSc not yet finished)","something else","none","4",1,3,1,1,2,2,"True",1083,3,,1083.0,1141.0,58.0,909.0,1315.0,"OK"
"between 25 and (excluding) 30","Undergraduate student (BSc not yet finished)","something else","none","2",3,1,1,1,2,2,"True",1555,3,,1555.0,1655.0,100.0,1255.0,1955.0,"OK"
"between 25 and (excluding) 30","Undergraduate student (BSc not yet finished)","something else","none","6",4,0,1,1,5,5,"True",2222,3,,2024.0,2222.0,198.0,1430.0,2816.0,"OK"
"between 25 and (excluding) 30","Undergraduate student (BSc not yet finished)","something else","none","4",6,2,1,1,2,2,"True",1264,3,,1264.0,1527.0,263.0,475.0,2316.0,"OK"
"between 25 and (excluding) 30","Undergraduate student (BSc not yet finished)","something else","none","10",3,1,1,1,1,1,"True",1432,3,,1656.0,1980.0,324.0,684.0,2952.0,"OK"
"between 25 and (excluding) 30","Undergraduate student (BSc not yet finished)","something else","none","Dynamic",2,2,1,1,3,3,"True",1048,3,,1048.0,1811.0,763.0,-1241.0,4100.0,"OK"
"between 25 and (excluding) 30","Undergraduate student (BSc not yet finished)","something else","none","2",5,1,1,1,7,7,"True",2468,3,,1278.0,1717.0,439.0,-39.0,3034.0,"OK"
"between 25 and (excluding) 30","Undergraduate student (BSc not yet finished)","something else","none","Dynamic",2,2,1,1,3,3,"True",1028,3,,1048.0,1811.0,763.0,-1241.0,4100.0,"OK"
"between 25 and (excluding) 30","Undergraduate student (BSc not yet finished)","something else","none","Dynamic",6,2,1,1,7,7,"True",1765,3,,1042.0,1534.0,492.0,-434.0,3010.0,"OK"
"between 25 and (excluding) 30","Undergraduate student (BSc not yet finished)","something else","none","2",3,1,1,1,4,4,"True",1655,3,,1555.0,1655.0,100.0,1255.0,1955.0,"OK"
"between 25 and (excluding) 30","Undergraduate student (BSc not yet finished)","something else","none","Dynamic",3,1,1,1,4,4,"True",1975,3,,1340.0,1534.0,194.0,758.0,2116.0,"OK"
"between 25 and (excluding) 30","Undergraduate student (BSc not yet finished)","something else","none","4",7,3,1,1,5,5,"True",1120,3,,1120.0,1377.0,257.0,349.0,2148.0,"OK"
"between 25 and (excluding) 30","Undergraduate student (BSc not yet finished)","something else","none","8",2,2,1,1,6,6,"True",1731,3,,995.0,1648.0,653.0,-964.0,3607.0,"OK"
"between 25 and (excluding) 30","Undergraduate student (BSc not yet finished)","something else","none","Dynamic",5,1,1,1,2,2,"True",1922,3,,1355.0,1709.0,354.0,293.0,2771.0,"OK"
"between 25 and (excluding) 30","Undergraduate student (BSc not yet finished)","something else","none","4",5,1,1,1,7,7,"True",3339,3,,1613.0,2103.0,490.0,143.0,3573.0,"OK"
"between 25 and (excluding) 30","Undergraduate student (BSc not yet finished)","something else","none","10",6,2,1,1,2,2,"True",1081,3,,1216.0,1688.0,472.0,-200.0,3104.0,"OK"
"between 25 and (excluding) 30","Undergraduate student (BSc not yet finished)","something else","none","4",3,1,1,1,5,5,"True",1561,3,,1561.0,1629.0,68.0,1357.0,1833.0,"OK"
"between 25 and (excluding) 30","Undergraduate student (BSc not yet finished)","something else","none","6",1,3,1,1,4,4,"True",1102,3,,1102.0,1155.0,53.0,943.0,1314.0,"OK"
"between 25 and (excluding) 30","Undergraduate student (BSc not yet finished)","something else","none","8",7,3,1,1,1,1,"True",829,3,,851.0,908.0,57.0,680.0,1079.0,"OK"
"between 25 and (excluding) 30","Undergraduate student (BSc not yet finished)","something else","none","2",5,1,1,1,5,5,"True",1278,3,,1278.0,1717.0,439.0,-39.0,3034.0,"OK"
"between 25 and (excluding) 30","Undergraduate student (BSc not yet finished)","something else","none","4",5,1,1,1,3,3,"True",1398,3,,1613.0,2103.0,490.0,143.0,3573.0,"OK"
"between 25 and (excluding) 30","Undergraduate student (BSc not yet finished)","something else","none","2",2,2,1,1,6,6,"True",1483,3,,1434.0,2140.0,706.0,-684.0,4258.0,"OK"
"between 25 and (excluding) 30","Undergraduate student (BSc not yet finished)","something else","none","8",7,3,1,1,2,2,"True",876,3,,851.0,908.0,57.0,680.0,1079.0,"OK"
"between 25 and (excluding) 30","Undergraduate student (BSc not yet finished)","something else","none","8",1,3,1,1,1,1,"True",921,3,,1168.0,1233.0,65.0,973.0,1428.0,"Outlier"
"between 25 and (excluding) 30","Undergraduate student (BSc not yet finished)","something else","none","10",7,3,1,1,7,7,"True",1196,3,,1196.0,1262.0,66.0,998.0,1460.0,"OK"
"between 25 and (excluding) 30","Undergraduate student (BSc not yet finished)","something else","none","Dynamic",3,1,1,1,7,7,"True",1478,3,,1340.0,1534.0,194.0,758.0,2116.0,"OK"
"between 25 and (excluding) 30","Undergraduate student (BSc not yet finished)","something else","none","2",7,3,1,1,7,7,"True",1471,3,,975.0,1471.0,496.0,-513.0,2959.0,"OK"
"between 25 and (excluding) 30","Undergraduate student (BSc not yet finished)","something else","none","4",2,2,1,1,2,2,"True",1056,3,,1056.0,1116.0,60.0,876.0,1296.0,"OK"
"between 25 and (excluding) 30","Undergraduate student (BSc not yet finished)","something else","none","8",3,1,1,1,4,4,"True",1691,3,,1518.0,1691.0,173.0,999.0,2210.0,"OK"
"between 25 and (excluding) 30","Undergraduate student (BSc not yet finished)","something else","none","8",5,1,1,1,2,2,"True",1217,3,,1217.0,2184.0,967.0,-1684.0,5085.0,"OK"
"between 25 and (excluding) 30","Undergraduate student (BSc not yet finished)","something else","none","Dynamic",1,3,1,1,7,7,"True",1209,3,,1071.0,1293.0,222.0,405.0,1959.0,"OK"
"between 25 and (excluding) 30","Undergraduate student (BSc not yet finished)","something else","none","6",5,1,1,1,5,5,"True",1419,3,,1419.0,2270.0,851.0,-1134.0,4823.0,"OK"
"between 25 and (excluding) 30","Undergraduate student (BSc not yet finished)","something else","none","Dynamic",7,3,1,1,5,5,"True",1017,3,,840.0,1169.0,329.0,-147.0,2156.0,"OK"
"between 25 and (excluding) 30","Undergraduate student (BSc not yet finished)","something else","none","4",7,3,1,1,7,7,"True",1577,3,,1120.0,1377.0,257.0,349.0,2148.0,"OK"
"between 25 and (excluding) 30","Undergraduate student (BSc not yet finished)","something else","none","2",7,3,1,1,7,7,"True",1297,3,,975.0,1471.0,496.0,-513.0,2959.0,"OK"
"between 25 and (excluding) 30","Undergraduate student (BSc not yet finished)","something else","none","6",3,1,1,1,1,1,"True",1660,3,,1403.0,1653.0,250.0,653.0,2403.0,"OK"
"between 25 and (excluding) 30","Undergraduate student (BSc not yet finished)","something else","none","4",3,1,1,1,7,7,"True",1691,3,,1561.0,1629.0,68.0,1357.0,1833.0,"OK"
"between 25 and (excluding) 30","Undergraduate student (BSc not yet finished)","something else","none","4",3,1,1,1,3,3,"True",1315,3,,1561.0,1629.0,68.0,1357.0,1833.0,"Outlier"
"between 25 and (excluding) 30","Undergraduate student (BSc not yet finished)","something else","none","8",2,2,1,1,5,5,"True",1648,3,,995.0,1648.0,653.0,-964.0,3607.0,"OK"
"between 25 and (excluding) 30","Undergraduate student (BSc not yet finished)","something else","none","Dynamic",2,2,1,1,7,7,"True",1155,3,,1048.0,1811.0,763.0,-1241.0,4100.0,"OK"
"between 25 and (excluding) 30","Undergraduate student (BSc not yet finished)","something else","none","4",2,2,1,1,1,1,"True",929,3,,1056.0,1116.0,60.0,876.0,1296.0,"OK"
"between 25 and (excluding) 30","Undergraduate student (BSc not yet finished)","something else","none","10",1,3,1,1,7,7,"True",1241,3,,1241.0,1565.0,324.0,269.0,2537.0,"OK"
"between 25 and (excluding) 30","Undergraduate student (BSc not yet finished)","something else","none","Dynamic",6,2,1,1,7,7,"True",1501,3,,1042.0,1534.0,492.0,-434.0,3010.0,"OK"
"between 25 and (excluding) 30","Undergraduate student (BSc not yet finished)","something else","none","8",4,0,1,1,1,1,"True",3615,3,,2474.0,3674.0,1200.0,-1126.0,7274.0,"OK"
"between 25 and (excluding) 30","Undergraduate student (BSc not yet finished)","something else","none","8",4,0,1,1,3,3,"True",2474,3,,2474.0,3674.0,1200.0,-1126.0,7274.0,"OK"
"between 25 and (excluding) 30","Undergraduate student (BSc not yet finished)","something else","none","10",3,1,1,1,5,5,"True",1656,3,,1656.0,1980.0,324.0,684.0,2952.0,"OK"
"between 25 and (excluding) 30","Undergraduate student (BSc not yet finished)","something else","none","Dynamic",4,0,1,1,3,3,"True",2668,3,,2528.0,2668.0,140.0,2108.0,3088.0,"OK"
"between 25 and (excluding) 30","Undergraduate student (BSc not yet finished)","something else","none","2",7,3,1,1,6,6,"True",1610,3,,975.0,1471.0,496.0,-513.0,2959.0,"OK"
"between 25 and (excluding) 30","Undergraduate student (BSc not yet finished)","something else","none","8",7,3,1,1,1,1,"True",851,3,,851.0,908.0,57.0,680.0,1079.0,"OK"
"between 25 and (excluding) 30","Undergraduate student (BSc not yet finished)","something else","none","2",4,0,1,1,5,5,"True",2562,3,,2562.0,3463.0,901.0,-141.0,6166.0,"OK"
"between 25 and (excluding) 30","Undergraduate student (BSc not yet finished)","something else","none","Dynamic",5,1,1,1,3,3,"True",1608,3,,1355.0,1709.0,354.0,293.0,2771.0,"OK"
"between 25 and (excluding) 30","Undergraduate student (BSc not yet finished)","something else","none","Dynamic",7,3,1,1,3,3,"True",1713,3,,840.0,1169.0,329.0,-147.0,2156.0,"OK"
"between 25 and (excluding) 30","Undergraduate student (BSc not yet finished)","something else","none","Dynamic",7,3,1,1,1,1,"True",840,3,,840.0,1169.0,329.0,-147.0,2156.0,"OK"
"between 25 and (excluding) 30","Undergraduate student (BSc not yet finished)","something else","none","Dynamic",7,3,1,1,2,2,"True",808,3,,840.0,1169.0,329.0,-147.0,2156.0,"OK"
"between 25 and (excluding) 30","Undergraduate student (BSc not yet finished)","something else","none","6",3,1,1,1,5,5,"True",1653,3,,1403.0,1653.0,250.0,653.0,2403.0,"OK"
"between 25 and (excluding) 30","Undergraduate student (BSc not yet finished)","something else","none","10",7,3,1,1,6,6,"True",1262,3,,1196.0,1262.0,66.0,998.0,1460.0,"OK"
"between 25 and (excluding) 30","Undergraduate student (BSc not yet finished)","something else","none","4",1,3,1,1,6,6,"True",1486,3,,1083.0,1141.0,58.0,909.0,1315.0,"Outlier"
"between 25 and (excluding) 30","Undergraduate student (BSc not yet finished)","something else","none","6",2,2,1,1,1,1,"True",1068,3,,1279.0,1586.0,307.0,358.0,2507.0,"OK"
"between 25 and (excluding) 30","Undergraduate student (BSc not yet finished)","something else","none","6",6,2,1,1,5,5,"True",1228,3,,1208.0,1235.0,27.0,1127.0,1316.0,"OK"
"between 25 and (excluding) 30","Undergraduate student (BSc not yet finished)","something else","none","4",2,2,1,1,3,3,"True",1116,3,,1056.0,1116.0,60.0,876.0,1296.0,"OK"
"between 25 and (excluding) 30","Undergraduate student (BSc not yet finished)","something else","none","10",5,1,1,1,4,4,"True",1678,3,,1668.0,1902.0,234.0,966.0,2604.0,"OK"
"between 25 and (excluding) 30","Undergraduate student (BSc not yet finished)","something else","none","8",4,0,1,1,5,5,"True",1958,3,,2474.0,3674.0,1200.0,-1126.0,7274.0,"OK"
"between 25 and (excluding) 30","Undergraduate student (BSc not yet finished)","something else","none","10",3,1,1,1,4,4,"True",1980,3,,1656.0,1980.0,324.0,684.0,2952.0,"OK"
"between 25 and (excluding) 30","Undergraduate student (BSc not yet finished)","something else","none","10",2,2,1,1,7,7,"True",1754,3,,1326.0,1754.0,428.0,42.0,3038.0,"OK"
"between 25 and (excluding) 30","Undergraduate student (BSc not yet finished)","something else","none","8",2,2,1,1,1,1,"True",995,3,,995.0,1648.0,653.0,-964.0,3607.0,"OK"
"between 25 and (excluding) 30","Undergraduate student (BSc not yet finished)","something else","none","Dynamic",7,3,1,1,7,7,"True",1169,3,,840.0,1169.0,329.0,-147.0,2156.0,"OK"
"between 25 and (excluding) 30","Undergraduate student (BSc not yet finished)","something else","none","6",7,3,1,1,1,1,"True",729,3,,983.0,1381.0,398.0,-211.0,2575.0,"OK"
"between 25 and (excluding) 30","Undergraduate student (BSc not yet finished)","something else","none","2",7,3,1,1,3,3,"True",823,3,,975.0,1471.0,496.0,-513.0,2959.0,"OK"
"between 25 and (excluding) 30","Undergraduate student (BSc not yet finished)","something else","none","Dynamic",4,0,1,1,5,5,"True",2528,3,,2528.0,2668.0,140.0,2108.0,3088.0,"OK"
"between 25 and (excluding) 30","Undergraduate student (BSc not yet finished)","something else","none","Dynamic",5,1,1,1,1,1,"True",1709,3,,1355.0,1709.0,354.0,293.0,2771.0,"OK"
"between 25 and (excluding) 30","Undergraduate student (BSc not yet finished)","something else","none","Dynamic",3,1,1,1,2,2,"True",1340,3,,1340.0,1534.0,194.0,758.0,2116.0,"OK"
"between 25 and (excluding) 30","Undergraduate student (BSc not yet finished)","something else","none","2",2,2,1,1,5,5,"True",1137,3,,1434.0,2140.0,706.0,-684.0,4258.0,"OK"
"between 25 and (excluding) 30","Undergraduate student (BSc not yet finished)","something else","none","6",1,3,1,1,2,2,"True",901,3,,1102.0,1155.0,53.0,943.0,1314.0,"Outlier"
"between 25 and (excluding) 30","Undergraduate student (BSc not yet finished)","something else","none","Dynamic",1,3,1,1,1,1,"True",802,3,,1071.0,1293.0,222.0,405.0,1959.0,"OK"
"between 25 and (excluding) 30","Undergraduate student (BSc not yet finished)","something else","none","Dynamic",3,1,1,1,4,4,"True",1001,3,,1340.0,1534.0,194.0,758.0,2116.0,"OK"
"between 25 and (excluding) 30","Undergraduate student (BSc not yet finished)","something else","none","10",4,0,1,1,2,2,"True",2050,3,,2290.0,3071.0,781.0,-53.0,5414.0,"OK"
"between 25 and (excluding) 30","Undergraduate student (BSc not yet finished)","something else","none","Dynamic",4,0,1,1,3,3,"True",2121,3,,2528.0,2668.0,140.0,2108.0,3088.0,"OK"
"between 25 and (excluding) 30","Undergraduate student (BSc not yet finished)","something else","none","2",1,3,1,1,2,2,"True",1029,3,,1149.0,1205.0,56.0,981.0,1373.0,"OK"
"between 25 and (excluding) 30","Undergraduate student (BSc not yet finished)","something else","none","6",4,0,1,1,2,2,"True",2024,3,,2024.0,2222.0,198.0,1430.0,2816.0,"OK"
"between 25 and (excluding) 30","Undergraduate student (BSc not yet finished)","something else","none","8",6,2,1,1,7,7,"True",1469,3,,1238.0,1469.0,231.0,545.0,2162.0,"OK"
"between 25 and (excluding) 30","Undergraduate student (BSc not yet finished)","something else","none","2",5,1,1,1,4,4,"True",1176,3,,1278.0,1717.0,439.0,-39.0,3034.0,"OK"
"between 25 and (excluding) 30","Undergraduate student (BSc not yet finished)","something else","none","6",6,2,1,1,2,2,"True",1208,3,,1208.0,1235.0,27.0,1127.0,1316.0,"OK"
"between 25 and (excluding) 30","Undergraduate student (BSc not yet finished)","something else","none","8",2,2,1,1,2,2,"True",845,3,,995.0,1648.0,653.0,-964.0,3607.0,"OK"
"between 25 and (excluding) 30","Undergraduate student (BSc not yet finished)","something else","none","8",7,3,1,1,4,4,"True",909,3,,851.0,908.0,57.0,680.0,1079.0,"OK"
"between 25 and (excluding) 30","Undergraduate student (BSc not yet finished)","something else","none","Dynamic",6,2,1,1,5,5,"True",1041,3,,1042.0,1534.0,492.0,-434.0,3010.0,"OK"
"between 25 and (excluding) 30","Undergraduate student (BSc not yet finished)","something else","none","4",4,0,1,1,7,7,"True",2654,3,,2654.0,3801.0,1147.0,-787.0,7242.0,"OK"
"between 25 and (excluding) 30","Undergraduate student (BSc not yet finished)","something else","none","4",2,2,1,1,2,2,"True",1082,3,,1056.0,1116.0,60.0,876.0,1296.0,"OK"
"between 25 and (excluding) 30","Undergraduate student (BSc not yet finished)","something else","none","4",5,1,1,1,1,1,"True",1613,3,,1613.0,2103.0,490.0,143.0,3573.0,"OK"
"between 25 and (excluding) 30","Undergraduate student (BSc not yet finished)","something else","none","8",1,3,1,1,6,6,"True",1479,3,,1168.0,1233.0,65.0,973.0,1428.0,"Outlier"
"between 25 and (excluding) 30","Undergraduate student (BSc not yet finished)","something else","none","10",6,2,1,1,7,7,"True",1688,3,,1216.0,1688.0,472.0,-200.0,3104.0,"OK"
"between 25 and (excluding) 30","Undergraduate student (BSc not yet finished)","something else","none","10",2,2,1,1,4,4,"True",1026,3,,1326.0,1754.0,428.0,42.0,3038.0,"OK"
"between 25 and (excluding) 30","Undergraduate student (BSc not yet finished)","something else","none","2",3,1,1,1,2,2,"True",1334,3,,1555.0,1655.0,100.0,1255.0,1955.0,"OK"
"between 25 and (excluding) 30","Undergraduate student (BSc not yet finished)","something else","none","8",1,3,1,1,4,4,"True",1183,3,,1168.0,1233.0,65.0,973.0,1428.0,"OK"
"between 25 and (excluding) 30","Undergraduate student (BSc not yet finished)","something else","none","2",3,1,1,1,7,7,"True",1573,3,,1555.0,1655.0,100.0,1255.0,1955.0,"OK"
"between 25 and (excluding) 30","Undergraduate student (BSc not yet finished)","something else","none","6",3,1,1,1,4,4,"True",1494,3,,1403.0,1653.0,250.0,653.0,2403.0,"OK"
"between 25 and (excluding) 30","Undergraduate student (BSc not yet finished)","something else","none","6",1,3,1,1,6,6,"True",1155,3,,1102.0,1155.0,53.0,943.0,1314.0,"OK"
"between 25 and (excluding) 30","Undergraduate student (BSc not yet finished)","something else","none","6",2,2,1,1,5,5,"True",1279,3,,1279.0,1586.0,307.0,358.0,2507.0,"OK"
"between 25 and (excluding) 30","Undergraduate student (BSc not yet finished)","something else","none","Dynamic",3,1,1,1,3,3,"True",1534,3,,1340.0,1534.0,194.0,758.0,2116.0,"OK"
"between 25 and (excluding) 30","Undergraduate student (BSc not yet finished)","something else","none","4",1,3,1,1,3,3,"True",981,3,,1083.0,1141.0,58.0,909.0,1315.0,"OK"
"between 25 and (excluding) 30","Undergraduate student (BSc not yet finished)","something else","none","6",3,1,1,1,4,4,"True",1403,3,,1403.0,1653.0,250.0,653.0,2403.0,"OK"
"between 25 and (excluding) 30","Undergraduate student (BSc not yet finished)","something else","none","Dynamic",1,3,1,1,7,7,"True",1071,3,,1071.0,1293.0,222.0,405.0,1959.0,"OK"
"between 25 and (excluding) 30","Undergraduate student (BSc not yet finished)","something else","none","6",3,1,1,1,3,3,"True",1396,3,,1403.0,1653.0,250.0,653.0,2403.0,"OK"
"between 25 and (excluding) 30","Undergraduate student (BSc not yet finished)","something else","none","6",7,3,1,1,3,3,"True",983,3,,983.0,1381.0,398.0,-211.0,2575.0,"OK"
"between 25 and (excluding) 30","Undergraduate student (BSc not yet finished)","something else","none","8",3,1,1,1,1,1,"True",1518,3,,1518.0,1691.0,173.0,999.0,2210.0,"OK"
"between 25 and (excluding) 30","Undergraduate student (BSc not yet finished)","something else","none","4",2,2,1,1,4,4,"True",1155,3,,1056.0,1116.0,60.0,876.0,1296.0,"OK"
"between 25 and (excluding) 30","Undergraduate student (BSc not yet finished)","something else","none","8",6,2,1,1,3,3,"True",1400,3,,1238.0,1469.0,231.0,545.0,2162.0,"OK"
"between 25 and (excluding) 30","Undergraduate student (BSc not yet finished)","something else","none","4",7,3,1,1,6,6,"True",1377,3,,1120.0,1377.0,257.0,349.0,2148.0,"OK"
"between 25 and (excluding) 30","Undergraduate student (BSc not yet finished)","something else","none","Dynamic",5,1,1,1,1,1,"True",1280,3,,1355.0,1709.0,354.0,293.0,2771.0,"OK"
"between 25 and (excluding) 30","Undergraduate student (BSc not yet finished)","something else","none","6",5,1,1,1,4,4,"True",914,3,,1419.0,2270.0,851.0,-1134.0,4823.0,"OK"
"between 25 and (excluding) 30","Undergraduate student (BSc not yet finished)","something else","none","8",2,2,1,1,5,5,"True",1176,3,,995.0,1648.0,653.0,-964.0,3607.0,"OK"
"between 25 and (excluding) 30","Undergraduate student (BSc not yet finished)","something else","none","6",4,0,1,1,4,4,"True",1613,3,,2024.0,2222.0,198.0,1430.0,2816.0,"OK"
"between 30 and (excluding) 35","Graduate student (at least BSc finished)","I do not study","none","4",4,0,1,1,1,1,"True",8268,4,,2388.0,5290.0,2902.0,-6318.0,13996.0,"OK"
"between 30 and (excluding) 35","Graduate student (at least BSc finished)","I do not study","none","4",7,3,1,1,3,3,"True",1487,4,,1199.0,1383.0,184.0,647.0,1935.0,"OK"
"between 30 and (excluding) 35","Graduate student (at least BSc finished)","I do not study","none","2",7,3,1,1,2,2,"True",1160,4,,1228.0,1536.0,308.0,304.0,2460.0,"OK"
"between 30 and (excluding) 35","Graduate student (at least BSc finished)","I do not study","none","2",4,0,1,1,2,2,"True",5419,4,,3067.0,4485.0,1418.0,-1187.0,8739.0,"OK"
"between 30 and (excluding) 35","Graduate student (at least BSc finished)","I do not study","none","8",4,0,1,1,5,5,"True",3375,4,,2487.0,3375.0,888.0,-177.0,6039.0,"OK"
"between 30 and (excluding) 35","Graduate student (at least BSc finished)","I do not study","none","10",1,3,1,1,3,3,"True",7249,4,,1280.0,1624.0,344.0,248.0,2656.0,"Outlier"
"between 30 and (excluding) 35","Graduate student (at least BSc finished)","I do not study","none","8",5,1,1,1,3,3,"True",1662,4,,1820.0,2809.0,989.0,-1147.0,5776.0,"OK"
"between 30 and (excluding) 35","Graduate student (at least BSc finished)","I do not study","none","4",5,1,1,1,1,1,"True",1872,4,,1667.0,1877.0,210.0,1037.0,2507.0,"OK"
"between 30 and (excluding) 35","Graduate student (at least BSc finished)","I do not study","none","10",1,3,1,1,7,7,"True",1280,4,,1280.0,1624.0,344.0,248.0,2656.0,"OK"
"between 30 and (excluding) 35","Graduate student (at least BSc finished)","I do not study","none","2",2,2,1,1,5,5,"True",1585,4,,1516.0,1656.0,140.0,1096.0,2076.0,"OK"
"between 30 and (excluding) 35","Graduate student (at least BSc finished)","I do not study","none","4",6,2,1,1,5,5,"True",1569,4,,1444.0,1637.0,193.0,865.0,2216.0,"OK"
"between 30 and (excluding) 35","Graduate student (at least BSc finished)","I do not study","none","2",6,2,1,1,6,6,"True",1796,4,,1258.0,2119.0,861.0,-1325.0,4702.0,"OK"
"between 30 and (excluding) 35","Graduate student (at least BSc finished)","I do not study","none","6",5,1,1,1,3,3,"True",1999,4,,1773.0,1999.0,226.0,1095.0,2677.0,"OK"
"between 30 and (excluding) 35","Graduate student (at least BSc finished)","I do not study","none","10",2,2,1,1,6,6,"True",5745,4,,1172.0,3561.0,2389.0,-5995.0,10728.0,"OK"
"between 30 and (excluding) 35","Graduate student (at least BSc finished)","I do not study","none","Dynamic",2,2,1,1,7,7,"True",1344,4,,1348.0,1942.0,594.0,-434.0,3724.0,"OK"
"between 30 and (excluding) 35","Graduate student (at least BSc finished)","I do not study","none","2",6,2,1,1,6,6,"True",2119,4,,1258.0,2119.0,861.0,-1325.0,4702.0,"OK"
"between 30 and (excluding) 35","Graduate student (at least BSc finished)","I do not study","none","4",4,0,1,1,6,6,"True",2388,4,,2388.0,5290.0,2902.0,-6318.0,13996.0,"OK"
"between 30 and (excluding) 35","Graduate student (at least BSc finished)","I do not study","none","2",5,1,1,1,2,2,"True",1555,4,,1572.0,1828.0,256.0,804.0,2596.0,"OK"
"between 30 and (excluding) 35","Graduate student (at least BSc finished)","I do not study","none","2",4,0,1,1,7,7,"True",2215,4,,3067.0,4485.0,1418.0,-1187.0,8739.0,"OK"
"between 30 and (excluding) 35","Graduate student (at least BSc finished)","I do not study","none","6",7,3,1,1,7,7,"True",1235,4,,1235.0,1377.0,142.0,809.0,1803.0,"OK"
"between 30 and (excluding) 35","Graduate student (at least BSc finished)","I do not study","none","6",6,2,1,1,2,2,"True",1915,4,,1448.0,1915.0,467.0,47.0,3316.0,"OK"
"between 30 and (excluding) 35","Graduate student (at least BSc finished)","I do not study","none","10",4,0,1,1,1,1,"True",3633,4,,3262.0,3633.0,371.0,2149.0,4746.0,"OK"
"between 30 and (excluding) 35","Graduate student (at least BSc finished)","I do not study","none","10",1,3,1,1,4,4,"True",1624,4,,1280.0,1624.0,344.0,248.0,2656.0,"OK"
"between 30 and (excluding) 35","Graduate student (at least BSc finished)","I do not study","none","2",4,0,1,1,1,1,"True",4485,4,,3067.0,4485.0,1418.0,-1187.0,8739.0,"OK"
"between 30 and (excluding) 35","Graduate student (at least BSc finished)","I do not study","none","6",4,0,1,1,3,3,"True",2572,4,,2287.0,2540.0,253.0,1528.0,3299.0,"OK"
"between 30 and (excluding) 35","Graduate student (at least BSc finished)","I do not study","none","4",4,0,1,1,2,2,"True",2980,4,,2388.0,5290.0,2902.0,-6318.0,13996.0,"OK"
"between 30 and (excluding) 35","Graduate student (at least BSc finished)","I do not study","none","6",6,2,1,1,6,6,"True",1448,4,,1448.0,1915.0,467.0,47.0,3316.0,"OK"
"between 30 and (excluding) 35","Graduate student (at least BSc finished)","I do not study","none","Dynamic",1,3,1,1,1,1,"True",2513,4,,1283.0,2513.0,1230.0,-2407.0,6203.0,"OK"
"between 30 and (excluding) 35","Graduate student (at least BSc finished)","I do not study","none","4",6,2,1,1,1,1,"True",3000,4,,1444.0,1637.0,193.0,865.0,2216.0,"Outlier"
"between 30 and (excluding) 35","Graduate student (at least BSc finished)","I do not study","none","10",3,1,1,1,6,6,"True",6961,4,,1627.0,2395.0,768.0,-677.0,4699.0,"Outlier"
"between 30 and (excluding) 35","Graduate student (at least BSc finished)","I do not study","none","8",5,1,1,1,3,3,"True",2809,4,,1820.0,2809.0,989.0,-1147.0,5776.0,"OK"
"between 30 and (excluding) 35","Graduate student (at least BSc finished)","I do not study","none","8",1,3,1,1,2,2,"True",1448,4,,1188.0,1287.0,99.0,891.0,1584.0,"OK"
"between 30 and (excluding) 35","Graduate student (at least BSc finished)","I do not study","none","10",5,1,1,1,7,7,"True",2361,4,,1944.0,2361.0,417.0,693.0,3612.0,"OK"
"between 30 and (excluding) 35","Graduate student (at least BSc finished)","I do not study","none","Dynamic",6,2,1,1,5,5,"True",3339,4,,1483.0,2124.0,641.0,-440.0,4047.0,"OK"
"between 30 and (excluding) 35","Graduate student (at least BSc finished)","I do not study","none","6",4,0,1,1,1,1,"True",2540,4,,2287.0,2540.0,253.0,1528.0,3299.0,"OK"
"between 30 and (excluding) 35","Graduate student (at least BSc finished)","I do not study","none","10",5,1,1,1,4,4,"True",1944,4,,1944.0,2361.0,417.0,693.0,3612.0,"OK"
"between 30 and (excluding) 35","Graduate student (at least BSc finished)","I do not study","none","2",4,0,1,1,1,1,"True",3067,4,,3067.0,4485.0,1418.0,-1187.0,8739.0,"OK"
"between 30 and (excluding) 35","Graduate student (at least BSc finished)","I do not study","none","10",5,1,1,1,6,6,"True",1951,4,,1944.0,2361.0,417.0,693.0,3612.0,"OK"
"between 30 and (excluding) 35","Graduate student (at least BSc finished)","I do not study","none","Dynamic",1,3,1,1,5,5,"True",4187,4,,1283.0,2513.0,1230.0,-2407.0,6203.0,"OK"
"between 30 and (excluding) 35","Graduate student (at least BSc finished)","I do not study","none","2",6,2,1,1,5,5,"True",1258,4,,1258.0,2119.0,861.0,-1325.0,4702.0,"OK"
"between 30 and (excluding) 35","Graduate student (at least BSc finished)","I do not study","none","2",6,2,1,1,4,4,"True",3496,4,,1258.0,2119.0,861.0,-1325.0,4702.0,"OK"
"between 30 and (excluding) 35","Graduate student (at least BSc finished)","I do not study","none","6",2,2,1,1,6,6,"True",1513,4,,1356.0,1513.0,157.0,885.0,1984.0,"OK"
"between 30 and (excluding) 35","Graduate student (at least BSc finished)","I do not study","none","Dynamic",4,0,1,1,2,2,"True",9098,4,,3039.0,4188.0,1149.0,-408.0,7635.0,"Outlier"
"between 30 and (excluding) 35","Graduate student (at least BSc finished)","I do not study","none","2",1,3,1,1,5,5,"True",1543,4,,1421.0,1984.0,563.0,-268.0,3673.0,"OK"
"between 30 and (excluding) 35","Graduate student (at least BSc finished)","I do not study","none","6",7,3,1,1,6,6,"True",1293,4,,1235.0,1377.0,142.0,809.0,1803.0,"OK"
"between 30 and (excluding) 35","Graduate student (at least BSc finished)","I do not study","none","10",1,3,1,1,5,5,"True",1448,4,,1280.0,1624.0,344.0,248.0,2656.0,"OK"
"between 30 and (excluding) 35","Graduate student (at least BSc finished)","I do not study","none","4",3,1,1,1,5,5,"True",1780,4,,1821.0,1956.0,135.0,1416.0,2361.0,"OK"
"between 30 and (excluding) 35","Graduate student (at least BSc finished)","I do not study","none","6",1,3,1,1,3,3,"True",2076,4,,1235.0,2076.0,841.0,-1288.0,4599.0,"OK"
"between 30 and (excluding) 35","Graduate student (at least BSc finished)","I do not study","none","8",5,1,1,1,2,2,"True",3564,4,,1820.0,2809.0,989.0,-1147.0,5776.0,"OK"
"between 30 and (excluding) 35","Graduate student (at least BSc finished)","I do not study","none","6",2,2,1,1,7,7,"True",1676,4,,1356.0,1513.0,157.0,885.0,1984.0,"OK"
"between 30 and (excluding) 35","Graduate student (at least BSc finished)","I do not study","none","8",3,1,1,1,2,2,"True",1884,4,,1676.0,1884.0,208.0,1052.0,2508.0,"OK"
"between 30 and (excluding) 35","Graduate student (at least BSc finished)","I do not study","none","8",4,0,1,1,2,2,"True",3651,4,,2487.0,3375.0,888.0,-177.0,6039.0,"OK"
"between 30 and (excluding) 35","Graduate student (at least BSc finished)","I do not study","none","8",1,3,1,1,1,1,"True",1229,4,,1188.0,1287.0,99.0,891.0,1584.0,"OK"
"between 30 and (excluding) 35","Graduate student (at least BSc finished)","I do not study","none","8",6,2,1,1,4,4,"True",1701,4,,1392.0,1701.0,309.0,465.0,2628.0,"OK"
"between 30 and (excluding) 35","Graduate student (at least BSc finished)","I do not study","none","8",7,3,1,1,3,3,"True",1176,4,,1176.0,1309.0,133.0,777.0,1708.0,"OK"
"between 30 and (excluding) 35","Graduate student (at least BSc finished)","I do not study","none","8",5,1,1,1,1,1,"True",2252,4,,1820.0,2809.0,989.0,-1147.0,5776.0,"OK"
"between 30 and (excluding) 35","Graduate student (at least BSc finished)","I do not study","none","4",6,2,1,1,3,3,"True",1444,4,,1444.0,1637.0,193.0,865.0,2216.0,"OK"
"between 30 and (excluding) 35","Graduate student (at least BSc finished)","I do not study","none","10",3,1,1,1,1,1,"True",2395,4,,1627.0,2395.0,768.0,-677.0,4699.0,"OK"
"between 30 and (excluding) 35","Graduate student (at least BSc finished)","I do not study","none","10",6,2,1,1,1,1,"True",4028,4,,1318.0,1992.0,674.0,-704.0,4014.0,"Outlier"
"between 30 and (excluding) 35","Graduate student (at least BSc finished)","I do not study","none","10",7,3,1,1,1,1,"True",1312,4,,1312.0,1716.0,404.0,100.0,2928.0,"OK"
"between 30 and (excluding) 35","Graduate student (at least BSc finished)","I do not study","none","10",6,2,1,1,7,7,"True",1632,4,,1318.0,1992.0,674.0,-704.0,4014.0,"OK"
"between 30 and (excluding) 35","Graduate student (at least BSc finished)","I do not study","none","8",6,2,1,1,1,1,"True",2384,4,,1392.0,1701.0,309.0,465.0,2628.0,"OK"
"between 30 and (excluding) 35","Graduate student (at least BSc finished)","I do not study","none","2",1,3,1,1,2,2,"True",1984,4,,1421.0,1984.0,563.0,-268.0,3673.0,"OK"
"between 30 and (excluding) 35","Graduate student (at least BSc finished)","I do not study","none","4",4,0,1,1,7,7,"True",5290,4,,2388.0,5290.0,2902.0,-6318.0,13996.0,"OK"
"between 30 and (excluding) 35","Graduate student (at least BSc finished)","I do not study","none","2",1,3,1,1,6,6,"True",6768,4,,1421.0,1984.0,563.0,-268.0,3673.0,"Outlier"
"between 30 and (excluding) 35","Graduate student (at least BSc finished)","I do not study","none","8",3,1,1,1,3,3,"True",23389,4,,1676.0,1884.0,208.0,1052.0,2508.0,"Outlier"
"between 30 and (excluding) 35","Graduate student (at least BSc finished)","I do not study","none","8",3,1,1,1,1,1,"True",1682,4,,1676.0,1884.0,208.0,1052.0,2508.0,"OK"
"between 30 and (excluding) 35","Graduate student (at least BSc finished)","I do not study","none","10",7,3,1,1,4,4,"True",1716,4,,1312.0,1716.0,404.0,100.0,2928.0,"OK"
"between 30 and (excluding) 35","Graduate student (at least BSc finished)","I do not study","none","2",2,2,1,1,7,7,"True",2216,4,,1516.0,1656.0,140.0,1096.0,2076.0,"Outlier"
"between 30 and (excluding) 35","Graduate student (at least BSc finished)","I do not study","none","2",3,1,1,1,3,3,"True",1794,4,,1791.0,1812.0,21.0,1728.0,1875.0,"OK"
"between 30 and (excluding) 35","Graduate student (at least BSc finished)","I do not study","none","10",4,0,1,1,3,3,"True",2532,4,,3262.0,3633.0,371.0,2149.0,4746.0,"OK"
"between 30 and (excluding) 35","Graduate student (at least BSc finished)","I do not study","none","6",6,2,1,1,3,3,"True",1665,4,,1448.0,1915.0,467.0,47.0,3316.0,"OK"
"between 30 and (excluding) 35","Graduate student (at least BSc finished)","I do not study","none","8",6,2,1,1,5,5,"True",1404,4,,1392.0,1701.0,309.0,465.0,2628.0,"OK"
"between 30 and (excluding) 35","Graduate student (at least BSc finished)","I do not study","none","4",6,2,1,1,5,5,"True",1637,4,,1444.0,1637.0,193.0,865.0,2216.0,"OK"
"between 30 and (excluding) 35","Graduate student (at least BSc finished)","I do not study","none","4",3,1,1,1,1,1,"True",1980,4,,1821.0,1956.0,135.0,1416.0,2361.0,"OK"
"between 30 and (excluding) 35","Graduate student (at least BSc finished)","I do not study","none","2",5,1,1,1,4,4,"True",3127,4,,1572.0,1828.0,256.0,804.0,2596.0,"Outlier"
"between 30 and (excluding) 35","Graduate student (at least BSc finished)","I do not study","none","4",1,3,1,1,5,5,"True",1399,4,,1337.0,1399.0,62.0,1151.0,1585.0,"OK"
"between 30 and (excluding) 35","Graduate student (at least BSc finished)","I do not study","none","4",1,3,1,1,6,6,"True",1651,4,,1337.0,1399.0,62.0,1151.0,1585.0,"Outlier"
"between 30 and (excluding) 35","Graduate student (at least BSc finished)","I do not study","none","10",2,2,1,1,3,3,"True",3561,4,,1172.0,3561.0,2389.0,-5995.0,10728.0,"OK"
"between 30 and (excluding) 35","Graduate student (at least BSc finished)","I do not study","none","10",4,0,1,1,5,5,"True",3760,4,,3262.0,3633.0,371.0,2149.0,4746.0,"OK"
"between 30 and (excluding) 35","Graduate student (at least BSc finished)","I do not study","none","6",2,2,1,1,6,6,"True",1386,4,,1356.0,1513.0,157.0,885.0,1984.0,"OK"
"between 30 and (excluding) 35","Graduate student (at least BSc finished)","I do not study","none","Dynamic",2,2,1,1,3,3,"True",1942,4,,1348.0,1942.0,594.0,-434.0,3724.0,"OK"
"between 30 and (excluding) 35","Graduate student (at least BSc finished)","I do not study","none","4",5,1,1,1,4,4,"True",1877,4,,1667.0,1877.0,210.0,1037.0,2507.0,"OK"
"between 30 and (excluding) 35","Graduate student (at least BSc finished)","I do not study","none","10",6,2,1,1,4,4,"True",1992,4,,1318.0,1992.0,674.0,-704.0,4014.0,"OK"
"between 30 and (excluding) 35","Graduate student (at least BSc finished)","I do not study","none","6",5,1,1,1,1,1,"True",1773,4,,1773.0,1999.0,226.0,1095.0,2677.0,"OK"
"between 30 and (excluding) 35","Graduate student (at least BSc finished)","I do not study","none","2",2,2,1,1,1,1,"True",1516,4,,1516.0,1656.0,140.0,1096.0,2076.0,"OK"
"between 30 and (excluding) 35","Graduate student (at least BSc finished)","I do not study","none","2",1,3,1,1,5,5,"True",1421,4,,1421.0,1984.0,563.0,-268.0,3673.0,"OK"
"between 30 and (excluding) 35","Graduate student (at least BSc finished)","I do not study","none","6",5,1,1,1,6,6,"True",2184,4,,1773.0,1999.0,226.0,1095.0,2677.0,"OK"
"between 30 and (excluding) 35","Graduate student (at least BSc finished)","I do not study","none","10",4,0,1,1,1,1,"True",3380,4,,3262.0,3633.0,371.0,2149.0,4746.0,"OK"
"between 30 and (excluding) 35","Graduate student (at least BSc finished)","I do not study","none","4",7,3,1,1,1,1,"True",1199,4,,1199.0,1383.0,184.0,647.0,1935.0,"OK"
"between 30 and (excluding) 35","Graduate student (at least BSc finished)","I do not study","none","Dynamic",6,2,1,1,2,2,"True",1483,4,,1483.0,2124.0,641.0,-440.0,4047.0,"OK"
"between 30 and (excluding) 35","Graduate student (at least BSc finished)","I do not study","none","2",6,2,1,1,2,2,"True",1148,4,,1258.0,2119.0,861.0,-1325.0,4702.0,"OK"
"between 30 and (excluding) 35","Graduate student (at least BSc finished)","I do not study","none","Dynamic",5,1,1,1,2,2,"True",2760,4,,1572.0,2587.0,1015.0,-1473.0,5632.0,"OK"
"between 30 and (excluding) 35","Graduate student (at least BSc finished)","I do not study","none","10",5,1,1,1,3,3,"True",2587,4,,1944.0,2361.0,417.0,693.0,3612.0,"OK"
"between 30 and (excluding) 35","Graduate student (at least BSc finished)","I do not study","none","Dynamic",4,0,1,1,2,2,"True",3444,4,,3039.0,4188.0,1149.0,-408.0,7635.0,"OK"
"between 30 and (excluding) 35","Graduate student (at least BSc finished)","I do not study","none","6",1,3,1,1,2,2,"True",1235,4,,1235.0,2076.0,841.0,-1288.0,4599.0,"OK"
"between 30 and (excluding) 35","Graduate student (at least BSc finished)","I do not study","none","6",7,3,1,1,5,5,"True",1748,4,,1235.0,1377.0,142.0,809.0,1803.0,"OK"
"between 30 and (excluding) 35","Graduate student (at least BSc finished)","I do not study","none","10",7,3,1,1,4,4,"True",1296,4,,1312.0,1716.0,404.0,100.0,2928.0,"OK"
"between 30 and (excluding) 35","Graduate student (at least BSc finished)","I do not study","none","10",2,2,1,1,4,4,"True",1188,4,,1172.0,3561.0,2389.0,-5995.0,10728.0,"OK"
"between 30 and (excluding) 35","Graduate student (at least BSc finished)","I do not study","none","4",1,3,1,1,2,2,"True",1023,4,,1337.0,1399.0,62.0,1151.0,1585.0,"Outlier"
"between 30 and (excluding) 35","Graduate student (at least BSc finished)","I do not study","none","2",3,1,1,1,2,2,"True",1812,4,,1791.0,1812.0,21.0,1728.0,1875.0,"OK"
"between 30 and (excluding) 35","Graduate student (at least BSc finished)","I do not study","none","6",4,0,1,1,5,5,"True",2287,4,,2287.0,2540.0,253.0,1528.0,3299.0,"OK"
"between 30 and (excluding) 35","Graduate student (at least BSc finished)","I do not study","none","4",6,2,1,1,2,2,"True",1296,4,,1444.0,1637.0,193.0,865.0,2216.0,"OK"
"between 30 and (excluding) 35","Graduate student (at least BSc finished)","I do not study","none","10",3,1,1,1,1,1,"True",1627,4,,1627.0,2395.0,768.0,-677.0,4699.0,"OK"
"between 30 and (excluding) 35","Graduate student (at least BSc finished)","I do not study","none","Dynamic",2,2,1,1,3,3,"True",1812,4,,1348.0,1942.0,594.0,-434.0,3724.0,"OK"
"between 30 and (excluding) 35","Graduate student (at least BSc finished)","I do not study","none","2",5,1,1,1,7,7,"True",1828,4,,1572.0,1828.0,256.0,804.0,2596.0,"OK"
"between 30 and (excluding) 35","Graduate student (at least BSc finished)","I do not study","none","Dynamic",2,2,1,1,3,3,"True",1348,4,,1348.0,1942.0,594.0,-434.0,3724.0,"OK"
"between 30 and (excluding) 35","Graduate student (at least BSc finished)","I do not study","none","Dynamic",6,2,1,1,7,7,"True",1265,4,,1483.0,2124.0,641.0,-440.0,4047.0,"OK"
"between 30 and (excluding) 35","Graduate student (at least BSc finished)","I do not study","none","2",3,1,1,1,4,4,"True",7257,4,,1791.0,1812.0,21.0,1728.0,1875.0,"Outlier"
"between 30 and (excluding) 35","Graduate student (at least BSc finished)","I do not study","none","Dynamic",3,1,1,1,4,4,"True",2191,4,,1368.0,1485.0,117.0,1017.0,1836.0,"Outlier"
"between 30 and (excluding) 35","Graduate student (at least BSc finished)","I do not study","none","4",7,3,1,1,5,5,"True",1383,4,,1199.0,1383.0,184.0,647.0,1935.0,"OK"
"between 30 and (excluding) 35","Graduate student (at least BSc finished)","I do not study","none","8",2,2,1,1,6,6,"True",1619,4,,1411.0,1732.0,321.0,448.0,2695.0,"OK"
"between 30 and (excluding) 35","Graduate student (at least BSc finished)","I do not study","none","Dynamic",5,1,1,1,2,2,"True",1419,4,,1572.0,2587.0,1015.0,-1473.0,5632.0,"OK"
"between 30 and (excluding) 35","Graduate student (at least BSc finished)","I do not study","none","4",5,1,1,1,7,7,"True",1617,4,,1667.0,1877.0,210.0,1037.0,2507.0,"OK"
"between 30 and (excluding) 35","Graduate student (at least BSc finished)","I do not study","none","10",6,2,1,1,2,2,"True",1076,4,,1318.0,1992.0,674.0,-704.0,4014.0,"OK"
"between 30 and (excluding) 35","Graduate student (at least BSc finished)","I do not study","none","4",3,1,1,1,5,5,"True",1956,4,,1821.0,1956.0,135.0,1416.0,2361.0,"OK"
"between 30 and (excluding) 35","Graduate student (at least BSc finished)","I do not study","none","6",1,3,1,1,4,4,"True",1184,4,,1235.0,2076.0,841.0,-1288.0,4599.0,"OK"
"between 30 and (excluding) 35","Graduate student (at least BSc finished)","I do not study","none","8",7,3,1,1,1,1,"True",1072,4,,1176.0,1309.0,133.0,777.0,1708.0,"OK"
"between 30 and (excluding) 35","Graduate student (at least BSc finished)","I do not study","none","2",5,1,1,1,5,5,"True",1572,4,,1572.0,1828.0,256.0,804.0,2596.0,"OK"
"between 30 and (excluding) 35","Graduate student (at least BSc finished)","I do not study","none","4",5,1,1,1,3,3,"True",1667,4,,1667.0,1877.0,210.0,1037.0,2507.0,"OK"
"between 30 and (excluding) 35","Graduate student (at least BSc finished)","I do not study","none","2",2,2,1,1,6,6,"True",1401,4,,1516.0,1656.0,140.0,1096.0,2076.0,"OK"
"between 30 and (excluding) 35","Graduate student (at least BSc finished)","I do not study","none","8",7,3,1,1,2,2,"True",1252,4,,1176.0,1309.0,133.0,777.0,1708.0,"OK"
"between 30 and (excluding) 35","Graduate student (at least BSc finished)","I do not study","none","8",1,3,1,1,1,1,"True",1084,4,,1188.0,1287.0,99.0,891.0,1584.0,"OK"
"between 30 and (excluding) 35","Graduate student (at least BSc finished)","I do not study","none","10",7,3,1,1,7,7,"True",1527,4,,1312.0,1716.0,404.0,100.0,2928.0,"OK"
"between 30 and (excluding) 35","Graduate student (at least BSc finished)","I do not study","none","Dynamic",3,1,1,1,7,7,"True",1328,4,,1368.0,1485.0,117.0,1017.0,1836.0,"OK"
"between 30 and (excluding) 35","Graduate student (at least BSc finished)","I do not study","none","2",7,3,1,1,7,7,"True",1303,4,,1228.0,1536.0,308.0,304.0,2460.0,"OK"
"between 30 and (excluding) 35","Graduate student (at least BSc finished)","I do not study","none","4",2,2,1,1,2,2,"True",3071,4,,1258.0,2080.0,822.0,-1208.0,4546.0,"OK"
"between 30 and (excluding) 35","Graduate student (at least BSc finished)","I do not study","none","8",3,1,1,1,4,4,"True",1509,4,,1676.0,1884.0,208.0,1052.0,2508.0,"OK"
"between 30 and (excluding) 35","Graduate student (at least BSc finished)","I do not study","none","8",5,1,1,1,2,2,"True",1820,4,,1820.0,2809.0,989.0,-1147.0,5776.0,"OK"
"between 30 and (excluding) 35","Graduate student (at least BSc finished)","I do not study","none","Dynamic",1,3,1,1,7,7,"True",1283,4,,1283.0,2513.0,1230.0,-2407.0,6203.0,"OK"
"between 30 and (excluding) 35","Graduate student (at least BSc finished)","I do not study","none","6",5,1,1,1,5,5,"True",1557,4,,1773.0,1999.0,226.0,1095.0,2677.0,"OK"
"between 30 and (excluding) 35","Graduate student (at least BSc finished)","I do not study","none","Dynamic",7,3,1,1,5,5,"True",1531,4,,1017.0,1313.0,296.0,129.0,2201.0,"OK"
"between 30 and (excluding) 35","Graduate student (at least BSc finished)","I do not study","none","4",7,3,1,1,7,7,"True",1327,4,,1199.0,1383.0,184.0,647.0,1935.0,"OK"
"between 30 and (excluding) 35","Graduate student (at least BSc finished)","I do not study","none","2",7,3,1,1,7,7,"True",1800,4,,1228.0,1536.0,308.0,304.0,2460.0,"OK"
"between 30 and (excluding) 35","Graduate student (at least BSc finished)","I do not study","none","6",3,1,1,1,1,1,"True",1856,4,,1856.0,4317.0,2461.0,-5527.0,11700.0,"OK"
"between 30 and (excluding) 35","Graduate student (at least BSc finished)","I do not study","none","4",3,1,1,1,7,7,"True",1933,4,,1821.0,1956.0,135.0,1416.0,2361.0,"OK"
"between 30 and (excluding) 35","Graduate student (at least BSc finished)","I do not study","none","4",3,1,1,1,3,3,"True",1821,4,,1821.0,1956.0,135.0,1416.0,2361.0,"OK"
"between 30 and (excluding) 35","Graduate student (at least BSc finished)","I do not study","none","8",2,2,1,1,5,5,"True",1376,4,,1411.0,1732.0,321.0,448.0,2695.0,"OK"
"between 30 and (excluding) 35","Graduate student (at least BSc finished)","I do not study","none","Dynamic",2,2,1,1,7,7,"True",2025,4,,1348.0,1942.0,594.0,-434.0,3724.0,"OK"
"between 30 and (excluding) 35","Graduate student (at least BSc finished)","I do not study","none","4",2,2,1,1,1,1,"True",1613,4,,1258.0,2080.0,822.0,-1208.0,4546.0,"OK"
"between 30 and (excluding) 35","Graduate student (at least BSc finished)","I do not study","none","10",1,3,1,1,7,7,"True",1204,4,,1280.0,1624.0,344.0,248.0,2656.0,"OK"
"between 30 and (excluding) 35","Graduate student (at least BSc finished)","I do not study","none","Dynamic",6,2,1,1,7,7,"True",2124,4,,1483.0,2124.0,641.0,-440.0,4047.0,"OK"
"between 30 and (excluding) 35","Graduate student (at least BSc finished)","I do not study","none","8",4,0,1,1,1,1,"True",2400,4,,2487.0,3375.0,888.0,-177.0,6039.0,"OK"
"between 30 and (excluding) 35","Graduate student (at least BSc finished)","I do not study","none","8",4,0,1,1,3,3,"True",2487,4,,2487.0,3375.0,888.0,-177.0,6039.0,"OK"
"between 30 and (excluding) 35","Graduate student (at least BSc finished)","I do not study","none","10",3,1,1,1,5,5,"True",1655,4,,1627.0,2395.0,768.0,-677.0,4699.0,"OK"
"between 30 and (excluding) 35","Graduate student (at least BSc finished)","I do not study","none","Dynamic",4,0,1,1,3,3,"True",2248,4,,3039.0,4188.0,1149.0,-408.0,7635.0,"OK"
"between 30 and (excluding) 35","Graduate student (at least BSc finished)","I do not study","none","2",7,3,1,1,6,6,"True",1536,4,,1228.0,1536.0,308.0,304.0,2460.0,"OK"
"between 30 and (excluding) 35","Graduate student (at least BSc finished)","I do not study","none","8",7,3,1,1,1,1,"True",2108,4,,1176.0,1309.0,133.0,777.0,1708.0,"Outlier"
"between 30 and (excluding) 35","Graduate student (at least BSc finished)","I do not study","none","2",4,0,1,1,5,5,"True",3603,4,,3067.0,4485.0,1418.0,-1187.0,8739.0,"OK"
"between 30 and (excluding) 35","Graduate student (at least BSc finished)","I do not study","none","Dynamic",5,1,1,1,3,3,"True",1572,4,,1572.0,2587.0,1015.0,-1473.0,5632.0,"OK"
"between 30 and (excluding) 35","Graduate student (at least BSc finished)","I do not study","none","Dynamic",7,3,1,1,3,3,"True",1017,4,,1017.0,1313.0,296.0,129.0,2201.0,"OK"
"between 30 and (excluding) 35","Graduate student (at least BSc finished)","I do not study","none","Dynamic",7,3,1,1,1,1,"True",896,4,,1017.0,1313.0,296.0,129.0,2201.0,"OK"
"between 30 and (excluding) 35","Graduate student (at least BSc finished)","I do not study","none","Dynamic",7,3,1,1,2,2,"True",1017,4,,1017.0,1313.0,296.0,129.0,2201.0,"OK"
"between 30 and (excluding) 35","Graduate student (at least BSc finished)","I do not study","none","6",3,1,1,1,5,5,"True",5260,4,,1856.0,4317.0,2461.0,-5527.0,11700.0,"OK"
"between 30 and (excluding) 35","Graduate student (at least BSc finished)","I do not study","none","10",7,3,1,1,6,6,"True",3204,4,,1312.0,1716.0,404.0,100.0,2928.0,"Outlier"
"between 30 and (excluding) 35","Graduate student (at least BSc finished)","I do not study","none","4",1,3,1,1,6,6,"True",1337,4,,1337.0,1399.0,62.0,1151.0,1585.0,"OK"
"between 30 and (excluding) 35","Graduate student (at least BSc finished)","I do not study","none","6",2,2,1,1,1,1,"True",1307,4,,1356.0,1513.0,157.0,885.0,1984.0,"OK"
"between 30 and (excluding) 35","Graduate student (at least BSc finished)","I do not study","none","6",6,2,1,1,5,5,"True",1412,4,,1448.0,1915.0,467.0,47.0,3316.0,"OK"
"between 30 and (excluding) 35","Graduate student (at least BSc finished)","I do not study","none","4",2,2,1,1,3,3,"True",1258,4,,1258.0,2080.0,822.0,-1208.0,4546.0,"OK"
"between 30 and (excluding) 35","Graduate student (at least BSc finished)","I do not study","none","10",5,1,1,1,4,4,"True",1944,4,,1944.0,2361.0,417.0,693.0,3612.0,"OK"
"between 30 and (excluding) 35","Graduate student (at least BSc finished)","I do not study","none","8",4,0,1,1,5,5,"True",3260,4,,2487.0,3375.0,888.0,-177.0,6039.0,"OK"
"between 30 and (excluding) 35","Graduate student (at least BSc finished)","I do not study","none","10",3,1,1,1,4,4,"True",1450,4,,1627.0,2395.0,768.0,-677.0,4699.0,"OK"
"between 30 and (excluding) 35","Graduate student (at least BSc finished)","I do not study","none","10",2,2,1,1,7,7,"True",1168,4,,1172.0,3561.0,2389.0,-5995.0,10728.0,"OK"
"between 30 and (excluding) 35","Graduate student (at least BSc finished)","I do not study","none","8",2,2,1,1,1,1,"True",1411,4,,1411.0,1732.0,321.0,448.0,2695.0,"OK"
"between 30 and (excluding) 35","Graduate student (at least BSc finished)","I do not study","none","Dynamic",7,3,1,1,7,7,"True",1313,4,,1017.0,1313.0,296.0,129.0,2201.0,"OK"
"between 30 and (excluding) 35","Graduate student (at least BSc finished)","I do not study","none","6",7,3,1,1,1,1,"True",1032,4,,1235.0,1377.0,142.0,809.0,1803.0,"OK"
"between 30 and (excluding) 35","Graduate student (at least BSc finished)","I do not study","none","2",7,3,1,1,3,3,"True",1228,4,,1228.0,1536.0,308.0,304.0,2460.0,"OK"
"between 30 and (excluding) 35","Graduate student (at least BSc finished)","I do not study","none","Dynamic",4,0,1,1,5,5,"True",3039,4,,3039.0,4188.0,1149.0,-408.0,7635.0,"OK"
"between 30 and (excluding) 35","Graduate student (at least BSc finished)","I do not study","none","Dynamic",5,1,1,1,1,1,"True",2281,4,,1572.0,2587.0,1015.0,-1473.0,5632.0,"OK"
"between 30 and (excluding) 35","Graduate student (at least BSc finished)","I do not study","none","Dynamic",3,1,1,1,2,2,"True",1485,4,,1368.0,1485.0,117.0,1017.0,1836.0,"OK"
"between 30 and (excluding) 35","Graduate student (at least BSc finished)","I do not study","none","2",2,2,1,1,5,5,"True",1656,4,,1516.0,1656.0,140.0,1096.0,2076.0,"OK"
"between 30 and (excluding) 35","Graduate student (at least BSc finished)","I do not study","none","6",1,3,1,1,2,2,"True",6565,4,,1235.0,2076.0,841.0,-1288.0,4599.0,"Outlier"
"between 30 and (excluding) 35","Graduate student (at least BSc finished)","I do not study","none","Dynamic",1,3,1,1,1,1,"True",1331,4,,1283.0,2513.0,1230.0,-2407.0,6203.0,"OK"
"between 30 and (excluding) 35","Graduate student (at least BSc finished)","I do not study","none","Dynamic",3,1,1,1,4,4,"True",1368,4,,1368.0,1485.0,117.0,1017.0,1836.0,"OK"
"between 30 and (excluding) 35","Graduate student (at least BSc finished)","I do not study","none","10",4,0,1,1,2,2,"True",3262,4,,3262.0,3633.0,371.0,2149.0,4746.0,"OK"
"between 30 and (excluding) 35","Graduate student (at least BSc finished)","I do not study","none","Dynamic",4,0,1,1,3,3,"True",4188,4,,3039.0,4188.0,1149.0,-408.0,7635.0,"OK"
"between 30 and (excluding) 35","Graduate student (at least BSc finished)","I do not study","none","2",1,3,1,1,2,2,"True",1238,4,,1421.0,1984.0,563.0,-268.0,3673.0,"OK"
"between 30 and (excluding) 35","Graduate student (at least BSc finished)","I do not study","none","6",4,0,1,1,2,2,"True",2220,4,,2287.0,2540.0,253.0,1528.0,3299.0,"OK"
"between 30 and (excluding) 35","Graduate student (at least BSc finished)","I do not study","none","8",6,2,1,1,7,7,"True",1392,4,,1392.0,1701.0,309.0,465.0,2628.0,"OK"
"between 30 and (excluding) 35","Graduate student (at least BSc finished)","I do not study","none","2",5,1,1,1,4,4,"True",1752,4,,1572.0,1828.0,256.0,804.0,2596.0,"OK"
"between 30 and (excluding) 35","Graduate student (at least BSc finished)","I do not study","none","6",6,2,1,1,2,2,"True",2272,4,,1448.0,1915.0,467.0,47.0,3316.0,"OK"
"between 30 and (excluding) 35","Graduate student (at least BSc finished)","I do not study","none","8",2,2,1,1,2,2,"True",2857,4,,1411.0,1732.0,321.0,448.0,2695.0,"Outlier"
"between 30 and (excluding) 35","Graduate student (at least BSc finished)","I do not study","none","8",7,3,1,1,4,4,"True",1309,4,,1176.0,1309.0,133.0,777.0,1708.0,"OK"
"between 30 and (excluding) 35","Graduate student (at least BSc finished)","I do not study","none","Dynamic",6,2,1,1,5,5,"True",1705,4,,1483.0,2124.0,641.0,-440.0,4047.0,"OK"
"between 30 and (excluding) 35","Graduate student (at least BSc finished)","I do not study","none","4",4,0,1,1,7,7,"True",2207,4,,2388.0,5290.0,2902.0,-6318.0,13996.0,"OK"
"between 30 and (excluding) 35","Graduate student (at least BSc finished)","I do not study","none","4",2,2,1,1,2,2,"True",1124,4,,1258.0,2080.0,822.0,-1208.0,4546.0,"OK"
"between 30 and (excluding) 35","Graduate student (at least BSc finished)","I do not study","none","4",5,1,1,1,1,1,"True",2969,4,,1667.0,1877.0,210.0,1037.0,2507.0,"Outlier"
"between 30 and (excluding) 35","Graduate student (at least BSc finished)","I do not study","none","8",1,3,1,1,6,6,"True",1287,4,,1188.0,1287.0,99.0,891.0,1584.0,"OK"
"between 30 and (excluding) 35","Graduate student (at least BSc finished)","I do not study","none","10",6,2,1,1,7,7,"True",1318,4,,1318.0,1992.0,674.0,-704.0,4014.0,"OK"
"between 30 and (excluding) 35","Graduate student (at least BSc finished)","I do not study","none","10",2,2,1,1,4,4,"True",1172,4,,1172.0,3561.0,2389.0,-5995.0,10728.0,"OK"
"between 30 and (excluding) 35","Graduate student (at least BSc finished)","I do not study","none","2",3,1,1,1,2,2,"True",1414,4,,1791.0,1812.0,21.0,1728.0,1875.0,"Outlier"
"between 30 and (excluding) 35","Graduate student (at least BSc finished)","I do not study","none","8",1,3,1,1,4,4,"True",1188,4,,1188.0,1287.0,99.0,891.0,1584.0,"OK"
"between 30 and (excluding) 35","Graduate student (at least BSc finished)","I do not study","none","2",3,1,1,1,7,7,"True",1791,4,,1791.0,1812.0,21.0,1728.0,1875.0,"OK"
"between 30 and (excluding) 35","Graduate student (at least BSc finished)","I do not study","none","6",3,1,1,1,4,4,"True",1884,4,,1856.0,4317.0,2461.0,-5527.0,11700.0,"OK"
"between 30 and (excluding) 35","Graduate student (at least BSc finished)","I do not study","none","6",1,3,1,1,6,6,"True",1315,4,,1235.0,2076.0,841.0,-1288.0,4599.0,"OK"
"between 30 and (excluding) 35","Graduate student (at least BSc finished)","I do not study","none","6",2,2,1,1,5,5,"True",1356,4,,1356.0,1513.0,157.0,885.0,1984.0,"OK"
"between 30 and (excluding) 35","Graduate student (at least BSc finished)","I do not study","none","Dynamic",3,1,1,1,3,3,"True",1376,4,,1368.0,1485.0,117.0,1017.0,1836.0,"OK"
"between 30 and (excluding) 35","Graduate student (at least BSc finished)","I do not study","none","4",1,3,1,1,3,3,"True",1384,4,,1337.0,1399.0,62.0,1151.0,1585.0,"OK"
"between 30 and (excluding) 35","Graduate student (at least BSc finished)","I do not study","none","6",3,1,1,1,4,4,"True",4317,4,,1856.0,4317.0,2461.0,-5527.0,11700.0,"OK"
"between 30 and (excluding) 35","Graduate student (at least BSc finished)","I do not study","none","Dynamic",1,3,1,1,7,7,"True",1088,4,,1283.0,2513.0,1230.0,-2407.0,6203.0,"OK"
"between 30 and (excluding) 35","Graduate student (at least BSc finished)","I do not study","none","6",3,1,1,1,3,3,"True",1332,4,,1856.0,4317.0,2461.0,-5527.0,11700.0,"OK"
"between 30 and (excluding) 35","Graduate student (at least BSc finished)","I do not study","none","6",7,3,1,1,3,3,"True",1377,4,,1235.0,1377.0,142.0,809.0,1803.0,"OK"
"between 30 and (excluding) 35","Graduate student (at least BSc finished)","I do not study","none","8",3,1,1,1,1,1,"True",1676,4,,1676.0,1884.0,208.0,1052.0,2508.0,"OK"
"between 30 and (excluding) 35","Graduate student (at least BSc finished)","I do not study","none","4",2,2,1,1,4,4,"True",2080,4,,1258.0,2080.0,822.0,-1208.0,4546.0,"OK"
"between 30 and (excluding) 35","Graduate student (at least BSc finished)","I do not study","none","8",6,2,1,1,3,3,"True",1390,4,,1392.0,1701.0,309.0,465.0,2628.0,"OK"
"between 30 and (excluding) 35","Graduate student (at least BSc finished)","I do not study","none","4",7,3,1,1,6,6,"True",1181,4,,1199.0,1383.0,184.0,647.0,1935.0,"OK"
"between 30 and (excluding) 35","Graduate student (at least BSc finished)","I do not study","none","Dynamic",5,1,1,1,1,1,"True",2587,4,,1572.0,2587.0,1015.0,-1473.0,5632.0,"OK"
"between 30 and (excluding) 35","Graduate student (at least BSc finished)","I do not study","none","6",5,1,1,1,4,4,"True",1853,4,,1773.0,1999.0,226.0,1095.0,2677.0,"OK"
"between 30 and (excluding) 35","Graduate student (at least BSc finished)","I do not study","none","8",2,2,1,1,5,5,"True",1732,4,,1411.0,1732.0,321.0,448.0,2695.0,"OK"
"between 30 and (excluding) 35","Graduate student (at least BSc finished)","I do not study","none","6",4,0,1,1,4,4,"True",2443,4,,2287.0,2540.0,253.0,1528.0,3299.0,"OK"
"between 25 and (excluding) 30","Other","I do not study","none","4",4,0,1,1,1,1,"True",6068,8,,2376.0,4472.0,2096.0,-3912.0,10760.0,"OK"
"between 25 and (excluding) 30","Other","I do not study","none","4",7,3,1,1,3,3,"True",1428,8,,1428.0,1808.0,380.0,288.0,2948.0,"OK"
"between 25 and (excluding) 30","Other","I do not study","none","2",7,3,1,1,2,2,"True",1815,8,,1815.0,2005.0,190.0,1245.0,2575.0,"OK"
"between 25 and (excluding) 30","Other","I do not study","none","2",4,0,1,1,2,2,"True",5672,8,,3972.0,5672.0,1700.0,-1128.0,10772.0,"OK"
"between 25 and (excluding) 30","Other","I do not study","none","8",4,0,1,1,5,5,"True",3284,8,,2497.0,3284.0,787.0,136.0,5645.0,"OK"
"between 25 and (excluding) 30","Other","I do not study","none","10",1,3,1,1,3,3,"True",2979,8,,2499.0,3965.0,1466.0,-1899.0,8363.0,"OK"
"between 25 and (excluding) 30","Other","I do not study","none","8",5,1,1,1,3,3,"True",2480,8,,1869.0,2864.0,995.0,-1116.0,5849.0,"OK"
"between 25 and (excluding) 30","Other","I do not study","none","4",5,1,1,1,1,1,"True",2023,8,,2023.0,2808.0,785.0,-332.0,5163.0,"OK"
"between 25 and (excluding) 30","Other","I do not study","none","10",1,3,1,1,7,7,"True",2499,8,,2499.0,3965.0,1466.0,-1899.0,8363.0,"OK"
"between 25 and (excluding) 30","Other","I do not study","none","2",2,2,1,1,5,5,"True",2115,8,,2115.0,4489.0,2374.0,-5007.0,11611.0,"OK"
"between 25 and (excluding) 30","Other","I do not study","none","4",6,2,1,1,5,5,"True",3208,8,,1485.0,2136.0,651.0,-468.0,4089.0,"OK"
"between 25 and (excluding) 30","Other","I do not study","none","2",6,2,1,1,6,6,"True",3920,8,,2008.0,3920.0,1912.0,-3728.0,9656.0,"OK"
"between 25 and (excluding) 30","Other","I do not study","none","6",5,1,1,1,3,3,"True",2656,8,,1780.0,2656.0,876.0,-848.0,5284.0,"OK"
"between 25 and (excluding) 30","Other","I do not study","none","10",2,2,1,1,6,6,"True",2516,8,,1620.0,1983.0,363.0,531.0,3072.0,"OK"
"between 25 and (excluding) 30","Other","I do not study","none","Dynamic",2,2,1,1,7,7,"True",1759,8,,1317.0,1748.0,431.0,24.0,3041.0,"OK"
"between 25 and (excluding) 30","Other","I do not study","none","2",6,2,1,1,6,6,"True",4100,8,,2008.0,3920.0,1912.0,-3728.0,9656.0,"OK"
"between 25 and (excluding) 30","Other","I do not study","none","4",4,0,1,1,6,6,"True",2376,8,,2376.0,4472.0,2096.0,-3912.0,10760.0,"OK"
"between 25 and (excluding) 30","Other","I do not study","none","2",5,1,1,1,2,2,"True",2292,8,,2292.0,5609.0,3317.0,-7659.0,15560.0,"OK"
"between 25 and (excluding) 30","Other","I do not study","none","2",4,0,1,1,7,7,"True",3440,8,,3972.0,5672.0,1700.0,-1128.0,10772.0,"OK"
"between 25 and (excluding) 30","Other","I do not study","none","6",7,3,1,1,7,7,"True",2356,8,,2017.0,3240.0,1223.0,-1652.0,6909.0,"OK"
"between 25 and (excluding) 30","Other","I do not study","none","6",6,2,1,1,2,2,"True",1465,8,,1465.0,1718.0,253.0,706.0,2477.0,"OK"
"between 25 and (excluding) 30","Other","I do not study","none","10",4,0,1,1,1,1,"True",1728,8,,2636.0,4860.0,2224.0,-4036.0,11532.0,"OK"
"between 25 and (excluding) 30","Other","I do not study","none","10",1,3,1,1,4,4,"True",3965,8,,2499.0,3965.0,1466.0,-1899.0,8363.0,"OK"
"between 25 and (excluding) 30","Other","I do not study","none","2",4,0,1,1,1,1,"True",3972,8,,3972.0,5672.0,1700.0,-1128.0,10772.0,"OK"
"between 25 and (excluding) 30","Other","I do not study","none","6",4,0,1,1,3,3,"True",2417,8,,2920.0,3161.0,241.0,2197.0,3884.0,"OK"
"between 25 and (excluding) 30","Other","I do not study","none","4",4,0,1,1,2,2,"True",2424,8,,2376.0,4472.0,2096.0,-3912.0,10760.0,"OK"
"between 25 and (excluding) 30","Other","I do not study","none","6",6,2,1,1,6,6,"True",1676,8,,1465.0,1718.0,253.0,706.0,2477.0,"OK"
"between 25 and (excluding) 30","Other","I do not study","none","Dynamic",1,3,1,1,1,1,"True",1540,8,,1504.0,3048.0,1544.0,-3128.0,7680.0,"OK"
"between 25 and (excluding) 30","Other","I do not study","none","4",6,2,1,1,1,1,"True",2136,8,,1485.0,2136.0,651.0,-468.0,4089.0,"OK"
"between 25 and (excluding) 30","Other","I do not study","none","10",3,1,1,1,6,6,"True",4240,8,,2096.0,2664.0,568.0,392.0,4368.0,"OK"
"between 25 and (excluding) 30","Other","I do not study","none","8",5,1,1,1,3,3,"True",1768,8,,1869.0,2864.0,995.0,-1116.0,5849.0,"OK"
"between 25 and (excluding) 30","Other","I do not study","none","8",1,3,1,1,2,2,"True",1300,8,,1300.0,1385.0,85.0,1045.0,1640.0,"OK"
"between 25 and (excluding) 30","Other","I do not study","none","10",5,1,1,1,7,7,"True",3824,8,,2176.0,3575.0,1399.0,-2021.0,7772.0,"OK"
"between 25 and (excluding) 30","Other","I do not study","none","Dynamic",6,2,1,1,5,5,"True",2888,8,,1728.0,3241.0,1513.0,-2811.0,7780.0,"OK"
"between 25 and (excluding) 30","Other","I do not study","none","6",4,0,1,1,1,1,"True",5072,8,,2920.0,3161.0,241.0,2197.0,3884.0,"Outlier"
"between 25 and (excluding) 30","Other","I do not study","none","10",5,1,1,1,4,4,"True",1525,8,,2176.0,3575.0,1399.0,-2021.0,7772.0,"OK"
"between 25 and (excluding) 30","Other","I do not study","none","2",4,0,1,1,1,1,"True",4464,8,,3972.0,5672.0,1700.0,-1128.0,10772.0,"OK"
"between 25 and (excluding) 30","Other","I do not study","none","10",5,1,1,1,6,6,"True",2519,8,,2176.0,3575.0,1399.0,-2021.0,7772.0,"OK"
"between 25 and (excluding) 30","Other","I do not study","none","Dynamic",1,3,1,1,5,5,"True",1504,8,,1504.0,3048.0,1544.0,-3128.0,7680.0,"OK"
"between 25 and (excluding) 30","Other","I do not study","none","2",6,2,1,1,5,5,"True",2008,8,,2008.0,3920.0,1912.0,-3728.0,9656.0,"OK"
"between 25 and (excluding) 30","Other","I do not study","none","2",6,2,1,1,4,4,"True",2205,8,,2008.0,3920.0,1912.0,-3728.0,9656.0,"OK"
"between 25 and (excluding) 30","Other","I do not study","none","6",2,2,1,1,6,6,"True",1787,8,,1676.0,2040.0,364.0,584.0,3132.0,"OK"
"between 25 and (excluding) 30","Other","I do not study","none","Dynamic",4,0,1,1,2,2,"True",6066,8,,2842.0,6066.0,3224.0,-6830.0,15738.0,"OK"
"between 25 and (excluding) 30","Other","I do not study","none","2",1,3,1,1,5,5,"True",2216,8,,1424.0,1781.0,357.0,353.0,2852.0,"OK"
"between 25 and (excluding) 30","Other","I do not study","none","6",7,3,1,1,6,6,"True",2017,8,,2017.0,3240.0,1223.0,-1652.0,6909.0,"OK"
"between 25 and (excluding) 30","Other","I do not study","none","10",1,3,1,1,5,5,"True",1648,8,,2499.0,3965.0,1466.0,-1899.0,8363.0,"OK"
"between 25 and (excluding) 30","Other","I do not study","none","4",3,1,1,1,5,5,"True",4576,8,,2341.0,4576.0,2235.0,-4364.0,11281.0,"OK"
"between 25 and (excluding) 30","Other","I do not study","none","6",1,3,1,1,3,3,"True",1379,8,,1379.0,1568.0,189.0,812.0,2135.0,"OK"
"between 25 and (excluding) 30","Other","I do not study","none","8",5,1,1,1,2,2,"True",2864,8,,1869.0,2864.0,995.0,-1116.0,5849.0,"OK"
"between 25 and (excluding) 30","Other","I do not study","none","6",2,2,1,1,7,7,"True",2040,8,,1676.0,2040.0,364.0,584.0,3132.0,"OK"
"between 25 and (excluding) 30","Other","I do not study","none","8",3,1,1,1,2,2,"True",2013,8,,1716.0,1924.0,208.0,1092.0,2548.0,"OK"
"between 25 and (excluding) 30","Other","I do not study","none","8",4,0,1,1,2,2,"True",2836,8,,2497.0,3284.0,787.0,136.0,5645.0,"OK"
"between 25 and (excluding) 30","Other","I do not study","none","8",1,3,1,1,1,1,"True",1072,8,,1300.0,1385.0,85.0,1045.0,1640.0,"OK"
"between 25 and (excluding) 30","Other","I do not study","none","8",6,2,1,1,4,4,"True",1422,8,,1422.0,1720.0,298.0,528.0,2614.0,"OK"
"between 25 and (excluding) 30","Other","I do not study","none","8",7,3,1,1,3,3,"True",2260,8,,1621.0,8036.0,6415.0,-17624.0,27281.0,"OK"
"between 25 and (excluding) 30","Other","I do not study","none","8",5,1,1,1,1,1,"True",1869,8,,1869.0,2864.0,995.0,-1116.0,5849.0,"OK"
"between 25 and (excluding) 30","Other","I do not study","none","4",6,2,1,1,3,3,"True",1552,8,,1485.0,2136.0,651.0,-468.0,4089.0,"OK"
"between 25 and (excluding) 30","Other","I do not study","none","10",3,1,1,1,1,1,"True",2096,8,,2096.0,2664.0,568.0,392.0,4368.0,"OK"
"between 25 and (excluding) 30","Other","I do not study","none","10",6,2,1,1,1,1,"True",1459,8,,2312.0,2784.0,472.0,896.0,4200.0,"OK"
"between 25 and (excluding) 30","Other","I do not study","none","10",7,3,1,1,1,1,"True",1917,8,,1917.0,3365.0,1448.0,-2427.0,7709.0,"OK"
"between 25 and (excluding) 30","Other","I do not study","none","10",6,2,1,1,7,7,"True",2590,8,,2312.0,2784.0,472.0,896.0,4200.0,"OK"
"between 25 and (excluding) 30","Other","I do not study","none","8",6,2,1,1,1,1,"True",1720,8,,1422.0,1720.0,298.0,528.0,2614.0,"OK"
"between 25 and (excluding) 30","Other","I do not study","none","2",1,3,1,1,2,2,"True",1424,8,,1424.0,1781.0,357.0,353.0,2852.0,"OK"
"between 25 and (excluding) 30","Other","I do not study","none","4",4,0,1,1,7,7,"True",2328,8,,2376.0,4472.0,2096.0,-3912.0,10760.0,"OK"
"between 25 and (excluding) 30","Other","I do not study","none","2",1,3,1,1,6,6,"True",1781,8,,1424.0,1781.0,357.0,353.0,2852.0,"OK"
"between 25 and (excluding) 30","Other","I do not study","none","8",3,1,1,1,3,3,"True",1529,8,,1716.0,1924.0,208.0,1092.0,2548.0,"OK"
"between 25 and (excluding) 30","Other","I do not study","none","8",3,1,1,1,1,1,"True",1716,8,,1716.0,1924.0,208.0,1092.0,2548.0,"OK"
"between 25 and (excluding) 30","Other","I do not study","none","10",7,3,1,1,4,4,"True",1997,8,,1917.0,3365.0,1448.0,-2427.0,7709.0,"OK"
"between 25 and (excluding) 30","Other","I do not study","none","2",2,2,1,1,7,7,"True",61824,8,,2115.0,4489.0,2374.0,-5007.0,11611.0,"Outlier"
"between 25 and (excluding) 30","Other","I do not study","none","2",3,1,1,1,3,3,"True",1724,8,,1975.0,2916.0,941.0,-848.0,5739.0,"OK"
"between 25 and (excluding) 30","Other","I do not study","none","10",4,0,1,1,3,3,"True",2981,8,,2636.0,4860.0,2224.0,-4036.0,11532.0,"OK"
"between 25 and (excluding) 30","Other","I do not study","none","6",6,2,1,1,3,3,"True",1718,8,,1465.0,1718.0,253.0,706.0,2477.0,"OK"
"between 25 and (excluding) 30","Other","I do not study","none","8",6,2,1,1,5,5,"True",2187,8,,1422.0,1720.0,298.0,528.0,2614.0,"OK"
"between 25 and (excluding) 30","Other","I do not study","none","4",6,2,1,1,5,5,"True",1355,8,,1485.0,2136.0,651.0,-468.0,4089.0,"OK"
"between 25 and (excluding) 30","Other","I do not study","none","4",3,1,1,1,1,1,"True",4048,8,,2341.0,4576.0,2235.0,-4364.0,11281.0,"OK"
"between 25 and (excluding) 30","Other","I do not study","none","2",5,1,1,1,4,4,"True",10013,8,,2292.0,5609.0,3317.0,-7659.0,15560.0,"OK"
"between 25 and (excluding) 30","Other","I do not study","none","4",1,3,1,1,5,5,"True",21352,8,,2305.0,3724.0,1419.0,-1952.0,7981.0,"Outlier"
"between 25 and (excluding) 30","Other","I do not study","none","4",1,3,1,1,6,6,"True",3724,8,,2305.0,3724.0,1419.0,-1952.0,7981.0,"OK"
"between 25 and (excluding) 30","Other","I do not study","none","10",2,2,1,1,3,3,"True",1620,8,,1620.0,1983.0,363.0,531.0,3072.0,"OK"
"between 25 and (excluding) 30","Other","I do not study","none","10",4,0,1,1,5,5,"True",15569,8,,2636.0,4860.0,2224.0,-4036.0,11532.0,"Outlier"
"between 25 and (excluding) 30","Other","I do not study","none","6",2,2,1,1,6,6,"True",4257,8,,1676.0,2040.0,364.0,584.0,3132.0,"Outlier"
"between 25 and (excluding) 30","Other","I do not study","none","Dynamic",2,2,1,1,3,3,"True",1317,8,,1317.0,1748.0,431.0,24.0,3041.0,"OK"
"between 25 and (excluding) 30","Other","I do not study","none","4",5,1,1,1,4,4,"True",2181,8,,2023.0,2808.0,785.0,-332.0,5163.0,"OK"
"between 25 and (excluding) 30","Other","I do not study","none","10",6,2,1,1,4,4,"True",4444,8,,2312.0,2784.0,472.0,896.0,4200.0,"Outlier"
"between 25 and (excluding) 30","Other","I do not study","none","6",5,1,1,1,1,1,"True",2385,8,,1780.0,2656.0,876.0,-848.0,5284.0,"OK"
"between 25 and (excluding) 30","Other","I do not study","none","2",2,2,1,1,1,1,"True",2839,8,,2115.0,4489.0,2374.0,-5007.0,11611.0,"OK"
"between 25 and (excluding) 30","Other","I do not study","none","2",1,3,1,1,5,5,"True",1624,8,,1424.0,1781.0,357.0,353.0,2852.0,"OK"
"between 25 and (excluding) 30","Other","I do not study","none","6",5,1,1,1,6,6,"True",2737,8,,1780.0,2656.0,876.0,-848.0,5284.0,"OK"
"between 25 and (excluding) 30","Other","I do not study","none","10",4,0,1,1,1,1,"True",4860,8,,2636.0,4860.0,2224.0,-4036.0,11532.0,"OK"
"between 25 and (excluding) 30","Other","I do not study","none","4",7,3,1,1,1,1,"True",1742,8,,1428.0,1808.0,380.0,288.0,2948.0,"OK"
"between 25 and (excluding) 30","Other","I do not study","none","Dynamic",6,2,1,1,2,2,"True",1728,8,,1728.0,3241.0,1513.0,-2811.0,7780.0,"OK"
"between 25 and (excluding) 30","Other","I do not study","none","2",6,2,1,1,2,2,"True",1620,8,,2008.0,3920.0,1912.0,-3728.0,9656.0,"OK"
"between 25 and (excluding) 30","Other","I do not study","none","Dynamic",5,1,1,1,2,2,"True",2212,8,,1872.0,2212.0,340.0,852.0,3232.0,"OK"
"between 25 and (excluding) 30","Other","I do not study","none","10",5,1,1,1,3,3,"True",3575,8,,2176.0,3575.0,1399.0,-2021.0,7772.0,"OK"
"between 25 and (excluding) 30","Other","I do not study","none","Dynamic",4,0,1,1,2,2,"True",2800,8,,2842.0,6066.0,3224.0,-6830.0,15738.0,"OK"
"between 25 and (excluding) 30","Other","I do not study","none","6",1,3,1,1,2,2,"True",1568,8,,1379.0,1568.0,189.0,812.0,2135.0,"OK"
"between 25 and (excluding) 30","Other","I do not study","none","6",7,3,1,1,5,5,"True",3240,8,,2017.0,3240.0,1223.0,-1652.0,6909.0,"OK"
"between 25 and (excluding) 30","Other","I do not study","none","10",7,3,1,1,4,4,"True",3365,8,,1917.0,3365.0,1448.0,-2427.0,7709.0,"OK"
"between 25 and (excluding) 30","Other","I do not study","none","10",2,2,1,1,4,4,"True",1983,8,,1620.0,1983.0,363.0,531.0,3072.0,"OK"
"between 25 and (excluding) 30","Other","I do not study","none","4",1,3,1,1,2,2,"True",2305,8,,2305.0,3724.0,1419.0,-1952.0,7981.0,"OK"
"between 25 and (excluding) 30","Other","I do not study","none","2",3,1,1,1,2,2,"True",2916,8,,1975.0,2916.0,941.0,-848.0,5739.0,"OK"
"between 25 and (excluding) 30","Other","I do not study","none","6",4,0,1,1,5,5,"True",2970,8,,2920.0,3161.0,241.0,2197.0,3884.0,"OK"
"between 25 and (excluding) 30","Other","I do not study","none","4",6,2,1,1,2,2,"True",1485,8,,1485.0,2136.0,651.0,-468.0,4089.0,"OK"
"between 25 and (excluding) 30","Other","I do not study","none","10",3,1,1,1,1,1,"True",1340,8,,2096.0,2664.0,568.0,392.0,4368.0,"OK"
"between 25 and (excluding) 30","Other","I do not study","none","Dynamic",2,2,1,1,3,3,"True",1260,8,,1317.0,1748.0,431.0,24.0,3041.0,"OK"
"between 25 and (excluding) 30","Other","I do not study","none","2",5,1,1,1,7,7,"True",5609,8,,2292.0,5609.0,3317.0,-7659.0,15560.0,"OK"
"between 25 and (excluding) 30","Other","I do not study","none","Dynamic",2,2,1,1,3,3,"True",1479,8,,1317.0,1748.0,431.0,24.0,3041.0,"OK"
"between 25 and (excluding) 30","Other","I do not study","none","Dynamic",6,2,1,1,7,7,"True",3241,8,,1728.0,3241.0,1513.0,-2811.0,7780.0,"OK"
"between 25 and (excluding) 30","Other","I do not study","none","2",3,1,0,1,4,7,"False",6837,8,,1975.0,2916.0,941.0,-848.0,5739.0,"Outlier"
"between 25 and (excluding) 30","Other","I do not study","none","Dynamic",3,1,1,1,4,4,"True",4932,8,,1288.0,1776.0,488.0,-176.0,3240.0,"Outlier"
"between 25 and (excluding) 30","Other","I do not study","none","4",7,3,1,1,5,5,"True",1348,8,,1428.0,1808.0,380.0,288.0,2948.0,"OK"
"between 25 and (excluding) 30","Other","I do not study","none","8",2,2,1,1,6,6,"True",2852,8,,1293.0,2373.0,1080.0,-1947.0,5613.0,"OK"
"between 25 and (excluding) 30","Other","I do not study","none","Dynamic",5,1,1,1,2,2,"True",1980,8,,1872.0,2212.0,340.0,852.0,3232.0,"OK"
"between 25 and (excluding) 30","Other","I do not study","none","4",5,1,1,1,7,7,"True",3284,8,,2023.0,2808.0,785.0,-332.0,5163.0,"OK"
"between 25 and (excluding) 30","Other","I do not study","none","10",6,2,1,1,2,2,"True",2784,8,,2312.0,2784.0,472.0,896.0,4200.0,"OK"
"between 25 and (excluding) 30","Other","I do not study","none","4",3,1,1,1,5,5,"True",4644,8,,2341.0,4576.0,2235.0,-4364.0,11281.0,"OK"
"between 25 and (excluding) 30","Other","I do not study","none","6",1,3,1,1,4,4,"True",3581,8,,1379.0,1568.0,189.0,812.0,2135.0,"Outlier"
"between 25 and (excluding) 30","Other","I do not study","none","8",7,3,1,1,1,1,"True",8036,8,,1621.0,8036.0,6415.0,-17624.0,27281.0,"OK"
"between 25 and (excluding) 30","Other","I do not study","none","2",5,1,1,1,5,5,"True",3025,8,,2292.0,5609.0,3317.0,-7659.0,15560.0,"OK"
"between 25 and (excluding) 30","Other","I do not study","none","4",5,1,1,1,3,3,"True",2808,8,,2023.0,2808.0,785.0,-332.0,5163.0,"OK"
"between 25 and (excluding) 30","Other","I do not study","none","2",2,2,1,1,6,6,"True",1961,8,,2115.0,4489.0,2374.0,-5007.0,11611.0,"OK"
"between 25 and (excluding) 30","Other","I do not study","none","8",7,3,1,1,2,2,"True",1487,8,,1621.0,8036.0,6415.0,-17624.0,27281.0,"OK"
"between 25 and (excluding) 30","Other","I do not study","none","8",1,3,1,1,1,1,"True",1385,8,,1300.0,1385.0,85.0,1045.0,1640.0,"OK"
"between 25 and (excluding) 30","Other","I do not study","none","10",7,3,1,1,7,7,"True",1520,8,,1917.0,3365.0,1448.0,-2427.0,7709.0,"OK"
"between 25 and (excluding) 30","Other","I do not study","none","Dynamic",3,1,1,1,7,7,"True",1776,8,,1288.0,1776.0,488.0,-176.0,3240.0,"OK"
"between 25 and (excluding) 30","Other","I do not study","none","2",7,3,1,1,7,7,"True",3536,8,,1815.0,2005.0,190.0,1245.0,2575.0,"Outlier"
"between 25 and (excluding) 30","Other","I do not study","none","4",2,2,1,1,2,2,"True",1523,8,,1523.0,2040.0,517.0,-28.0,3591.0,"OK"
"between 25 and (excluding) 30","Other","I do not study","none","8",3,1,1,1,4,4,"True",1924,8,,1716.0,1924.0,208.0,1092.0,2548.0,"OK"
"between 25 and (excluding) 30","Other","I do not study","none","8",5,1,1,1,2,2,"True",14232,8,,1869.0,2864.0,995.0,-1116.0,5849.0,"Outlier"
"between 25 and (excluding) 30","Other","I do not study","none","Dynamic",1,3,1,1,7,7,"True",35724,8,,1504.0,3048.0,1544.0,-3128.0,7680.0,"Outlier"
"between 25 and (excluding) 30","Other","I do not study","none","6",5,1,1,1,5,5,"True",1780,8,,1780.0,2656.0,876.0,-848.0,5284.0,"OK"
"between 25 and (excluding) 30","Other","I do not study","none","Dynamic",7,3,1,1,5,5,"True",1317,8,,1345.0,1520.0,175.0,820.0,2045.0,"OK"
"between 25 and (excluding) 30","Other","I do not study","none","4",7,3,1,1,7,7,"True",2236,8,,1428.0,1808.0,380.0,288.0,2948.0,"OK"
"between 25 and (excluding) 30","Other","I do not study","none","2",7,3,1,1,7,7,"True",2005,8,,1815.0,2005.0,190.0,1245.0,2575.0,"OK"
"between 25 and (excluding) 30","Other","I do not study","none","6",3,1,1,1,1,1,"True",2419,8,,1628.0,2419.0,791.0,-745.0,4792.0,"OK"
"between 25 and (excluding) 30","Other","I do not study","none","4",3,1,1,1,7,7,"True",2341,8,,2341.0,4576.0,2235.0,-4364.0,11281.0,"OK"
"between 25 and (excluding) 30","Other","I do not study","none","4",3,1,1,1,3,3,"True",1881,8,,2341.0,4576.0,2235.0,-4364.0,11281.0,"OK"
"between 25 and (excluding) 30","Other","I do not study","none","8",2,2,1,1,5,5,"True",2373,8,,1293.0,2373.0,1080.0,-1947.0,5613.0,"OK"
"between 25 and (excluding) 30","Other","I do not study","none","Dynamic",2,2,1,1,7,7,"True",1748,8,,1317.0,1748.0,431.0,24.0,3041.0,"OK"
"between 25 and (excluding) 30","Other","I do not study","none","4",2,2,1,1,1,1,"True",2407,8,,1523.0,2040.0,517.0,-28.0,3591.0,"OK"
"between 25 and (excluding) 30","Other","I do not study","none","10",1,3,1,1,7,7,"True",9244,8,,2499.0,3965.0,1466.0,-1899.0,8363.0,"Outlier"
"between 25 and (excluding) 30","Other","I do not study","none","Dynamic",6,2,1,1,7,7,"True",4976,8,,1728.0,3241.0,1513.0,-2811.0,7780.0,"OK"
"between 25 and (excluding) 30","Other","I do not study","none","8",4,0,1,1,1,1,"True",6916,8,,2497.0,3284.0,787.0,136.0,5645.0,"Outlier"
"between 25 and (excluding) 30","Other","I do not study","none","8",4,0,1,1,3,3,"True",2497,8,,2497.0,3284.0,787.0,136.0,5645.0,"OK"
"between 25 and (excluding) 30","Other","I do not study","none","10",3,1,1,1,5,5,"True",2664,8,,2096.0,2664.0,568.0,392.0,4368.0,"OK"
"between 25 and (excluding) 30","Other","I do not study","none","Dynamic",4,0,1,1,3,3,"True",6632,8,,2842.0,6066.0,3224.0,-6830.0,15738.0,"OK"
"between 25 and (excluding) 30","Other","I do not study","none","2",7,3,1,1,6,6,"True",1829,8,,1815.0,2005.0,190.0,1245.0,2575.0,"OK"
"between 25 and (excluding) 30","Other","I do not study","none","8",7,3,1,1,1,1,"True",1621,8,,1621.0,8036.0,6415.0,-17624.0,27281.0,"OK"
"between 25 and (excluding) 30","Other","I do not study","none","2",4,0,1,1,5,5,"True",9964,8,,3972.0,5672.0,1700.0,-1128.0,10772.0,"OK"
"between 25 and (excluding) 30","Other","I do not study","none","Dynamic",5,1,1,1,3,3,"True",3940,8,,1872.0,2212.0,340.0,852.0,3232.0,"Outlier"
"between 25 and (excluding) 30","Other","I do not study","none","Dynamic",7,3,1,1,3,3,"True",1345,8,,1345.0,1520.0,175.0,820.0,2045.0,"OK"
"between 25 and (excluding) 30","Other","I do not study","none","Dynamic",7,3,1,1,1,1,"True",1476,8,,1345.0,1520.0,175.0,820.0,2045.0,"OK"
"between 25 and (excluding) 30","Other","I do not study","none","Dynamic",7,3,1,1,2,2,"True",1520,8,,1345.0,1520.0,175.0,820.0,2045.0,"OK"
"between 25 and (excluding) 30","Other","I do not study","none","6",3,1,1,1,5,5,"True",9428,8,,1628.0,2419.0,791.0,-745.0,4792.0,"Outlier"
"between 25 and (excluding) 30","Other","I do not study","none","10",7,3,1,1,6,6,"True",7628,8,,1917.0,3365.0,1448.0,-2427.0,7709.0,"OK"
"between 25 and (excluding) 30","Other","I do not study","none","4",1,3,1,1,6,6,"True",2432,8,,2305.0,3724.0,1419.0,-1952.0,7981.0,"OK"
"between 25 and (excluding) 30","Other","I do not study","none","6",2,2,1,1,1,1,"True",1552,8,,1676.0,2040.0,364.0,584.0,3132.0,"OK"
"between 25 and (excluding) 30","Other","I do not study","none","6",6,2,1,1,5,5,"True",3320,8,,1465.0,1718.0,253.0,706.0,2477.0,"Outlier"
"between 25 and (excluding) 30","Other","I do not study","none","4",2,2,1,1,3,3,"True",1613,8,,1523.0,2040.0,517.0,-28.0,3591.0,"OK"
"between 25 and (excluding) 30","Other","I do not study","none","10",5,1,1,1,4,4,"True",2176,8,,2176.0,3575.0,1399.0,-2021.0,7772.0,"OK"
"between 25 and (excluding) 30","Other","I do not study","none","8",4,0,1,1,5,5,"True",2471,8,,2497.0,3284.0,787.0,136.0,5645.0,"OK"
"between 25 and (excluding) 30","Other","I do not study","none","10",3,1,1,1,4,4,"True",2252,8,,2096.0,2664.0,568.0,392.0,4368.0,"OK"
"between 25 and (excluding) 30","Other","I do not study","none","10",2,2,1,1,7,7,"True",1717,8,,1620.0,1983.0,363.0,531.0,3072.0,"OK"
"between 25 and (excluding) 30","Other","I do not study","none","8",2,2,1,1,1,1,"True",1057,8,,1293.0,2373.0,1080.0,-1947.0,5613.0,"OK"
"between 25 and (excluding) 30","Other","I do not study","none","Dynamic",7,3,1,1,7,7,"True",1624,8,,1345.0,1520.0,175.0,820.0,2045.0,"OK"
"between 25 and (excluding) 30","Other","I do not study","none","6",7,3,1,1,1,1,"True",1617,8,,2017.0,3240.0,1223.0,-1652.0,6909.0,"OK"
"between 25 and (excluding) 30","Other","I do not study","none","2",7,3,1,1,3,3,"True",1632,8,,1815.0,2005.0,190.0,1245.0,2575.0,"OK"
"between 25 and (excluding) 30","Other","I do not study","none","Dynamic",4,0,1,1,5,5,"True",4005,8,,2842.0,6066.0,3224.0,-6830.0,15738.0,"OK"
"between 25 and (excluding) 30","Other","I do not study","none","Dynamic",5,1,1,1,1,1,"True",1872,8,,1872.0,2212.0,340.0,852.0,3232.0,"OK"
"between 25 and (excluding) 30","Other","I do not study","none","Dynamic",3,1,1,1,2,2,"True",1505,8,,1288.0,1776.0,488.0,-176.0,3240.0,"OK"
"between 25 and (excluding) 30","Other","I do not study","none","2",2,2,1,1,5,5,"True",4489,8,,2115.0,4489.0,2374.0,-5007.0,11611.0,"OK"
"between 25 and (excluding) 30","Other","I do not study","none","6",1,3,1,1,2,2,"True",1084,8,,1379.0,1568.0,189.0,812.0,2135.0,"OK"
"between 25 and (excluding) 30","Other","I do not study","none","Dynamic",1,3,1,1,1,1,"True",1240,8,,1504.0,3048.0,1544.0,-3128.0,7680.0,"OK"
"between 25 and (excluding) 30","Other","I do not study","none","Dynamic",3,1,1,1,4,4,"True",1265,8,,1288.0,1776.0,488.0,-176.0,3240.0,"OK"
"between 25 and (excluding) 30","Other","I do not study","none","10",4,0,1,1,2,2,"True",2636,8,,2636.0,4860.0,2224.0,-4036.0,11532.0,"OK"
"between 25 and (excluding) 30","Other","I do not study","none","Dynamic",4,0,1,1,3,3,"True",2842,8,,2842.0,6066.0,3224.0,-6830.0,15738.0,"OK"
"between 25 and (excluding) 30","Other","I do not study","none","2",1,3,1,1,2,2,"True",1102,8,,1424.0,1781.0,357.0,353.0,2852.0,"OK"
"between 25 and (excluding) 30","Other","I do not study","none","6",4,0,1,1,2,2,"True",2920,8,,2920.0,3161.0,241.0,2197.0,3884.0,"OK"
"between 25 and (excluding) 30","Other","I do not study","none","8",6,2,1,1,7,7,"True",1671,8,,1422.0,1720.0,298.0,528.0,2614.0,"OK"
"between 25 and (excluding) 30","Other","I do not study","none","2",5,1,1,1,4,4,"True",2184,8,,2292.0,5609.0,3317.0,-7659.0,15560.0,"OK"
"between 25 and (excluding) 30","Other","I do not study","none","6",6,2,1,1,2,2,"True",1132,8,,1465.0,1718.0,253.0,706.0,2477.0,"OK"
"between 25 and (excluding) 30","Other","I do not study","none","8",2,2,1,1,2,2,"True",1293,8,,1293.0,2373.0,1080.0,-1947.0,5613.0,"OK"
"between 25 and (excluding) 30","Other","I do not study","none","8",7,3,1,1,4,4,"True",20561,8,,1621.0,8036.0,6415.0,-17624.0,27281.0,"OK"
"between 25 and (excluding) 30","Other","I do not study","none","Dynamic",6,2,1,1,5,5,"True",1325,8,,1728.0,3241.0,1513.0,-2811.0,7780.0,"OK"
"between 25 and (excluding) 30","Other","I do not study","none","4",4,0,1,1,7,7,"True",4472,8,,2376.0,4472.0,2096.0,-3912.0,10760.0,"OK"
"between 25 and (excluding) 30","Other","I do not study","none","4",2,2,1,1,2,2,"True",1319,8,,1523.0,2040.0,517.0,-28.0,3591.0,"OK"
"between 25 and (excluding) 30","Other","I do not study","none","4",5,1,1,1,1,1,"True",1636,8,,2023.0,2808.0,785.0,-332.0,5163.0,"OK"
"between 25 and (excluding) 30","Other","I do not study","none","8",1,3,1,1,6,6,"True",1568,8,,1300.0,1385.0,85.0,1045.0,1640.0,"OK"
"between 25 and (excluding) 30","Other","I do not study","none","10",6,2,1,1,7,7,"True",2312,8,,2312.0,2784.0,472.0,896.0,4200.0,"OK"
"between 25 and (excluding) 30","Other","I do not study","none","10",2,2,1,1,4,4,"True",1392,8,,1620.0,1983.0,363.0,531.0,3072.0,"OK"
"between 25 and (excluding) 30","Other","I do not study","none","2",3,1,1,1,2,2,"True",1975,8,,1975.0,2916.0,941.0,-848.0,5739.0,"OK"
"between 25 and (excluding) 30","Other","I do not study","none","8",1,3,1,1,4,4,"True",1316,8,,1300.0,1385.0,85.0,1045.0,1640.0,"OK"
"between 25 and (excluding) 30","Other","I do not study","none","2",3,1,1,1,7,7,"True",2780,8,,1975.0,2916.0,941.0,-848.0,5739.0,"OK"
"between 25 and (excluding) 30","Other","I do not study","none","6",3,1,1,1,4,4,"True",1529,8,,1628.0,2419.0,791.0,-745.0,4792.0,"OK"
"between 25 and (excluding) 30","Other","I do not study","none","6",1,3,1,1,6,6,"True",1496,8,,1379.0,1568.0,189.0,812.0,2135.0,"OK"
"between 25 and (excluding) 30","Other","I do not study","none","6",2,2,1,1,5,5,"True",1676,8,,1676.0,2040.0,364.0,584.0,3132.0,"OK"
"between 25 and (excluding) 30","Other","I do not study","none","Dynamic",3,1,1,1,3,3,"True",1288,8,,1288.0,1776.0,488.0,-176.0,3240.0,"OK"
"between 25 and (excluding) 30","Other","I do not study","none","4",1,3,1,1,3,3,"True",1124,8,,2305.0,3724.0,1419.0,-1952.0,7981.0,"OK"
"between 25 and (excluding) 30","Other","I do not study","none","6",3,1,1,1,4,4,"True",1636,8,,1628.0,2419.0,791.0,-745.0,4792.0,"OK"
"between 25 and (excluding) 30","Other","I do not study","none","Dynamic",1,3,1,1,7,7,"True",3048,8,,1504.0,3048.0,1544.0,-3128.0,7680.0,"OK"
"between 25 and (excluding) 30","Other","I do not study","none","6",3,1,1,1,3,3,"True",1628,8,,1628.0,2419.0,791.0,-745.0,4792.0,"OK"
"between 25 and (excluding) 30","Other","I do not study","none","6",7,3,1,1,3,3,"True",4700,8,,2017.0,3240.0,1223.0,-1652.0,6909.0,"OK"
"between 25 and (excluding) 30","Other","I do not study","none","8",3,1,1,1,1,1,"True",1897,8,,1716.0,1924.0,208.0,1092.0,2548.0,"OK"
"between 25 and (excluding) 30","Other","I do not study","none","4",2,2,1,1,4,4,"True",2040,8,,1523.0,2040.0,517.0,-28.0,3591.0,"OK"
"between 25 and (excluding) 30","Other","I do not study","none","8",6,2,1,1,3,3,"True",1344,8,,1422.0,1720.0,298.0,528.0,2614.0,"OK"
"between 25 and (excluding) 30","Other","I do not study","none","4",7,3,1,1,6,6,"True",1808,8,,1428.0,1808.0,380.0,288.0,2948.0,"OK"
"between 25 and (excluding) 30","Other","I do not study","none","Dynamic",5,1,1,1,1,1,"True",1633,8,,1872.0,2212.0,340.0,852.0,3232.0,"OK"
"between 25 and (excluding) 30","Other","I do not study","none","6",5,1,1,1,4,4,"True",1568,8,,1780.0,2656.0,876.0,-848.0,5284.0,"OK"
"between 25 and (excluding) 30","Other","I do not study","none","8",2,2,1,1,5,5,"True",1345,8,,1293.0,2373.0,1080.0,-1947.0,5613.0,"OK"
"between 25 and (excluding) 30","Other","I do not study","none","6",4,0,1,1,4,4,"True",3161,8,,2920.0,3161.0,241.0,2197.0,3884.0,"OK"
"between 25 and (excluding) 30","Undergraduate student (BSc not yet finished)","Computer science","less than or equal 1 year","4",4,0,1,1,1,1,"True",4813,9,,4813.0,7254.0,2441.0,-2510.0,14577.0,"OK"
"between 25 and (excluding) 30","Undergraduate student (BSc not yet finished)","Computer science","less than or equal 1 year","4",7,3,1,1,3,3,"True",1587,9,,1242.0,1587.0,345.0,207.0,2622.0,"OK"
"between 25 and (excluding) 30","Undergraduate student (BSc not yet finished)","Computer science","less than or equal 1 year","2",7,3,1,1,2,2,"True",1711,9,,1711.0,2244.0,533.0,112.0,3843.0,"OK"
"between 25 and (excluding) 30","Undergraduate student (BSc not yet finished)","Computer science","less than or equal 1 year","2",4,0,1,1,2,2,"True",17677,9,,6402.0,17677.0,11275.0,-27423.0,51502.0,"OK"
"between 25 and (excluding) 30","Undergraduate student (BSc not yet finished)","Computer science","less than or equal 1 year","8",4,0,1,1,5,5,"True",1938,9,,1770.0,2102.0,332.0,774.0,3098.0,"OK"
"between 25 and (excluding) 30","Undergraduate student (BSc not yet finished)","Computer science","less than or equal 1 year","10",1,3,1,1,3,3,"True",2140,9,,1498.0,1827.0,329.0,511.0,2814.0,"OK"
"between 25 and (excluding) 30","Undergraduate student (BSc not yet finished)","Computer science","less than or equal 1 year","8",5,1,1,1,3,3,"True",1605,9,,1605.0,2490.0,885.0,-1050.0,5145.0,"OK"
"between 25 and (excluding) 30","Undergraduate student (BSc not yet finished)","Computer science","less than or equal 1 year","4",5,1,1,1,1,1,"True",2412,9,,3428.0,4060.0,632.0,1532.0,5956.0,"OK"
"between 25 and (excluding) 30","Undergraduate student (BSc not yet finished)","Computer science","less than or equal 1 year","10",1,3,1,1,7,7,"True",1827,9,,1498.0,1827.0,329.0,511.0,2814.0,"OK"
"between 25 and (excluding) 30","Undergraduate student (BSc not yet finished)","Computer science","less than or equal 1 year","2",2,2,1,1,5,5,"True",2156,9,,1800.0,1937.0,137.0,1389.0,2348.0,"OK"
"between 25 and (excluding) 30","Undergraduate student (BSc not yet finished)","Computer science","less than or equal 1 year","4",6,2,1,1,5,5,"True",1792,9,,1792.0,2920.0,1128.0,-1592.0,6304.0,"OK"
"between 25 and (excluding) 30","Undergraduate student (BSc not yet finished)","Computer science","less than or equal 1 year","2",6,2,1,1,6,6,"True",4578,9,,3544.0,4578.0,1034.0,442.0,7680.0,"OK"
"between 25 and (excluding) 30","Undergraduate student (BSc not yet finished)","Computer science","less than or equal 1 year","6",5,1,1,1,3,3,"True",1648,9,,1743.0,2053.0,310.0,813.0,2983.0,"OK"
"between 25 and (excluding) 30","Undergraduate student (BSc not yet finished)","Computer science","less than or equal 1 year","10",2,2,1,1,6,6,"True",1976,9,,1374.0,1976.0,602.0,-432.0,3782.0,"OK"
"between 25 and (excluding) 30","Undergraduate student (BSc not yet finished)","Computer science","less than or equal 1 year","Dynamic",2,2,1,1,7,7,"True",1592,9,,1294.0,1592.0,298.0,400.0,2486.0,"OK"
"between 25 and (excluding) 30","Undergraduate student (BSc not yet finished)","Computer science","less than or equal 1 year","2",6,2,1,1,6,6,"True",6044,9,,3544.0,4578.0,1034.0,442.0,7680.0,"OK"
"between 25 and (excluding) 30","Undergraduate student (BSc not yet finished)","Computer science","less than or equal 1 year","4",4,0,1,1,6,6,"True",7254,9,,4813.0,7254.0,2441.0,-2510.0,14577.0,"OK"
"between 25 and (excluding) 30","Undergraduate student (BSc not yet finished)","Computer science","less than or equal 1 year","2",5,1,1,1,2,2,"True",6746,9,,4512.0,6746.0,2234.0,-2190.0,13448.0,"OK"
"between 25 and (excluding) 30","Undergraduate student (BSc not yet finished)","Computer science","less than or equal 1 year","2",4,0,1,1,7,7,"True",7414,9,,6402.0,17677.0,11275.0,-27423.0,51502.0,"OK"
"between 25 and (excluding) 30","Undergraduate student (BSc not yet finished)","Computer science","less than or equal 1 year","6",7,3,1,1,7,7,"True",1889,9,,1286.0,1604.0,318.0,332.0,2558.0,"OK"
"between 25 and (excluding) 30","Undergraduate student (BSc not yet finished)","Computer science","less than or equal 1 year","6",6,2,1,1,2,2,"True",1332,9,,1464.0,1728.0,264.0,672.0,2520.0,"OK"
"between 25 and (excluding) 30","Undergraduate student (BSc not yet finished)","Computer science","less than or equal 1 year","10",4,0,1,1,1,1,"True",1971,9,,1497.0,1971.0,474.0,75.0,3393.0,"OK"
"between 25 and (excluding) 30","Undergraduate student (BSc not yet finished)","Computer science","less than or equal 1 year","10",1,3,1,1,4,4,"True",1508,9,,1498.0,1827.0,329.0,511.0,2814.0,"OK"
"between 25 and (excluding) 30","Undergraduate student (BSc not yet finished)","Computer science","less than or equal 1 year","2",4,0,1,1,1,1,"True",6402,9,,6402.0,17677.0,11275.0,-27423.0,51502.0,"OK"
"between 25 and (excluding) 30","Undergraduate student (BSc not yet finished)","Computer science","less than or equal 1 year","6",4,0,1,1,3,3,"True",1442,9,,1656.0,1899.0,243.0,927.0,2628.0,"OK"
"between 25 and (excluding) 30","Undergraduate student (BSc not yet finished)","Computer science","less than or equal 1 year","4",4,0,1,1,2,2,"True",3900,9,,4813.0,7254.0,2441.0,-2510.0,14577.0,"OK"
"between 25 and (excluding) 30","Undergraduate student (BSc not yet finished)","Computer science","less than or equal 1 year","6",6,2,1,1,6,6,"True",1752,9,,1464.0,1728.0,264.0,672.0,2520.0,"OK"
"between 25 and (excluding) 30","Undergraduate student (BSc not yet finished)","Computer science","less than or equal 1 year","Dynamic",1,3,1,1,1,1,"True",1245,9,,1245.0,1462.0,217.0,594.0,2113.0,"OK"
"between 25 and (excluding) 30","Undergraduate student (BSc not yet finished)","Computer science","less than or equal 1 year","4",6,2,1,1,1,1,"True",1547,9,,1792.0,2920.0,1128.0,-1592.0,6304.0,"OK"
"between 25 and (excluding) 30","Undergraduate student (BSc not yet finished)","Computer science","less than or equal 1 year","10",3,1,1,1,6,6,"True",1837,9,,1752.0,1960.0,208.0,1128.0,2584.0,"OK"
"between 25 and (excluding) 30","Undergraduate student (BSc not yet finished)","Computer science","less than or equal 1 year","8",5,1,1,1,3,3,"True",1724,9,,1605.0,2490.0,885.0,-1050.0,5145.0,"OK"
"between 25 and (excluding) 30","Undergraduate student (BSc not yet finished)","Computer science","less than or equal 1 year","8",1,3,1,1,2,2,"True",1768,9,,1010.0,1768.0,758.0,-1264.0,4042.0,"OK"
"between 25 and (excluding) 30","Undergraduate student (BSc not yet finished)","Computer science","less than or equal 1 year","10",5,1,1,1,7,7,"True",1743,9,,1548.0,1743.0,195.0,963.0,2328.0,"OK"
"between 25 and (excluding) 30","Undergraduate student (BSc not yet finished)","Computer science","less than or equal 1 year","Dynamic",6,2,1,1,5,5,"True",1529,9,,1359.0,1529.0,170.0,849.0,2039.0,"OK"
"between 25 and (excluding) 30","Undergraduate student (BSc not yet finished)","Computer science","less than or equal 1 year","6",4,0,1,1,1,1,"True",1763,9,,1656.0,1899.0,243.0,927.0,2628.0,"OK"
"between 25 and (excluding) 30","Undergraduate student (BSc not yet finished)","Computer science","less than or equal 1 year","10",5,1,1,1,4,4,"True",1548,9,,1548.0,1743.0,195.0,963.0,2328.0,"OK"
"between 25 and (excluding) 30","Undergraduate student (BSc not yet finished)","Computer science","less than or equal 1 year","2",4,0,1,1,1,1,"True",24178,9,,6402.0,17677.0,11275.0,-27423.0,51502.0,"OK"
"between 25 and (excluding) 30","Undergraduate student (BSc not yet finished)","Computer science","less than or equal 1 year","10",5,1,1,1,6,6,"True",1518,9,,1548.0,1743.0,195.0,963.0,2328.0,"OK"
"between 25 and (excluding) 30","Undergraduate student (BSc not yet finished)","Computer science","less than or equal 1 year","Dynamic",1,3,1,1,5,5,"True",1462,9,,1245.0,1462.0,217.0,594.0,2113.0,"OK"
"between 25 and (excluding) 30","Undergraduate student (BSc not yet finished)","Computer science","less than or equal 1 year","2",6,2,1,1,5,5,"True",3544,9,,3544.0,4578.0,1034.0,442.0,7680.0,"OK"
"between 25 and (excluding) 30","Undergraduate student (BSc not yet finished)","Computer science","less than or equal 1 year","2",6,2,1,1,4,4,"True",3934,9,,3544.0,4578.0,1034.0,442.0,7680.0,"OK"
"between 25 and (excluding) 30","Undergraduate student (BSc not yet finished)","Computer science","less than or equal 1 year","6",2,2,1,1,6,6,"True",1969,9,,1704.0,2213.0,509.0,177.0,3740.0,"OK"
"between 25 and (excluding) 30","Undergraduate student (BSc not yet finished)","Computer science","less than or equal 1 year","Dynamic",4,0,1,1,2,2,"True",1455,9,,1455.0,1742.0,287.0,594.0,2603.0,"OK"
"between 25 and (excluding) 30","Undergraduate student (BSc not yet finished)","Computer science","less than or equal 1 year","2",1,3,1,1,5,5,"True",1861,9,,1797.0,2282.0,485.0,342.0,3737.0,"OK"
"between 25 and (excluding) 30","Undergraduate student (BSc not yet finished)","Computer science","less than or equal 1 year","6",7,3,1,1,6,6,"True",1604,9,,1286.0,1604.0,318.0,332.0,2558.0,"OK"
"between 25 and (excluding) 30","Undergraduate student (BSc not yet finished)","Computer science","less than or equal 1 year","10",1,3,1,1,5,5,"True",1446,9,,1498.0,1827.0,329.0,511.0,2814.0,"OK"
"between 25 and (excluding) 30","Undergraduate student (BSc not yet finished)","Computer science","less than or equal 1 year","4",3,1,1,1,5,5,"True",3265,9,,2005.0,3265.0,1260.0,-1775.0,7045.0,"OK"
"between 25 and (excluding) 30","Undergraduate student (BSc not yet finished)","Computer science","less than or equal 1 year","6",1,3,1,1,3,3,"True",1662,9,,1422.0,1662.0,240.0,702.0,2382.0,"OK"
"between 25 and (excluding) 30","Undergraduate student (BSc not yet finished)","Computer science","less than or equal 1 year","8",5,1,1,1,2,2,"True",4027,9,,1605.0,2490.0,885.0,-1050.0,5145.0,"OK"
"between 25 and (excluding) 30","Undergraduate student (BSc not yet finished)","Computer science","less than or equal 1 year","6",2,2,1,1,7,7,"True",2213,9,,1704.0,2213.0,509.0,177.0,3740.0,"OK"
"between 25 and (excluding) 30","Undergraduate student (BSc not yet finished)","Computer science","less than or equal 1 year","8",3,1,1,1,2,2,"True",3016,9,,1900.0,2841.0,941.0,-923.0,5664.0,"OK"
"between 25 and (excluding) 30","Undergraduate student (BSc not yet finished)","Computer science","less than or equal 1 year","8",4,0,1,1,2,2,"True",1329,9,,1770.0,2102.0,332.0,774.0,3098.0,"OK"
"between 25 and (excluding) 30","Undergraduate student (BSc not yet finished)","Computer science","less than or equal 1 year","8",1,3,1,1,1,1,"True",990,9,,1010.0,1768.0,758.0,-1264.0,4042.0,"OK"
"between 25 and (excluding) 30","Undergraduate student (BSc not yet finished)","Computer science","less than or equal 1 year","8",6,2,1,1,4,4,"True",1747,9,,1783.0,1814.0,31.0,1690.0,1907.0,"OK"
"between 25 and (excluding) 30","Undergraduate student (BSc not yet finished)","Computer science","less than or equal 1 year","8",7,3,1,1,3,3,"True",1673,9,,1346.0,1673.0,327.0,365.0,2654.0,"OK"
"between 25 and (excluding) 30","Undergraduate student (BSc not yet finished)","Computer science","less than or equal 1 year","8",5,1,1,1,1,1,"True",1347,9,,1605.0,2490.0,885.0,-1050.0,5145.0,"OK"
"between 25 and (excluding) 30","Undergraduate student (BSc not yet finished)","Computer science","less than or equal 1 year","4",6,2,1,1,3,3,"True",2920,9,,1792.0,2920.0,1128.0,-1592.0,6304.0,"OK"
"between 25 and (excluding) 30","Undergraduate student (BSc not yet finished)","Computer science","less than or equal 1 year","10",3,1,1,1,1,1,"True",1276,9,,1752.0,1960.0,208.0,1128.0,2584.0,"OK"
"between 25 and (excluding) 30","Undergraduate student (BSc not yet finished)","Computer science","less than or equal 1 year","10",6,2,1,1,1,1,"True",1320,9,,1596.0,1683.0,87.0,1335.0,1944.0,"Outlier"
"between 25 and (excluding) 30","Undergraduate student (BSc not yet finished)","Computer science","less than or equal 1 year","10",7,3,1,1,1,1,"True",1108,9,,1151.0,1463.0,312.0,215.0,2399.0,"OK"
"between 25 and (excluding) 30","Undergraduate student (BSc not yet finished)","Computer science","less than or equal 1 year","10",6,2,1,1,7,7,"True",2260,9,,1596.0,1683.0,87.0,1335.0,1944.0,"Outlier"
"between 25 and (excluding) 30","Undergraduate student (BSc not yet finished)","Computer science","less than or equal 1 year","8",6,2,1,1,1,1,"True",1911,9,,1783.0,1814.0,31.0,1690.0,1907.0,"Outlier"
"between 25 and (excluding) 30","Undergraduate student (BSc not yet finished)","Computer science","less than or equal 1 year","2",1,3,1,1,2,2,"True",1797,9,,1797.0,2282.0,485.0,342.0,3737.0,"OK"
"between 25 and (excluding) 30","Undergraduate student (BSc not yet finished)","Computer science","less than or equal 1 year","4",4,0,1,1,7,7,"True",5081,9,,4813.0,7254.0,2441.0,-2510.0,14577.0,"OK"
"between 25 and (excluding) 30","Undergraduate student (BSc not yet finished)","Computer science","less than or equal 1 year","2",1,3,1,1,6,6,"True",2284,9,,1797.0,2282.0,485.0,342.0,3737.0,"OK"
"between 25 and (excluding) 30","Undergraduate student (BSc not yet finished)","Computer science","less than or equal 1 year","8",3,1,1,1,3,3,"True",1900,9,,1900.0,2841.0,941.0,-923.0,5664.0,"OK"
"between 25 and (excluding) 30","Undergraduate student (BSc not yet finished)","Computer science","less than or equal 1 year","8",3,1,1,1,1,1,"True",1963,9,,1900.0,2841.0,941.0,-923.0,5664.0,"OK"
"between 25 and (excluding) 30","Undergraduate student (BSc not yet finished)","Computer science","less than or equal 1 year","10",7,3,1,1,4,4,"True",1419,9,,1151.0,1463.0,312.0,215.0,2399.0,"OK"
"between 25 and (excluding) 30","Undergraduate student (BSc not yet finished)","Computer science","less than or equal 1 year","2",2,2,1,1,7,7,"True",1937,9,,1800.0,1937.0,137.0,1389.0,2348.0,"OK"
"between 25 and (excluding) 30","Undergraduate student (BSc not yet finished)","Computer science","less than or equal 1 year","2",3,1,1,1,3,3,"True",8419,9,,2297.0,4288.0,1991.0,-3676.0,10261.0,"OK"
"between 25 and (excluding) 30","Undergraduate student (BSc not yet finished)","Computer science","less than or equal 1 year","10",4,0,1,1,3,3,"True",1221,9,,1497.0,1971.0,474.0,75.0,3393.0,"OK"
"between 25 and (excluding) 30","Undergraduate student (BSc not yet finished)","Computer science","less than or equal 1 year","6",6,2,1,1,3,3,"True",1478,9,,1464.0,1728.0,264.0,672.0,2520.0,"OK"
"between 25 and (excluding) 30","Undergraduate student (BSc not yet finished)","Computer science","less than or equal 1 year","8",6,2,1,1,5,5,"True",1814,9,,1783.0,1814.0,31.0,1690.0,1907.0,"OK"
"between 25 and (excluding) 30","Undergraduate student (BSc not yet finished)","Computer science","less than or equal 1 year","4",6,2,1,1,5,5,"True",4063,9,,1792.0,2920.0,1128.0,-1592.0,6304.0,"OK"
"between 25 and (excluding) 30","Undergraduate student (BSc not yet finished)","Computer science","less than or equal 1 year","4",3,1,1,1,1,1,"True",1935,9,,2005.0,3265.0,1260.0,-1775.0,7045.0,"OK"
"between 25 and (excluding) 30","Undergraduate student (BSc not yet finished)","Computer science","less than or equal 1 year","2",5,1,1,1,4,4,"True",4973,9,,4512.0,6746.0,2234.0,-2190.0,13448.0,"OK"
"between 25 and (excluding) 30","Undergraduate student (BSc not yet finished)","Computer science","less than or equal 1 year","4",1,3,1,1,5,5,"True",1505,9,,1505.0,2345.0,840.0,-1015.0,4865.0,"OK"
"between 25 and (excluding) 30","Undergraduate student (BSc not yet finished)","Computer science","less than or equal 1 year","4",1,3,1,1,6,6,"True",2230,9,,1505.0,2345.0,840.0,-1015.0,4865.0,"OK"
"between 25 and (excluding) 30","Undergraduate student (BSc not yet finished)","Computer science","less than or equal 1 year","10",2,2,1,1,3,3,"True",1332,9,,1374.0,1976.0,602.0,-432.0,3782.0,"OK"
"between 25 and (excluding) 30","Undergraduate student (BSc not yet finished)","Computer science","less than or equal 1 year","10",4,0,1,1,5,5,"True",1850,9,,1497.0,1971.0,474.0,75.0,3393.0,"OK"
"between 25 and (excluding) 30","Undergraduate student (BSc not yet finished)","Computer science","less than or equal 1 year","6",2,2,1,1,6,6,"True",2761,9,,1704.0,2213.0,509.0,177.0,3740.0,"OK"
"between 25 and (excluding) 30","Undergraduate student (BSc not yet finished)","Computer science","less than or equal 1 year","Dynamic",2,2,1,1,3,3,"True",1615,9,,1294.0,1592.0,298.0,400.0,2486.0,"OK"
"between 25 and (excluding) 30","Undergraduate student (BSc not yet finished)","Computer science","less than or equal 1 year","4",5,1,1,1,4,4,"True",5496,9,,3428.0,4060.0,632.0,1532.0,5956.0,"OK"
"between 25 and (excluding) 30","Undergraduate student (BSc not yet finished)","Computer science","less than or equal 1 year","10",6,2,1,1,4,4,"True",1596,9,,1596.0,1683.0,87.0,1335.0,1944.0,"OK"
"between 25 and (excluding) 30","Undergraduate student (BSc not yet finished)","Computer science","less than or equal 1 year","6",5,1,1,1,1,1,"True",1955,9,,1743.0,2053.0,310.0,813.0,2983.0,"OK"
"between 25 and (excluding) 30","Undergraduate student (BSc not yet finished)","Computer science","less than or equal 1 year","2",2,2,1,1,1,1,"True",1543,9,,1800.0,1937.0,137.0,1389.0,2348.0,"OK"
"between 25 and (excluding) 30","Undergraduate student (BSc not yet finished)","Computer science","less than or equal 1 year","2",1,3,1,1,5,5,"True",1346,9,,1797.0,2282.0,485.0,342.0,3737.0,"OK"
"between 25 and (excluding) 30","Undergraduate student (BSc not yet finished)","Computer science","less than or equal 1 year","6",5,1,1,1,6,6,"True",2053,9,,1743.0,2053.0,310.0,813.0,2983.0,"OK"
"between 25 and (excluding) 30","Undergraduate student (BSc not yet finished)","Computer science","less than or equal 1 year","10",4,0,1,1,1,1,"True",1497,9,,1497.0,1971.0,474.0,75.0,3393.0,"OK"
"between 25 and (excluding) 30","Undergraduate student (BSc not yet finished)","Computer science","less than or equal 1 year","4",7,3,1,1,1,1,"True",998,9,,1242.0,1587.0,345.0,207.0,2622.0,"OK"
"between 25 and (excluding) 30","Undergraduate student (BSc not yet finished)","Computer science","less than or equal 1 year","Dynamic",6,2,1,1,2,2,"True",1124,9,,1359.0,1529.0,170.0,849.0,2039.0,"OK"
"between 25 and (excluding) 30","Undergraduate student (BSc not yet finished)","Computer science","less than or equal 1 year","2",6,2,1,1,2,2,"True",2518,9,,3544.0,4578.0,1034.0,442.0,7680.0,"OK"
"between 25 and (excluding) 30","Undergraduate student (BSc not yet finished)","Computer science","less than or equal 1 year","Dynamic",5,1,1,1,2,2,"True",1254,9,,1355.0,1533.0,178.0,821.0,2067.0,"OK"
"between 25 and (excluding) 30","Undergraduate student (BSc not yet finished)","Computer science","less than or equal 1 year","10",5,1,1,1,3,3,"True",1970,9,,1548.0,1743.0,195.0,963.0,2328.0,"OK"
"between 25 and (excluding) 30","Undergraduate student (BSc not yet finished)","Computer science","less than or equal 1 year","Dynamic",4,0,1,1,2,2,"True",1177,9,,1455.0,1742.0,287.0,594.0,2603.0,"OK"
"between 25 and (excluding) 30","Undergraduate student (BSc not yet finished)","Computer science","less than or equal 1 year","6",1,3,1,1,2,2,"True",1422,9,,1422.0,1662.0,240.0,702.0,2382.0,"OK"
"between 25 and (excluding) 30","Undergraduate student (BSc not yet finished)","Computer science","less than or equal 1 year","6",7,3,1,1,5,5,"True",1365,9,,1286.0,1604.0,318.0,332.0,2558.0,"OK"
"between 25 and (excluding) 30","Undergraduate student (BSc not yet finished)","Computer science","less than or equal 1 year","10",7,3,0,1,4,3,"False",1151,9,,1151.0,1463.0,312.0,215.0,2399.0,"OK"
"between 25 and (excluding) 30","Undergraduate student (BSc not yet finished)","Computer science","less than or equal 1 year","10",2,2,1,1,4,4,"True",3855,9,,1374.0,1976.0,602.0,-432.0,3782.0,"Outlier"
"between 25 and (excluding) 30","Undergraduate student (BSc not yet finished)","Computer science","less than or equal 1 year","4",1,3,1,1,2,2,"True",1420,9,,1505.0,2345.0,840.0,-1015.0,4865.0,"OK"
"between 25 and (excluding) 30","Undergraduate student (BSc not yet finished)","Computer science","less than or equal 1 year","2",3,1,1,1,2,2,"True",4288,9,,2297.0,4288.0,1991.0,-3676.0,10261.0,"OK"
"between 25 and (excluding) 30","Undergraduate student (BSc not yet finished)","Computer science","less than or equal 1 year","6",4,0,1,1,5,5,"True",1656,9,,1656.0,1899.0,243.0,927.0,2628.0,"OK"
"between 25 and (excluding) 30","Undergraduate student (BSc not yet finished)","Computer science","less than or equal 1 year","4",6,2,1,1,2,2,"True",2274,9,,1792.0,2920.0,1128.0,-1592.0,6304.0,"OK"
"between 25 and (excluding) 30","Undergraduate student (BSc not yet finished)","Computer science","less than or equal 1 year","10",3,1,1,1,1,1,"True",1982,9,,1752.0,1960.0,208.0,1128.0,2584.0,"OK"
"between 25 and (excluding) 30","Undergraduate student (BSc not yet finished)","Computer science","less than or equal 1 year","Dynamic",2,2,1,1,3,3,"True",1260,9,,1294.0,1592.0,298.0,400.0,2486.0,"OK"
"between 25 and (excluding) 30","Undergraduate student (BSc not yet finished)","Computer science","less than or equal 1 year","2",5,1,1,1,7,7,"True",3991,9,,4512.0,6746.0,2234.0,-2190.0,13448.0,"OK"
"between 25 and (excluding) 30","Undergraduate student (BSc not yet finished)","Computer science","less than or equal 1 year","Dynamic",2,2,1,1,3,3,"True",1545,9,,1294.0,1592.0,298.0,400.0,2486.0,"OK"
"between 25 and (excluding) 30","Undergraduate student (BSc not yet finished)","Computer science","less than or equal 1 year","Dynamic",6,2,1,1,7,7,"True",1359,9,,1359.0,1529.0,170.0,849.0,2039.0,"OK"
"between 25 and (excluding) 30","Undergraduate student (BSc not yet finished)","Computer science","less than or equal 1 year","2",3,1,0,1,4,3,"False",1605,9,,2297.0,4288.0,1991.0,-3676.0,10261.0,"OK"
"between 25 and (excluding) 30","Undergraduate student (BSc not yet finished)","Computer science","less than or equal 1 year","Dynamic",3,1,1,1,4,4,"True",1442,9,,1442.0,1733.0,291.0,569.0,2606.0,"OK"
"between 25 and (excluding) 30","Undergraduate student (BSc not yet finished)","Computer science","less than or equal 1 year","4",7,3,1,1,5,5,"True",1287,9,,1242.0,1587.0,345.0,207.0,2622.0,"OK"
"between 25 and (excluding) 30","Undergraduate student (BSc not yet finished)","Computer science","less than or equal 1 year","8",2,2,1,1,6,6,"True",2320,9,,1552.0,1705.0,153.0,1093.0,2164.0,"Outlier"
"between 25 and (excluding) 30","Undergraduate student (BSc not yet finished)","Computer science","less than or equal 1 year","Dynamic",5,1,1,1,2,2,"True",1528,9,,1355.0,1533.0,178.0,821.0,2067.0,"OK"
"between 25 and (excluding) 30","Undergraduate student (BSc not yet finished)","Computer science","less than or equal 1 year","4",5,1,1,1,7,7,"True",4060,9,,3428.0,4060.0,632.0,1532.0,5956.0,"OK"
"between 25 and (excluding) 30","Undergraduate student (BSc not yet finished)","Computer science","less than or equal 1 year","10",6,2,1,1,2,2,"True",1683,9,,1596.0,1683.0,87.0,1335.0,1944.0,"OK"
"between 25 and (excluding) 30","Undergraduate student (BSc not yet finished)","Computer science","less than or equal 1 year","4",3,1,1,1,5,5,"True",3122,9,,2005.0,3265.0,1260.0,-1775.0,7045.0,"OK"
"between 25 and (excluding) 30","Undergraduate student (BSc not yet finished)","Computer science","less than or equal 1 year","6",1,3,1,1,4,4,"True",1674,9,,1422.0,1662.0,240.0,702.0,2382.0,"OK"
"between 25 and (excluding) 30","Undergraduate student (BSc not yet finished)","Computer science","less than or equal 1 year","8",7,3,1,1,1,1,"True",1346,9,,1346.0,1673.0,327.0,365.0,2654.0,"OK"
"between 25 and (excluding) 30","Undergraduate student (BSc not yet finished)","Computer science","less than or equal 1 year","2",5,1,1,1,5,5,"True",7052,9,,4512.0,6746.0,2234.0,-2190.0,13448.0,"OK"
"between 25 and (excluding) 30","Undergraduate student (BSc not yet finished)","Computer science","less than or equal 1 year","4",5,1,1,1,3,3,"True",3428,9,,3428.0,4060.0,632.0,1532.0,5956.0,"OK"
"between 25 and (excluding) 30","Undergraduate student (BSc not yet finished)","Computer science","less than or equal 1 year","2",2,2,1,1,6,6,"True",1800,9,,1800.0,1937.0,137.0,1389.0,2348.0,"OK"
"between 25 and (excluding) 30","Undergraduate student (BSc not yet finished)","Computer science","less than or equal 1 year","8",7,3,1,1,2,2,"True",1327,9,,1346.0,1673.0,327.0,365.0,2654.0,"OK"
"between 25 and (excluding) 30","Undergraduate student (BSc not yet finished)","Computer science","less than or equal 1 year","8",1,3,1,1,1,1,"True",1010,9,,1010.0,1768.0,758.0,-1264.0,4042.0,"OK"
"between 25 and (excluding) 30","Undergraduate student (BSc not yet finished)","Computer science","less than or equal 1 year","10",7,3,1,1,7,7,"True",1463,9,,1151.0,1463.0,312.0,215.0,2399.0,"OK"
"between 25 and (excluding) 30","Undergraduate student (BSc not yet finished)","Computer science","less than or equal 1 year","Dynamic",3,1,1,1,7,7,"True",1833,9,,1442.0,1733.0,291.0,569.0,2606.0,"OK"
"between 25 and (excluding) 30","Undergraduate student (BSc not yet finished)","Computer science","less than or equal 1 year","2",7,3,1,1,7,7,"True",2244,9,,1711.0,2244.0,533.0,112.0,3843.0,"OK"
"between 25 and (excluding) 30","Undergraduate student (BSc not yet finished)","Computer science","less than or equal 1 year","4",2,2,1,1,2,2,"True",3056,9,,1759.0,3159.0,1400.0,-2441.0,7359.0,"OK"
"between 25 and (excluding) 30","Undergraduate student (BSc not yet finished)","Computer science","less than or equal 1 year","8",3,1,1,1,4,4,"True",2841,9,,1900.0,2841.0,941.0,-923.0,5664.0,"OK"
"between 25 and (excluding) 30","Undergraduate student (BSc not yet finished)","Computer science","less than or equal 1 year","8",5,1,1,1,2,2,"True",2490,9,,1605.0,2490.0,885.0,-1050.0,5145.0,"OK"
"between 25 and (excluding) 30","Undergraduate student (BSc not yet finished)","Computer science","less than or equal 1 year","Dynamic",1,3,1,1,7,7,"True",1320,9,,1245.0,1462.0,217.0,594.0,2113.0,"OK"
"between 25 and (excluding) 30","Undergraduate student (BSc not yet finished)","Computer science","less than or equal 1 year","6",5,1,1,1,5,5,"True",4236,9,,1743.0,2053.0,310.0,813.0,2983.0,"Outlier"
"between 25 and (excluding) 30","Undergraduate student (BSc not yet finished)","Computer science","less than or equal 1 year","Dynamic",7,3,1,1,5,5,"True",2821,9,,983.0,1759.0,776.0,-1345.0,4087.0,"OK"
"between 25 and (excluding) 30","Undergraduate student (BSc not yet finished)","Computer science","less than or equal 1 year","4",7,3,1,1,7,7,"True",1242,9,,1242.0,1587.0,345.0,207.0,2622.0,"OK"
"between 25 and (excluding) 30","Undergraduate student (BSc not yet finished)","Computer science","less than or equal 1 year","2",7,3,1,1,7,7,"True",1757,9,,1711.0,2244.0,533.0,112.0,3843.0,"OK"
"between 25 and (excluding) 30","Undergraduate student (BSc not yet finished)","Computer science","less than or equal 1 year","6",3,1,1,1,1,1,"True",2030,9,,2030.0,2696.0,666.0,32.0,4694.0,"OK"
"between 25 and (excluding) 30","Undergraduate student (BSc not yet finished)","Computer science","less than or equal 1 year","4",3,1,1,1,7,7,"True",3779,9,,2005.0,3265.0,1260.0,-1775.0,7045.0,"OK"
"between 25 and (excluding) 30","Undergraduate student (BSc not yet finished)","Computer science","less than or equal 1 year","4",3,1,1,1,3,3,"True",2005,9,,2005.0,3265.0,1260.0,-1775.0,7045.0,"OK"
"between 25 and (excluding) 30","Undergraduate student (BSc not yet finished)","Computer science","less than or equal 1 year","8",2,2,1,1,5,5,"True",1705,9,,1552.0,1705.0,153.0,1093.0,2164.0,"OK"
"between 25 and (excluding) 30","Undergraduate student (BSc not yet finished)","Computer science","less than or equal 1 year","Dynamic",2,2,1,1,7,7,"True",1294,9,,1294.0,1592.0,298.0,400.0,2486.0,"OK"
"between 25 and (excluding) 30","Undergraduate student (BSc not yet finished)","Computer science","less than or equal 1 year","4",2,2,1,1,1,1,"True",3682,9,,1759.0,3159.0,1400.0,-2441.0,7359.0,"OK"
"between 25 and (excluding) 30","Undergraduate student (BSc not yet finished)","Computer science","less than or equal 1 year","10",1,3,1,1,7,7,"True",1498,9,,1498.0,1827.0,329.0,511.0,2814.0,"OK"
"between 25 and (excluding) 30","Undergraduate student (BSc not yet finished)","Computer science","less than or equal 1 year","Dynamic",6,2,1,1,7,7,"True",1547,9,,1359.0,1529.0,170.0,849.0,2039.0,"OK"
"between 25 and (excluding) 30","Undergraduate student (BSc not yet finished)","Computer science","less than or equal 1 year","8",4,0,1,1,1,1,"True",3245,9,,1770.0,2102.0,332.0,774.0,3098.0,"Outlier"
"between 25 and (excluding) 30","Undergraduate student (BSc not yet finished)","Computer science","less than or equal 1 year","8",4,0,1,1,3,3,"True",2102,9,,1770.0,2102.0,332.0,774.0,3098.0,"OK"
"between 25 and (excluding) 30","Undergraduate student (BSc not yet finished)","Computer science","less than or equal 1 year","10",3,1,1,1,5,5,"True",1960,9,,1752.0,1960.0,208.0,1128.0,2584.0,"OK"
"between 25 and (excluding) 30","Undergraduate student (BSc not yet finished)","Computer science","less than or equal 1 year","Dynamic",4,0,1,1,3,3,"True",1959,9,,1455.0,1742.0,287.0,594.0,2603.0,"OK"
"between 25 and (excluding) 30","Undergraduate student (BSc not yet finished)","Computer science","less than or equal 1 year","2",7,3,1,1,6,6,"True",3240,9,,1711.0,2244.0,533.0,112.0,3843.0,"OK"
"between 25 and (excluding) 30","Undergraduate student (BSc not yet finished)","Computer science","less than or equal 1 year","8",7,3,1,1,1,1,"True",1677,9,,1346.0,1673.0,327.0,365.0,2654.0,"OK"
"between 25 and (excluding) 30","Undergraduate student (BSc not yet finished)","Computer science","less than or equal 1 year","2",4,0,1,1,5,5,"True",4420,9,,6402.0,17677.0,11275.0,-27423.0,51502.0,"OK"
"between 25 and (excluding) 30","Undergraduate student (BSc not yet finished)","Computer science","less than or equal 1 year","Dynamic",5,1,1,1,3,3,"True",1355,9,,1355.0,1533.0,178.0,821.0,2067.0,"OK"
"between 25 and (excluding) 30","Undergraduate student (BSc not yet finished)","Computer science","less than or equal 1 year","Dynamic",7,3,1,1,3,3,"True",1260,9,,983.0,1759.0,776.0,-1345.0,4087.0,"OK"
"between 25 and (excluding) 30","Undergraduate student (BSc not yet finished)","Computer science","less than or equal 1 year","Dynamic",7,3,1,1,1,1,"True",947,9,,983.0,1759.0,776.0,-1345.0,4087.0,"OK"
"between 25 and (excluding) 30","Undergraduate student (BSc not yet finished)","Computer science","less than or equal 1 year","Dynamic",7,3,1,1,2,2,"True",983,9,,983.0,1759.0,776.0,-1345.0,4087.0,"OK"
"between 25 and (excluding) 30","Undergraduate student (BSc not yet finished)","Computer science","less than or equal 1 year","6",3,1,0,1,5,4,"False",2696,9,,2030.0,2696.0,666.0,32.0,4694.0,"OK"
"between 25 and (excluding) 30","Undergraduate student (BSc not yet finished)","Computer science","less than or equal 1 year","10",7,3,1,1,6,6,"True",1726,9,,1151.0,1463.0,312.0,215.0,2399.0,"OK"
"between 25 and (excluding) 30","Undergraduate student (BSc not yet finished)","Computer science","less than or equal 1 year","4",1,3,1,1,6,6,"True",2345,9,,1505.0,2345.0,840.0,-1015.0,4865.0,"OK"
"between 25 and (excluding) 30","Undergraduate student (BSc not yet finished)","Computer science","less than or equal 1 year","6",2,2,1,1,1,1,"True",1456,9,,1704.0,2213.0,509.0,177.0,3740.0,"OK"
"between 25 and (excluding) 30","Undergraduate student (BSc not yet finished)","Computer science","less than or equal 1 year","6",6,2,1,1,5,5,"True",1728,9,,1464.0,1728.0,264.0,672.0,2520.0,"OK"
"between 25 and (excluding) 30","Undergraduate student (BSc not yet finished)","Computer science","less than or equal 1 year","4",2,2,1,1,3,3,"True",1759,9,,1759.0,3159.0,1400.0,-2441.0,7359.0,"OK"
"between 25 and (excluding) 30","Undergraduate student (BSc not yet finished)","Computer science","less than or equal 1 year","10",5,1,1,1,4,4,"True",1605,9,,1548.0,1743.0,195.0,963.0,2328.0,"OK"
"between 25 and (excluding) 30","Undergraduate student (BSc not yet finished)","Computer science","less than or equal 1 year","8",4,0,1,1,5,5,"True",1770,9,,1770.0,2102.0,332.0,774.0,3098.0,"OK"
"between 25 and (excluding) 30","Undergraduate student (BSc not yet finished)","Computer science","less than or equal 1 year","10",3,1,1,1,4,4,"True",1752,9,,1752.0,1960.0,208.0,1128.0,2584.0,"OK"
"between 25 and (excluding) 30","Undergraduate student (BSc not yet finished)","Computer science","less than or equal 1 year","10",2,2,1,1,7,7,"True",1374,9,,1374.0,1976.0,602.0,-432.0,3782.0,"OK"
"between 25 and (excluding) 30","Undergraduate student (BSc not yet finished)","Computer science","less than or equal 1 year","8",2,2,1,1,1,1,"True",1632,9,,1552.0,1705.0,153.0,1093.0,2164.0,"OK"
"between 25 and (excluding) 30","Undergraduate student (BSc not yet finished)","Computer science","less than or equal 1 year","Dynamic",7,3,1,1,7,7,"True",1759,9,,983.0,1759.0,776.0,-1345.0,4087.0,"OK"
"between 25 and (excluding) 30","Undergraduate student (BSc not yet finished)","Computer science","less than or equal 1 year","6",7,3,1,1,1,1,"True",1286,9,,1286.0,1604.0,318.0,332.0,2558.0,"OK"
"between 25 and (excluding) 30","Undergraduate student (BSc not yet finished)","Computer science","less than or equal 1 year","2",7,3,1,1,3,3,"True",1541,9,,1711.0,2244.0,533.0,112.0,3843.0,"OK"
"between 25 and (excluding) 30","Undergraduate student (BSc not yet finished)","Computer science","less than or equal 1 year","Dynamic",4,0,1,1,5,5,"True",1742,9,,1455.0,1742.0,287.0,594.0,2603.0,"OK"
"between 25 and (excluding) 30","Undergraduate student (BSc not yet finished)","Computer science","less than or equal 1 year","Dynamic",5,1,1,1,1,1,"True",1533,9,,1355.0,1533.0,178.0,821.0,2067.0,"OK"
"between 25 and (excluding) 30","Undergraduate student (BSc not yet finished)","Computer science","less than or equal 1 year","Dynamic",3,1,1,1,2,2,"True",1174,9,,1442.0,1733.0,291.0,569.0,2606.0,"OK"
"between 25 and (excluding) 30","Undergraduate student (BSc not yet finished)","Computer science","less than or equal 1 year","2",2,2,1,1,5,5,"True",1822,9,,1800.0,1937.0,137.0,1389.0,2348.0,"OK"
"between 25 and (excluding) 30","Undergraduate student (BSc not yet finished)","Computer science","less than or equal 1 year","6",1,3,1,1,2,2,"True",1653,9,,1422.0,1662.0,240.0,702.0,2382.0,"OK"
"between 25 and (excluding) 30","Undergraduate student (BSc not yet finished)","Computer science","less than or equal 1 year","Dynamic",1,3,1,1,1,1,"True",1477,9,,1245.0,1462.0,217.0,594.0,2113.0,"OK"
"between 25 and (excluding) 30","Undergraduate student (BSc not yet finished)","Computer science","less than or equal 1 year","Dynamic",3,1,1,1,4,4,"True",1733,9,,1442.0,1733.0,291.0,569.0,2606.0,"OK"
"between 25 and (excluding) 30","Undergraduate student (BSc not yet finished)","Computer science","less than or equal 1 year","10",4,0,1,1,2,2,"True",2230,9,,1497.0,1971.0,474.0,75.0,3393.0,"OK"
"between 25 and (excluding) 30","Undergraduate student (BSc not yet finished)","Computer science","less than or equal 1 year","Dynamic",4,0,1,1,3,3,"True",1558,9,,1455.0,1742.0,287.0,594.0,2603.0,"OK"
"between 25 and (excluding) 30","Undergraduate student (BSc not yet finished)","Computer science","less than or equal 1 year","2",1,3,1,1,2,2,"True",2282,9,,1797.0,2282.0,485.0,342.0,3737.0,"OK"
"between 25 and (excluding) 30","Undergraduate student (BSc not yet finished)","Computer science","less than or equal 1 year","6",4,0,1,1,2,2,"True",2438,9,,1656.0,1899.0,243.0,927.0,2628.0,"OK"
"between 25 and (excluding) 30","Undergraduate student (BSc not yet finished)","Computer science","less than or equal 1 year","8",6,2,1,1,7,7,"True",1783,9,,1783.0,1814.0,31.0,1690.0,1907.0,"OK"
"between 25 and (excluding) 30","Undergraduate student (BSc not yet finished)","Computer science","less than or equal 1 year","2",5,1,1,1,4,4,"True",4512,9,,4512.0,6746.0,2234.0,-2190.0,13448.0,"OK"
"between 25 and (excluding) 30","Undergraduate student (BSc not yet finished)","Computer science","less than or equal 1 year","6",6,2,1,1,2,2,"True",1464,9,,1464.0,1728.0,264.0,672.0,2520.0,"OK"
"between 25 and (excluding) 30","Undergraduate student (BSc not yet finished)","Computer science","less than or equal 1 year","8",2,2,1,1,2,2,"True",1057,9,,1552.0,1705.0,153.0,1093.0,2164.0,"Outlier"
"between 25 and (excluding) 30","Undergraduate student (BSc not yet finished)","Computer science","less than or equal 1 year","8",7,3,0,1,4,3,"False",1520,9,,1346.0,1673.0,327.0,365.0,2654.0,"OK"
"between 25 and (excluding) 30","Undergraduate student (BSc not yet finished)","Computer science","less than or equal 1 year","Dynamic",6,2,1,1,5,5,"True",1484,9,,1359.0,1529.0,170.0,849.0,2039.0,"OK"
"between 25 and (excluding) 30","Undergraduate student (BSc not yet finished)","Computer science","less than or equal 1 year","4",4,0,1,1,7,7,"True",7967,9,,4813.0,7254.0,2441.0,-2510.0,14577.0,"OK"
"between 25 and (excluding) 30","Undergraduate student (BSc not yet finished)","Computer science","less than or equal 1 year","4",2,2,1,1,2,2,"True",1748,9,,1759.0,3159.0,1400.0,-2441.0,7359.0,"OK"
"between 25 and (excluding) 30","Undergraduate student (BSc not yet finished)","Computer science","less than or equal 1 year","4",5,1,1,1,1,1,"True",3549,9,,3428.0,4060.0,632.0,1532.0,5956.0,"OK"
"between 25 and (excluding) 30","Undergraduate student (BSc not yet finished)","Computer science","less than or equal 1 year","8",1,3,1,1,6,6,"True",2119,9,,1010.0,1768.0,758.0,-1264.0,4042.0,"OK"
"between 25 and (excluding) 30","Undergraduate student (BSc not yet finished)","Computer science","less than or equal 1 year","10",6,2,1,1,7,7,"True",1662,9,,1596.0,1683.0,87.0,1335.0,1944.0,"OK"
"between 25 and (excluding) 30","Undergraduate student (BSc not yet finished)","Computer science","less than or equal 1 year","10",2,2,1,1,4,4,"True",1886,9,,1374.0,1976.0,602.0,-432.0,3782.0,"OK"
"between 25 and (excluding) 30","Undergraduate student (BSc not yet finished)","Computer science","less than or equal 1 year","2",3,1,1,1,2,2,"True",2297,9,,2297.0,4288.0,1991.0,-3676.0,10261.0,"OK"
"between 25 and (excluding) 30","Undergraduate student (BSc not yet finished)","Computer science","less than or equal 1 year","8",1,3,1,1,4,4,"True",1455,9,,1010.0,1768.0,758.0,-1264.0,4042.0,"OK"
"between 25 and (excluding) 30","Undergraduate student (BSc not yet finished)","Computer science","less than or equal 1 year","2",3,1,0,1,7,6,"False",2766,9,,2297.0,4288.0,1991.0,-3676.0,10261.0,"OK"
"between 25 and (excluding) 30","Undergraduate student (BSc not yet finished)","Computer science","less than or equal 1 year","6",3,1,1,1,4,4,"True",2278,9,,2030.0,2696.0,666.0,32.0,4694.0,"OK"
"between 25 and (excluding) 30","Undergraduate student (BSc not yet finished)","Computer science","less than or equal 1 year","6",1,3,1,1,6,6,"True",1410,9,,1422.0,1662.0,240.0,702.0,2382.0,"OK"
"between 25 and (excluding) 30","Undergraduate student (BSc not yet finished)","Computer science","less than or equal 1 year","6",2,2,1,1,5,5,"True",1704,9,,1704.0,2213.0,509.0,177.0,3740.0,"OK"
"between 25 and (excluding) 30","Undergraduate student (BSc not yet finished)","Computer science","less than or equal 1 year","Dynamic",3,1,1,1,3,3,"True",1708,9,,1442.0,1733.0,291.0,569.0,2606.0,"OK"
"between 25 and (excluding) 30","Undergraduate student (BSc not yet finished)","Computer science","less than or equal 1 year","4",1,3,1,1,3,3,"True",2460,9,,1505.0,2345.0,840.0,-1015.0,4865.0,"OK"
"between 25 and (excluding) 30","Undergraduate student (BSc not yet finished)","Computer science","less than or equal 1 year","6",3,1,1,1,4,4,"True",3494,9,,2030.0,2696.0,666.0,32.0,4694.0,"OK"
"between 25 and (excluding) 30","Undergraduate student (BSc not yet finished)","Computer science","less than or equal 1 year","Dynamic",1,3,1,1,7,7,"True",1244,9,,1245.0,1462.0,217.0,594.0,2113.0,"OK"
"between 25 and (excluding) 30","Undergraduate student (BSc not yet finished)","Computer science","less than or equal 1 year","6",3,1,1,1,3,3,"True",1946,9,,2030.0,2696.0,666.0,32.0,4694.0,"OK"
"between 25 and (excluding) 30","Undergraduate student (BSc not yet finished)","Computer science","less than or equal 1 year","6",7,3,1,1,3,3,"True",1184,9,,1286.0,1604.0,318.0,332.0,2558.0,"OK"
"between 25 and (excluding) 30","Undergraduate student (BSc not yet finished)","Computer science","less than or equal 1 year","8",3,1,1,1,1,1,"True",1604,9,,1900.0,2841.0,941.0,-923.0,5664.0,"OK"
"between 25 and (excluding) 30","Undergraduate student (BSc not yet finished)","Computer science","less than or equal 1 year","4",2,2,1,1,4,4,"True",3159,9,,1759.0,3159.0,1400.0,-2441.0,7359.0,"OK"
"between 25 and (excluding) 30","Undergraduate student (BSc not yet finished)","Computer science","less than or equal 1 year","8",6,2,1,1,3,3,"True",1783,9,,1783.0,1814.0,31.0,1690.0,1907.0,"OK"
"between 25 and (excluding) 30","Undergraduate student (BSc not yet finished)","Computer science","less than or equal 1 year","4",7,3,1,1,6,6,"True",1707,9,,1242.0,1587.0,345.0,207.0,2622.0,"OK"
"between 25 and (excluding) 30","Undergraduate student (BSc not yet finished)","Computer science","less than or equal 1 year","Dynamic",5,1,1,1,1,1,"True",1541,9,,1355.0,1533.0,178.0,821.0,2067.0,"OK"
"between 25 and (excluding) 30","Undergraduate student (BSc not yet finished)","Computer science","less than or equal 1 year","6",5,1,1,1,4,4,"True",1743,9,,1743.0,2053.0,310.0,813.0,2983.0,"OK"
"between 25 and (excluding) 30","Undergraduate student (BSc not yet finished)","Computer science","less than or equal 1 year","8",2,2,1,1,5,5,"True",1552,9,,1552.0,1705.0,153.0,1093.0,2164.0,"OK"
"between 25 and (excluding) 30","Undergraduate student (BSc not yet finished)","Computer science","less than or equal 1 year","6",4,0,1,1,4,4,"True",1899,9,,1656.0,1899.0,243.0,927.0,2628.0,"OK"
"between 25 and (excluding) 30","Other","something else in natural sciences","none","4",4,0,1,1,1,1,"True",17369,10,,2081.0,4356.0,2275.0,-4744.0,11181.0,"Outlier"
"between 25 and (excluding) 30","Other","something else in natural sciences","none","4",7,3,1,1,3,3,"True",7839,10,,1475.0,1874.0,399.0,278.0,3071.0,"Outlier"
"between 25 and (excluding) 30","Other","something else in natural sciences","none","2",7,3,1,1,2,2,"True",1576,10,,1576.0,1730.0,154.0,1114.0,2192.0,"OK"
"between 25 and (excluding) 30","Other","something else in natural sciences","none","2",4,0,0,1,2,7,"False",9230,10,,4263.0,6574.0,2311.0,-2670.0,13507.0,"OK"
"between 25 and (excluding) 30","Other","something else in natural sciences","none","8",4,0,1,1,5,5,"True",15227,10,,1297.0,1638.0,341.0,274.0,2661.0,"Outlier"
"between 25 and (excluding) 30","Other","something else in natural sciences","none","10",1,3,1,1,3,3,"True",11032,10,,1361.0,8459.0,7098.0,-19933.0,29753.0,"OK"
"between 25 and (excluding) 30","Other","something else in natural sciences","none","8",5,1,1,1,3,3,"True",5521,10,,1885.0,5521.0,3636.0,-9023.0,16429.0,"OK"
"between 25 and (excluding) 30","Other","something else in natural sciences","none","4",5,1,1,1,1,1,"True",4619,10,,2586.0,3277.0,691.0,513.0,5350.0,"OK"
"between 25 and (excluding) 30","Other","something else in natural sciences","none","10",1,3,1,1,7,7,"True",8459,10,,1361.0,8459.0,7098.0,-19933.0,29753.0,"OK"
"between 25 and (excluding) 30","Other","something else in natural sciences","none","2",2,2,1,1,5,5,"True",10051,10,,2164.0,2812.0,648.0,220.0,4756.0,"Outlier"
"between 25 and (excluding) 30","Other","something else in natural sciences","none","4",6,2,1,1,5,5,"True",3201,10,,2133.0,3201.0,1068.0,-1071.0,6405.0,"OK"
"between 25 and (excluding) 30","Other","something else in natural sciences","none","2",6,2,1,1,6,6,"True",3163,10,,3163.0,4772.0,1609.0,-1664.0,9599.0,"OK"
"between 25 and (excluding) 30","Other","something else in natural sciences","none","6",5,1,1,1,3,3,"True",3253,10,,1707.0,2342.0,635.0,-198.0,4247.0,"OK"
"between 25 and (excluding) 30","Other","something else in natural sciences","none","10",2,2,1,1,6,6,"True",2833,10,,1672.0,1749.0,77.0,1441.0,1980.0,"Outlier"
"between 25 and (excluding) 30","Other","something else in natural sciences","none","Dynamic",2,2,1,1,7,7,"True",1473,10,,1287.0,1585.0,298.0,393.0,2479.0,"OK"
"between 25 and (excluding) 30","Other","something else in natural sciences","none","2",6,2,1,1,6,6,"True",4772,10,,3163.0,4772.0,1609.0,-1664.0,9599.0,"OK"
"between 25 and (excluding) 30","Other","something else in natural sciences","none","4",4,0,1,1,6,6,"True",2329,10,,2081.0,4356.0,2275.0,-4744.0,11181.0,"OK"
"between 25 and (excluding) 30","Other","something else in natural sciences","none","2",5,1,1,1,2,2,"True",8625,10,,4750.0,5359.0,609.0,2923.0,7186.0,"Outlier"
"between 25 and (excluding) 30","Other","something else in natural sciences","none","2",4,0,0,1,7,5,"False",4899,10,,4263.0,6574.0,2311.0,-2670.0,13507.0,"OK"
"between 25 and (excluding) 30","Other","something else in natural sciences","none","6",7,3,1,1,7,7,"True",3716,10,,1553.0,3670.0,2117.0,-4798.0,10021.0,"OK"
"between 25 and (excluding) 30","Other","something else in natural sciences","none","6",6,2,1,1,2,2,"True",2503,10,,2016.0,2503.0,487.0,555.0,3964.0,"OK"
"between 25 and (excluding) 30","Other","something else in natural sciences","none","10",4,0,1,1,1,1,"True",4614,10,,1624.0,2326.0,702.0,-482.0,4432.0,"Outlier"
"between 25 and (excluding) 30","Other","something else in natural sciences","none","10",1,3,1,1,4,4,"True",3308,10,,1361.0,8459.0,7098.0,-19933.0,29753.0,"OK"
"between 25 and (excluding) 30","Other","something else in natural sciences","none","2",4,0,1,1,1,1,"True",6574,10,,4263.0,6574.0,2311.0,-2670.0,13507.0,"OK"
"between 25 and (excluding) 30","Other","something else in natural sciences","none","6",4,0,1,1,3,3,"True",4177,10,,1969.0,2357.0,388.0,805.0,3521.0,"Outlier"
"between 25 and (excluding) 30","Other","something else in natural sciences","none","4",4,0,1,1,2,2,"True",4356,10,,2081.0,4356.0,2275.0,-4744.0,11181.0,"OK"
"between 25 and (excluding) 30","Other","something else in natural sciences","none","6",6,2,1,1,6,6,"True",2448,10,,2016.0,2503.0,487.0,555.0,3964.0,"OK"
"between 25 and (excluding) 30","Other","something else in natural sciences","none","Dynamic",1,3,1,1,1,1,"True",1713,10,,1484.0,1713.0,229.0,797.0,2400.0,"OK"
"between 25 and (excluding) 30","Other","something else in natural sciences","none","4",6,2,1,1,1,1,"True",5621,10,,2133.0,3201.0,1068.0,-1071.0,6405.0,"OK"
"between 25 and (excluding) 30","Other","something else in natural sciences","none","10",3,1,1,1,6,6,"True",2053,10,,1220.0,2053.0,833.0,-1279.0,4552.0,"OK"
"between 25 and (excluding) 30","Other","something else in natural sciences","none","8",5,1,1,1,3,3,"True",1885,10,,1885.0,5521.0,3636.0,-9023.0,16429.0,"OK"
"between 25 and (excluding) 30","Other","something else in natural sciences","none","8",1,3,1,1,2,2,"True",1479,10,,1389.0,1479.0,90.0,1119.0,1749.0,"OK"
"between 25 and (excluding) 30","Other","something else in natural sciences","none","10",5,1,1,1,7,7,"True",2309,10,,2309.0,2914.0,605.0,494.0,4729.0,"OK"
"between 25 and (excluding) 30","Other","something else in natural sciences","none","Dynamic",6,2,1,1,5,5,"True",2023,10,,1429.0,1652.0,223.0,760.0,2321.0,"OK"
"between 25 and (excluding) 30","Other","something else in natural sciences","none","6",4,0,1,1,1,1,"True",2334,10,,1969.0,2357.0,388.0,805.0,3521.0,"OK"
"between 25 and (excluding) 30","Other","something else in natural sciences","none","10",5,1,1,1,4,4,"True",5042,10,,2309.0,2914.0,605.0,494.0,4729.0,"Outlier"
"between 25 and (excluding) 30","Other","something else in natural sciences","none","2",4,0,1,1,1,1,"True",4263,10,,4263.0,6574.0,2311.0,-2670.0,13507.0,"OK"
"between 25 and (excluding) 30","Other","something else in natural sciences","none","10",5,1,1,1,6,6,"True",2914,10,,2309.0,2914.0,605.0,494.0,4729.0,"OK"
"between 25 and (excluding) 30","Other","something else in natural sciences","none","Dynamic",1,3,1,1,5,5,"True",1362,10,,1484.0,1713.0,229.0,797.0,2400.0,"OK"
"between 25 and (excluding) 30","Other","something else in natural sciences","none","2",6,2,1,1,5,5,"True",10786,10,,3163.0,4772.0,1609.0,-1664.0,9599.0,"Outlier"
"between 25 and (excluding) 30","Other","something else in natural sciences","none","2",6,2,1,1,4,4,"True",4669,10,,3163.0,4772.0,1609.0,-1664.0,9599.0,"OK"
"between 25 and (excluding) 30","Other","something else in natural sciences","none","6",2,2,1,1,6,6,"True",2789,10,,1812.0,2700.0,888.0,-852.0,5364.0,"OK"
"between 25 and (excluding) 30","Other","something else in natural sciences","none","Dynamic",4,0,1,1,2,2,"True",2242,10,,1352.0,1847.0,495.0,-133.0,3332.0,"OK"
"between 25 and (excluding) 30","Other","something else in natural sciences","none","2",1,3,0,1,5,1,"False",1279,10,,1449.0,2036.0,587.0,-312.0,3797.0,"OK"
"between 25 and (excluding) 30","Other","something else in natural sciences","none","6",7,3,1,1,6,6,"True",3670,10,,1553.0,3670.0,2117.0,-4798.0,10021.0,"OK"
"between 25 and (excluding) 30","Other","something else in natural sciences","none","10",1,3,1,1,5,5,"True",1273,10,,1361.0,8459.0,7098.0,-19933.0,29753.0,"OK"
"between 25 and (excluding) 30","Other","something else in natural sciences","none","4",3,1,1,1,5,5,"True",3875,10,,2259.0,3875.0,1616.0,-2589.0,8723.0,"OK"
"between 25 and (excluding) 30","Other","something else in natural sciences","none","6",1,3,1,1,3,3,"True",1613,10,,1466.0,1624.0,158.0,992.0,2098.0,"OK"
"between 25 and (excluding) 30","Other","something else in natural sciences","none","8",5,1,1,1,2,2,"True",7125,10,,1885.0,5521.0,3636.0,-9023.0,16429.0,"OK"
"between 25 and (excluding) 30","Other","something else in natural sciences","none","6",2,2,1,1,7,7,"True",1566,10,,1812.0,2700.0,888.0,-852.0,5364.0,"OK"
"between 25 and (excluding) 30","Other","something else in natural sciences","none","8",3,1,1,1,2,2,"True",2317,10,,1712.0,2079.0,367.0,611.0,3180.0,"OK"
"between 25 and (excluding) 30","Other","something else in natural sciences","none","8",4,0,1,1,2,2,"True",1222,10,,1297.0,1638.0,341.0,274.0,2661.0,"OK"
"between 25 and (excluding) 30","Other","something else in natural sciences","none","8",1,3,1,1,1,1,"True",1389,10,,1389.0,1479.0,90.0,1119.0,1749.0,"OK"
"between 25 and (excluding) 30","Other","something else in natural sciences","none","8",6,2,1,1,4,4,"True",1902,10,,1605.0,1902.0,297.0,714.0,2793.0,"OK"
"between 25 and (excluding) 30","Other","something else in natural sciences","none","8",7,3,1,1,3,3,"True",1552,10,,1258.0,1664.0,406.0,40.0,2882.0,"OK"
"between 25 and (excluding) 30","Other","something else in natural sciences","none","8",5,1,1,1,1,1,"True",1462,10,,1885.0,5521.0,3636.0,-9023.0,16429.0,"OK"
"between 25 and (excluding) 30","Other","something else in natural sciences","none","4",6,2,1,1,3,3,"True",2674,10,,2133.0,3201.0,1068.0,-1071.0,6405.0,"OK"
"between 25 and (excluding) 30","Other","something else in natural sciences","none","10",3,1,1,1,1,1,"True",2216,10,,1220.0,2053.0,833.0,-1279.0,4552.0,"OK"
"between 25 and (excluding) 30","Other","something else in natural sciences","none","10",6,2,1,1,1,1,"True",1821,10,,1543.0,2077.0,534.0,-59.0,3679.0,"OK"
"between 25 and (excluding) 30","Other","something else in natural sciences","none","10",7,3,1,1,1,1,"True",1310,10,,1520.0,1834.0,314.0,578.0,2776.0,"OK"
"between 25 and (excluding) 30","Other","something else in natural sciences","none","10",6,2,1,1,7,7,"True",1492,10,,1543.0,2077.0,534.0,-59.0,3679.0,"OK"
"between 25 and (excluding) 30","Other","something else in natural sciences","none","8",6,2,1,1,1,1,"True",1605,10,,1605.0,1902.0,297.0,714.0,2793.0,"OK"
"between 25 and (excluding) 30","Other","something else in natural sciences","none","2",1,3,1,1,2,2,"True",2838,10,,1449.0,2036.0,587.0,-312.0,3797.0,"OK"
"between 25 and (excluding) 30","Other","something else in natural sciences","none","4",4,0,1,1,7,7,"True",2081,10,,2081.0,4356.0,2275.0,-4744.0,11181.0,"OK"
"between 25 and (excluding) 30","Other","something else in natural sciences","none","2",1,3,1,1,6,6,"True",2036,10,,1449.0,2036.0,587.0,-312.0,3797.0,"OK"
"between 25 and (excluding) 30","Other","something else in natural sciences","none","8",3,1,1,1,3,3,"True",2079,10,,1712.0,2079.0,367.0,611.0,3180.0,"OK"
"between 25 and (excluding) 30","Other","something else in natural sciences","none","8",3,1,1,1,1,1,"True",1768,10,,1712.0,2079.0,367.0,611.0,3180.0,"OK"
"between 25 and (excluding) 30","Other","something else in natural sciences","none","10",7,3,1,1,4,4,"True",1834,10,,1520.0,1834.0,314.0,578.0,2776.0,"OK"
"between 25 and (excluding) 30","Other","something else in natural sciences","none","2",2,2,1,1,7,7,"True",2164,10,,2164.0,2812.0,648.0,220.0,4756.0,"OK"
"between 25 and (excluding) 30","Other","something else in natural sciences","none","2",3,1,1,1,3,3,"True",2012,10,,2959.0,3775.0,816.0,511.0,6223.0,"OK"
"between 25 and (excluding) 30","Other","something else in natural sciences","none","10",4,0,1,1,3,3,"True",1624,10,,1624.0,2326.0,702.0,-482.0,4432.0,"OK"
"between 25 and (excluding) 30","Other","something else in natural sciences","none","6",6,2,1,1,3,3,"True",2904,10,,2016.0,2503.0,487.0,555.0,3964.0,"OK"
"between 25 and (excluding) 30","Other","something else in natural sciences","none","8",6,2,1,1,5,5,"True",2393,10,,1605.0,1902.0,297.0,714.0,2793.0,"OK"
"between 25 and (excluding) 30","Other","something else in natural sciences","none","4",6,2,1,1,5,5,"True",2002,10,,2133.0,3201.0,1068.0,-1071.0,6405.0,"OK"
"between 25 and (excluding) 30","Other","something else in natural sciences","none","4",3,1,1,1,1,1,"True",4127,10,,2259.0,3875.0,1616.0,-2589.0,8723.0,"OK"
"between 25 and (excluding) 30","Other","something else in natural sciences","none","2",5,1,1,1,4,4,"True",4750,10,,4750.0,5359.0,609.0,2923.0,7186.0,"OK"
"between 25 and (excluding) 30","Other","something else in natural sciences","none","4",1,3,1,1,5,5,"True",1371,10,,1371.0,1540.0,169.0,864.0,2047.0,"OK"
"between 25 and (excluding) 30","Other","something else in natural sciences","none","4",1,3,1,1,6,6,"True",2517,10,,1371.0,1540.0,169.0,864.0,2047.0,"Outlier"
"between 25 and (excluding) 30","Other","something else in natural sciences","none","10",2,2,1,1,3,3,"True",1672,10,,1672.0,1749.0,77.0,1441.0,1980.0,"OK"
"between 25 and (excluding) 30","Other","something else in natural sciences","none","10",4,0,1,1,5,5,"True",1765,10,,1624.0,2326.0,702.0,-482.0,4432.0,"OK"
"between 25 and (excluding) 30","Other","something else in natural sciences","none","6",2,2,1,1,6,6,"True",2700,10,,1812.0,2700.0,888.0,-852.0,5364.0,"OK"
"between 25 and (excluding) 30","Other","something else in natural sciences","none","Dynamic",2,2,1,1,3,3,"True",2128,10,,1287.0,1585.0,298.0,393.0,2479.0,"OK"
"between 25 and (excluding) 30","Other","something else in natural sciences","none","4",5,1,1,1,4,4,"True",2885,10,,2586.0,3277.0,691.0,513.0,5350.0,"OK"
"between 25 and (excluding) 30","Other","something else in natural sciences","none","10",6,2,1,1,4,4,"True",2077,10,,1543.0,2077.0,534.0,-59.0,3679.0,"OK"
"between 25 and (excluding) 30","Other","something else in natural sciences","none","6",5,1,1,1,1,1,"True",1707,10,,1707.0,2342.0,635.0,-198.0,4247.0,"OK"
"between 25 and (excluding) 30","Other","something else in natural sciences","none","2",2,2,1,1,1,1,"True",1678,10,,2164.0,2812.0,648.0,220.0,4756.0,"OK"
"between 25 and (excluding) 30","Other","something else in natural sciences","none","2",1,3,1,1,5,5,"True",1523,10,,1449.0,2036.0,587.0,-312.0,3797.0,"OK"
"between 25 and (excluding) 30","Other","something else in natural sciences","none","6",5,1,1,1,6,6,"True",2342,10,,1707.0,2342.0,635.0,-198.0,4247.0,"OK"
"between 25 and (excluding) 30","Other","something else in natural sciences","none","10",4,0,1,1,1,1,"True",1563,10,,1624.0,2326.0,702.0,-482.0,4432.0,"OK"
"between 25 and (excluding) 30","Other","something else in natural sciences","none","4",7,3,1,1,1,1,"True",1558,10,,1475.0,1874.0,399.0,278.0,3071.0,"OK"
"between 25 and (excluding) 30","Other","something else in natural sciences","none","Dynamic",6,2,1,1,2,2,"True",1629,10,,1429.0,1652.0,223.0,760.0,2321.0,"OK"
"between 25 and (excluding) 30","Other","something else in natural sciences","none","2",6,2,1,1,2,2,"True",2009,10,,3163.0,4772.0,1609.0,-1664.0,9599.0,"OK"
"between 25 and (excluding) 30","Other","something else in natural sciences","none","Dynamic",5,1,1,1,2,2,"True",1883,10,,1321.0,1883.0,562.0,-365.0,3569.0,"OK"
"between 25 and (excluding) 30","Other","something else in natural sciences","none","10",5,1,1,1,3,3,"True",2743,10,,2309.0,2914.0,605.0,494.0,4729.0,"OK"
"between 25 and (excluding) 30","Other","something else in natural sciences","none","Dynamic",4,0,1,1,2,2,"True",1847,10,,1352.0,1847.0,495.0,-133.0,3332.0,"OK"
"between 25 and (excluding) 30","Other","something else in natural sciences","none","6",1,3,1,1,2,2,"True",1466,10,,1466.0,1624.0,158.0,992.0,2098.0,"OK"
"between 25 and (excluding) 30","Other","something else in natural sciences","none","6",7,3,1,1,5,5,"True",1799,10,,1553.0,3670.0,2117.0,-4798.0,10021.0,"OK"
"between 25 and (excluding) 30","Other","something else in natural sciences","none","10",7,3,1,1,4,4,"True",1775,10,,1520.0,1834.0,314.0,578.0,2776.0,"OK"
"between 25 and (excluding) 30","Other","something else in natural sciences","none","10",2,2,1,1,4,4,"True",1692,10,,1672.0,1749.0,77.0,1441.0,1980.0,"OK"
"between 25 and (excluding) 30","Other","something else in natural sciences","none","4",1,3,1,1,2,2,"True",1277,10,,1371.0,1540.0,169.0,864.0,2047.0,"OK"
"between 25 and (excluding) 30","Other","something else in natural sciences","none","2",3,1,1,1,2,2,"True",2959,10,,2959.0,3775.0,816.0,511.0,6223.0,"OK"
"between 25 and (excluding) 30","Other","something else in natural sciences","none","6",4,0,1,1,5,5,"True",2357,10,,1969.0,2357.0,388.0,805.0,3521.0,"OK"
"between 25 and (excluding) 30","Other","something else in natural sciences","none","4",6,2,1,1,2,2,"True",2133,10,,2133.0,3201.0,1068.0,-1071.0,6405.0,"OK"
"between 25 and (excluding) 30","Other","something else in natural sciences","none","10",3,1,1,1,1,1,"True",1220,10,,1220.0,2053.0,833.0,-1279.0,4552.0,"OK"
"between 25 and (excluding) 30","Other","something else in natural sciences","none","Dynamic",2,2,1,1,3,3,"True",1155,10,,1287.0,1585.0,298.0,393.0,2479.0,"OK"
"between 25 and (excluding) 30","Other","something else in natural sciences","none","2",5,1,1,1,7,7,"True",5359,10,,4750.0,5359.0,609.0,2923.0,7186.0,"OK"
"between 25 and (excluding) 30","Other","something else in natural sciences","none","Dynamic",2,2,1,1,3,3,"True",1585,10,,1287.0,1585.0,298.0,393.0,2479.0,"OK"
"between 25 and (excluding) 30","Other","something else in natural sciences","none","Dynamic",6,2,1,1,7,7,"True",1429,10,,1429.0,1652.0,223.0,760.0,2321.0,"OK"
"between 25 and (excluding) 30","Other","something else in natural sciences","none","2",3,1,0,1,4,3,"False",3775,10,,2959.0,3775.0,816.0,511.0,6223.0,"OK"
"between 25 and (excluding) 30","Other","something else in natural sciences","none","Dynamic",3,1,1,1,4,4,"True",2151,10,,1381.0,1601.0,220.0,721.0,2261.0,"OK"
"between 25 and (excluding) 30","Other","something else in natural sciences","none","4",7,3,1,1,5,5,"True",1874,10,,1475.0,1874.0,399.0,278.0,3071.0,"OK"
"between 25 and (excluding) 30","Other","something else in natural sciences","none","8",2,2,1,1,6,6,"True",1430,10,,1261.0,1682.0,421.0,-2.0,2945.0,"OK"
"between 25 and (excluding) 30","Other","something else in natural sciences","none","Dynamic",5,1,1,1,2,2,"True",1918,10,,1321.0,1883.0,562.0,-365.0,3569.0,"OK"
"between 25 and (excluding) 30","Other","something else in natural sciences","none","4",5,1,1,1,7,7,"True",3277,10,,2586.0,3277.0,691.0,513.0,5350.0,"OK"
"between 25 and (excluding) 30","Other","something else in natural sciences","none","10",6,2,1,1,2,2,"True",2141,10,,1543.0,2077.0,534.0,-59.0,3679.0,"OK"
"between 25 and (excluding) 30","Other","something else in natural sciences","none","4",3,1,1,1,5,5,"True",2800,10,,2259.0,3875.0,1616.0,-2589.0,8723.0,"OK"
"between 25 and (excluding) 30","Other","something else in natural sciences","none","6",1,3,1,1,4,4,"True",2143,10,,1466.0,1624.0,158.0,992.0,2098.0,"Outlier"
"between 25 and (excluding) 30","Other","something else in natural sciences","none","8",7,3,1,1,1,1,"True",1664,10,,1258.0,1664.0,406.0,40.0,2882.0,"OK"
"between 25 and (excluding) 30","Other","something else in natural sciences","none","2",5,1,1,1,5,5,"True",4279,10,,4750.0,5359.0,609.0,2923.0,7186.0,"OK"
"between 25 and (excluding) 30","Other","something else in natural sciences","none","4",5,1,1,1,3,3,"True",1905,10,,2586.0,3277.0,691.0,513.0,5350.0,"OK"
"between 25 and (excluding) 30","Other","something else in natural sciences","none","2",2,2,1,1,6,6,"True",2812,10,,2164.0,2812.0,648.0,220.0,4756.0,"OK"
"between 25 and (excluding) 30","Other","something else in natural sciences","none","8",7,3,1,1,2,2,"True",2666,10,,1258.0,1664.0,406.0,40.0,2882.0,"OK"
"between 25 and (excluding) 30","Other","something else in natural sciences","none","8",1,3,1,1,1,1,"True",1463,10,,1389.0,1479.0,90.0,1119.0,1749.0,"OK"
"between 25 and (excluding) 30","Other","something else in natural sciences","none","10",7,3,1,1,7,7,"True",2736,10,,1520.0,1834.0,314.0,578.0,2776.0,"OK"
"between 25 and (excluding) 30","Other","something else in natural sciences","none","Dynamic",3,1,1,1,7,7,"True",1601,10,,1381.0,1601.0,220.0,721.0,2261.0,"OK"
"between 25 and (excluding) 30","Other","something else in natural sciences","none","2",7,3,1,1,7,7,"True",1694,10,,1576.0,1730.0,154.0,1114.0,2192.0,"OK"
"between 25 and (excluding) 30","Other","something else in natural sciences","none","4",2,2,1,1,2,2,"True",1848,10,,1848.0,2296.0,448.0,504.0,3640.0,"OK"
"between 25 and (excluding) 30","Other","something else in natural sciences","none","8",3,1,1,1,4,4,"True",1712,10,,1712.0,2079.0,367.0,611.0,3180.0,"OK"
"between 25 and (excluding) 30","Other","something else in natural sciences","none","8",5,1,1,1,2,2,"True",2398,10,,1885.0,5521.0,3636.0,-9023.0,16429.0,"OK"
"between 25 and (excluding) 30","Other","something else in natural sciences","none","Dynamic",1,3,1,1,7,7,"True",1675,10,,1484.0,1713.0,229.0,797.0,2400.0,"OK"
"between 25 and (excluding) 30","Other","something else in natural sciences","none","6",5,1,1,1,5,5,"True",1603,10,,1707.0,2342.0,635.0,-198.0,4247.0,"OK"
"between 25 and (excluding) 30","Other","something else in natural sciences","none","Dynamic",7,3,1,1,5,5,"True",1355,10,,1251.0,1417.0,166.0,753.0,1915.0,"OK"
"between 25 and (excluding) 30","Other","something else in natural sciences","none","4",7,3,1,1,7,7,"True",1247,10,,1475.0,1874.0,399.0,278.0,3071.0,"OK"
"between 25 and (excluding) 30","Other","something else in natural sciences","none","2",7,3,1,1,7,7,"True",1078,10,,1576.0,1730.0,154.0,1114.0,2192.0,"Outlier"
"between 25 and (excluding) 30","Other","something else in natural sciences","none","6",3,1,1,1,1,1,"True",1725,10,,1527.0,2028.0,501.0,24.0,3531.0,"OK"
"between 25 and (excluding) 30","Other","something else in natural sciences","none","4",3,1,1,1,7,7,"True",2031,10,,2259.0,3875.0,1616.0,-2589.0,8723.0,"OK"
"between 25 and (excluding) 30","Other","something else in natural sciences","none","4",3,1,1,1,3,3,"True",2259,10,,2259.0,3875.0,1616.0,-2589.0,8723.0,"OK"
"between 25 and (excluding) 30","Other","something else in natural sciences","none","8",2,2,1,1,5,5,"True",2288,10,,1261.0,1682.0,421.0,-2.0,2945.0,"OK"
"between 25 and (excluding) 30","Other","something else in natural sciences","none","Dynamic",2,2,1,1,7,7,"True",1287,10,,1287.0,1585.0,298.0,393.0,2479.0,"OK"
"between 25 and (excluding) 30","Other","something else in natural sciences","none","4",2,2,1,1,1,1,"True",2509,10,,1848.0,2296.0,448.0,504.0,3640.0,"OK"
"between 25 and (excluding) 30","Other","something else in natural sciences","none","10",1,3,1,1,7,7,"True",1361,10,,1361.0,8459.0,7098.0,-19933.0,29753.0,"OK"
"between 25 and (excluding) 30","Other","something else in natural sciences","none","Dynamic",6,2,1,1,7,7,"True",1652,10,,1429.0,1652.0,223.0,760.0,2321.0,"OK"
"between 25 and (excluding) 30","Other","something else in natural sciences","none","8",4,0,1,1,1,1,"True",1340,10,,1297.0,1638.0,341.0,274.0,2661.0,"OK"
"between 25 and (excluding) 30","Other","something else in natural sciences","none","8",4,0,1,1,3,3,"True",1638,10,,1297.0,1638.0,341.0,274.0,2661.0,"OK"
"between 25 and (excluding) 30","Other","something else in natural sciences","none","10",3,1,1,1,5,5,"True",1164,10,,1220.0,2053.0,833.0,-1279.0,4552.0,"OK"
"between 25 and (excluding) 30","Other","something else in natural sciences","none","Dynamic",4,0,1,1,3,3,"True",1273,10,,1352.0,1847.0,495.0,-133.0,3332.0,"OK"
"between 25 and (excluding) 30","Other","something else in natural sciences","none","2",7,3,1,1,6,6,"True",1730,10,,1576.0,1730.0,154.0,1114.0,2192.0,"OK"
"between 25 and (excluding) 30","Other","something else in natural sciences","none","8",7,3,1,1,1,1,"True",1258,10,,1258.0,1664.0,406.0,40.0,2882.0,"OK"
"between 25 and (excluding) 30","Other","something else in natural sciences","none","2",4,0,1,1,5,5,"True",3981,10,,4263.0,6574.0,2311.0,-2670.0,13507.0,"OK"
"between 25 and (excluding) 30","Other","something else in natural sciences","none","Dynamic",5,1,1,1,3,3,"True",1356,10,,1321.0,1883.0,562.0,-365.0,3569.0,"OK"
"between 25 and (excluding) 30","Other","something else in natural sciences","none","Dynamic",7,3,1,1,3,3,"True",1251,10,,1251.0,1417.0,166.0,753.0,1915.0,"OK"
"between 25 and (excluding) 30","Other","something else in natural sciences","none","Dynamic",7,3,1,1,1,1,"True",1426,10,,1251.0,1417.0,166.0,753.0,1915.0,"OK"
"between 25 and (excluding) 30","Other","something else in natural sciences","none","Dynamic",7,3,1,1,2,2,"True",1143,10,,1251.0,1417.0,166.0,753.0,1915.0,"OK"
"between 25 and (excluding) 30","Other","something else in natural sciences","none","6",3,1,1,1,5,5,"True",2028,10,,1527.0,2028.0,501.0,24.0,3531.0,"OK"
"between 25 and (excluding) 30","Other","something else in natural sciences","none","10",7,3,1,1,6,6,"True",1520,10,,1520.0,1834.0,314.0,578.0,2776.0,"OK"
"between 25 and (excluding) 30","Other","something else in natural sciences","none","4",1,3,1,1,6,6,"True",1483,10,,1371.0,1540.0,169.0,864.0,2047.0,"OK"
"between 25 and (excluding) 30","Other","something else in natural sciences","none","6",2,2,1,1,1,1,"True",2080,10,,1812.0,2700.0,888.0,-852.0,5364.0,"OK"
"between 25 and (excluding) 30","Other","something else in natural sciences","none","6",6,2,1,1,5,5,"True",2016,10,,2016.0,2503.0,487.0,555.0,3964.0,"OK"
"between 25 and (excluding) 30","Other","something else in natural sciences","none","4",2,2,1,1,3,3,"True",1851,10,,1848.0,2296.0,448.0,504.0,3640.0,"OK"
"between 25 and (excluding) 30","Other","something else in natural sciences","none","10",5,1,1,1,4,4,"True",1744,10,,2309.0,2914.0,605.0,494.0,4729.0,"OK"
"between 25 and (excluding) 30","Other","something else in natural sciences","none","8",4,0,1,1,5,5,"True",1297,10,,1297.0,1638.0,341.0,274.0,2661.0,"OK"
"between 25 and (excluding) 30","Other","something else in natural sciences","none","10",3,1,1,1,4,4,"True",1663,10,,1220.0,2053.0,833.0,-1279.0,4552.0,"OK"
"between 25 and (excluding) 30","Other","something else in natural sciences","none","10",2,2,1,1,7,7,"True",1749,10,,1672.0,1749.0,77.0,1441.0,1980.0,"OK"
"between 25 and (excluding) 30","Other","something else in natural sciences","none","8",2,2,1,1,1,1,"True",1261,10,,1261.0,1682.0,421.0,-2.0,2945.0,"OK"
"between 25 and (excluding) 30","Other","something else in natural sciences","none","Dynamic",7,3,1,1,7,7,"True",1417,10,,1251.0,1417.0,166.0,753.0,1915.0,"OK"
"between 25 and (excluding) 30","Other","something else in natural sciences","none","6",7,3,1,1,1,1,"True",1553,10,,1553.0,3670.0,2117.0,-4798.0,10021.0,"OK"
"between 25 and (excluding) 30","Other","something else in natural sciences","none","2",7,3,1,1,3,3,"True",3013,10,,1576.0,1730.0,154.0,1114.0,2192.0,"Outlier"
"between 25 and (excluding) 30","Other","something else in natural sciences","none","Dynamic",4,0,1,1,5,5,"True",1527,10,,1352.0,1847.0,495.0,-133.0,3332.0,"OK"
"between 25 and (excluding) 30","Other","something else in natural sciences","none","Dynamic",5,1,1,1,1,1,"True",1301,10,,1321.0,1883.0,562.0,-365.0,3569.0,"OK"
"between 25 and (excluding) 30","Other","something else in natural sciences","none","Dynamic",3,1,1,1,2,2,"True",1564,10,,1381.0,1601.0,220.0,721.0,2261.0,"OK"
"between 25 and (excluding) 30","Other","something else in natural sciences","none","2",2,2,1,1,5,5,"True",2253,10,,2164.0,2812.0,648.0,220.0,4756.0,"OK"
"between 25 and (excluding) 30","Other","something else in natural sciences","none","6",1,3,1,1,2,2,"True",1433,10,,1466.0,1624.0,158.0,992.0,2098.0,"OK"
"between 25 and (excluding) 30","Other","something else in natural sciences","none","Dynamic",1,3,1,1,1,1,"True",2003,10,,1484.0,1713.0,229.0,797.0,2400.0,"OK"
"between 25 and (excluding) 30","Other","something else in natural sciences","none","Dynamic",3,1,0,1,4,5,"False",1304,10,,1381.0,1601.0,220.0,721.0,2261.0,"OK"
"between 25 and (excluding) 30","Other","something else in natural sciences","none","10",4,0,1,1,2,2,"True",2326,10,,1624.0,2326.0,702.0,-482.0,4432.0,"OK"
"between 25 and (excluding) 30","Other","something else in natural sciences","none","Dynamic",4,0,1,1,3,3,"True",1352,10,,1352.0,1847.0,495.0,-133.0,3332.0,"OK"
"between 25 and (excluding) 30","Other","something else in natural sciences","none","2",1,3,1,1,2,2,"True",1449,10,,1449.0,2036.0,587.0,-312.0,3797.0,"OK"
"between 25 and (excluding) 30","Other","something else in natural sciences","none","6",4,0,1,1,2,2,"True",1969,10,,1969.0,2357.0,388.0,805.0,3521.0,"OK"
"between 25 and (excluding) 30","Other","something else in natural sciences","none","8",6,2,1,1,7,7,"True",1291,10,,1605.0,1902.0,297.0,714.0,2793.0,"OK"
"between 25 and (excluding) 30","Other","something else in natural sciences","none","2",5,1,0,1,4,5,"False",5314,10,,4750.0,5359.0,609.0,2923.0,7186.0,"OK"
"between 25 and (excluding) 30","Other","something else in natural sciences","none","6",6,2,1,1,2,2,"True",1672,10,,2016.0,2503.0,487.0,555.0,3964.0,"OK"
"between 25 and (excluding) 30","Other","something else in natural sciences","none","8",2,2,1,1,2,2,"True",1044,10,,1261.0,1682.0,421.0,-2.0,2945.0,"OK"
"between 25 and (excluding) 30","Other","something else in natural sciences","none","8",7,3,1,1,4,4,"True",1182,10,,1258.0,1664.0,406.0,40.0,2882.0,"OK"
"between 25 and (excluding) 30","Other","something else in natural sciences","none","Dynamic",6,2,1,1,5,5,"True",1143,10,,1429.0,1652.0,223.0,760.0,2321.0,"OK"
"between 25 and (excluding) 30","Other","something else in natural sciences","none","4",4,0,1,1,7,7,"True",1995,10,,2081.0,4356.0,2275.0,-4744.0,11181.0,"OK"
"between 25 and (excluding) 30","Other","something else in natural sciences","none","4",2,2,1,1,2,2,"True",1669,10,,1848.0,2296.0,448.0,504.0,3640.0,"OK"
"between 25 and (excluding) 30","Other","something else in natural sciences","none","4",5,1,1,1,1,1,"True",2586,10,,2586.0,3277.0,691.0,513.0,5350.0,"OK"
"between 25 and (excluding) 30","Other","something else in natural sciences","none","8",1,3,1,1,6,6,"True",1514,10,,1389.0,1479.0,90.0,1119.0,1749.0,"OK"
"between 25 and (excluding) 30","Other","something else in natural sciences","none","10",6,2,1,1,7,7,"True",1543,10,,1543.0,2077.0,534.0,-59.0,3679.0,"OK"
"between 25 and (excluding) 30","Other","something else in natural sciences","none","10",2,2,1,1,4,4,"True",1609,10,,1672.0,1749.0,77.0,1441.0,1980.0,"OK"
"between 25 and (excluding) 30","Other","something else in natural sciences","none","2",3,1,1,1,2,2,"True",3570,10,,2959.0,3775.0,816.0,511.0,6223.0,"OK"
"between 25 and (excluding) 30","Other","something else in natural sciences","none","8",1,3,1,1,4,4,"True",1317,10,,1389.0,1479.0,90.0,1119.0,1749.0,"OK"
"between 25 and (excluding) 30","Other","something else in natural sciences","none","2",3,1,1,1,7,7,"True",3848,10,,2959.0,3775.0,816.0,511.0,6223.0,"OK"
"between 25 and (excluding) 30","Other","something else in natural sciences","none","6",3,1,1,1,4,4,"True",2369,10,,1527.0,2028.0,501.0,24.0,3531.0,"OK"
"between 25 and (excluding) 30","Other","something else in natural sciences","none","6",1,3,1,1,6,6,"True",1624,10,,1466.0,1624.0,158.0,992.0,2098.0,"OK"
"between 25 and (excluding) 30","Other","something else in natural sciences","none","6",2,2,1,1,5,5,"True",1812,10,,1812.0,2700.0,888.0,-852.0,5364.0,"OK"
"between 25 and (excluding) 30","Other","something else in natural sciences","none","Dynamic",3,1,1,1,3,3,"True",1381,10,,1381.0,1601.0,220.0,721.0,2261.0,"OK"
"between 25 and (excluding) 30","Other","something else in natural sciences","none","4",1,3,1,1,3,3,"True",1540,10,,1371.0,1540.0,169.0,864.0,2047.0,"OK"
"between 25 and (excluding) 30","Other","something else in natural sciences","none","6",3,1,1,1,4,4,"True",1527,10,,1527.0,2028.0,501.0,24.0,3531.0,"OK"
"between 25 and (excluding) 30","Other","something else in natural sciences","none","Dynamic",1,3,1,1,7,7,"True",1484,10,,1484.0,1713.0,229.0,797.0,2400.0,"OK"
"between 25 and (excluding) 30","Other","something else in natural sciences","none","6",3,1,1,1,3,3,"True",1521,10,,1527.0,2028.0,501.0,24.0,3531.0,"OK"
"between 25 and (excluding) 30","Other","something else in natural sciences","none","6",7,3,1,1,3,3,"True",1290,10,,1553.0,3670.0,2117.0,-4798.0,10021.0,"OK"
"between 25 and (excluding) 30","Other","something else in natural sciences","none","8",3,1,1,1,1,1,"True",1542,10,,1712.0,2079.0,367.0,611.0,3180.0,"OK"
"between 25 and (excluding) 30","Other","something else in natural sciences","none","4",2,2,0,1,4,3,"False",2296,10,,1848.0,2296.0,448.0,504.0,3640.0,"OK"
"between 25 and (excluding) 30","Other","something else in natural sciences","none","8",6,2,1,1,3,3,"True",1850,10,,1605.0,1902.0,297.0,714.0,2793.0,"OK"
"between 25 and (excluding) 30","Other","something else in natural sciences","none","4",7,3,1,1,6,6,"True",1475,10,,1475.0,1874.0,399.0,278.0,3071.0,"OK"
"between 25 and (excluding) 30","Other","something else in natural sciences","none","Dynamic",5,1,1,1,1,1,"True",1321,10,,1321.0,1883.0,562.0,-365.0,3569.0,"OK"
"between 25 and (excluding) 30","Other","something else in natural sciences","none","6",5,1,1,1,4,4,"True",2139,10,,1707.0,2342.0,635.0,-198.0,4247.0,"OK"
"between 25 and (excluding) 30","Other","something else in natural sciences","none","8",2,2,1,1,5,5,"True",1682,10,,1261.0,1682.0,421.0,-2.0,2945.0,"OK"
"between 25 and (excluding) 30","Other","something else in natural sciences","none","6",4,0,1,1,4,4,"True",1538,10,,1969.0,2357.0,388.0,805.0,3521.0,"OK"
"between 18 and (excluding) 25","Undergraduate student (BSc not yet finished)","computer science related (such as information systems, aka WiInf)","more than 1 year, but less than or equal 3 years","4",4,0,1,1,1,1,"True",4318,11,,3328.0,4318.0,990.0,358.0,7288.0,"OK"
"between 18 and (excluding) 25","Undergraduate student (BSc not yet finished)","computer science related (such as information systems, aka WiInf)","more than 1 year, but less than or equal 3 years","4",7,3,1,1,3,3,"True",1139,11,,1100.0,1139.0,39.0,983.0,1256.0,"OK"
"between 18 and (excluding) 25","Undergraduate student (BSc not yet finished)","computer science related (such as information systems, aka WiInf)","more than 1 year, but less than or equal 3 years","2",7,3,1,1,2,2,"True",1366,11,,982.0,1366.0,384.0,-170.0,2518.0,"OK"
"between 18 and (excluding) 25","Undergraduate student (BSc not yet finished)","computer science related (such as information systems, aka WiInf)","more than 1 year, but less than or equal 3 years","2",4,0,1,1,2,2,"True",6723,11,,3053.0,4201.0,1148.0,-391.0,7645.0,"OK"
"between 18 and (excluding) 25","Undergraduate student (BSc not yet finished)","computer science related (such as information systems, aka WiInf)","more than 1 year, but less than or equal 3 years","8",4,0,1,1,5,5,"True",1503,11,,1417.0,1503.0,86.0,1159.0,1761.0,"OK"
"between 18 and (excluding) 25","Undergraduate student (BSc not yet finished)","computer science related (such as information systems, aka WiInf)","more than 1 year, but less than or equal 3 years","10",1,3,1,1,3,3,"True",1342,11,,1294.0,1520.0,226.0,616.0,2198.0,"OK"
"between 18 and (excluding) 25","Undergraduate student (BSc not yet finished)","computer science related (such as information systems, aka WiInf)","more than 1 year, but less than or equal 3 years","8",5,1,1,1,3,3,"True",2136,11,,1391.0,2136.0,745.0,-844.0,4371.0,"OK"
"between 18 and (excluding) 25","Undergraduate student (BSc not yet finished)","computer science related (such as information systems, aka WiInf)","more than 1 year, but less than or equal 3 years","4",5,1,1,1,1,1,"True",6534,11,,2881.0,3720.0,839.0,364.0,6237.0,"Outlier"
"between 18 and (excluding) 25","Undergraduate student (BSc not yet finished)","computer science related (such as information systems, aka WiInf)","more than 1 year, but less than or equal 3 years","10",1,3,1,1,7,7,"True",1757,11,,1294.0,1520.0,226.0,616.0,2198.0,"OK"
"between 18 and (excluding) 25","Undergraduate student (BSc not yet finished)","computer science related (such as information systems, aka WiInf)","more than 1 year, but less than or equal 3 years","2",2,2,1,1,5,5,"True",1568,11,,1286.0,2302.0,1016.0,-1762.0,5350.0,"OK"
"between 18 and (excluding) 25","Undergraduate student (BSc not yet finished)","computer science related (such as information systems, aka WiInf)","more than 1 year, but less than or equal 3 years","4",6,2,1,1,5,5,"True",3494,11,,1494.0,2491.0,997.0,-1497.0,5482.0,"OK"
"between 18 and (excluding) 25","Undergraduate student (BSc not yet finished)","computer science related (such as information systems, aka WiInf)","more than 1 year, but less than or equal 3 years","2",6,2,1,1,6,6,"True",2821,11,,2104.0,2821.0,717.0,-47.0,4972.0,"OK"
"between 18 and (excluding) 25","Undergraduate student (BSc not yet finished)","computer science related (such as information systems, aka WiInf)","more than 1 year, but less than or equal 3 years","6",5,1,1,1,3,3,"True",1841,11,,1767.0,2021.0,254.0,1005.0,2783.0,"OK"
"between 18 and (excluding) 25","Undergraduate student (BSc not yet finished)","computer science related (such as information systems, aka WiInf)","more than 1 year, but less than or equal 3 years","10",2,2,1,1,6,6,"True",1709,11,,1342.0,1517.0,175.0,817.0,2042.0,"OK"
"between 18 and (excluding) 25","Undergraduate student (BSc not yet finished)","computer science related (such as information systems, aka WiInf)","more than 1 year, but less than or equal 3 years","Dynamic",2,2,1,1,7,7,"True",2296,11,,990.0,1181.0,191.0,417.0,1754.0,"Outlier"
"between 18 and (excluding) 25","Undergraduate student (BSc not yet finished)","computer science related (such as information systems, aka WiInf)","more than 1 year, but less than or equal 3 years","2",6,2,1,1,6,6,"True",5695,11,,2104.0,2821.0,717.0,-47.0,4972.0,"Outlier"
"between 18 and (excluding) 25","Undergraduate student (BSc not yet finished)","computer science related (such as information systems, aka WiInf)","more than 1 year, but less than or equal 3 years","4",4,0,1,1,6,6,"True",3745,11,,3328.0,4318.0,990.0,358.0,7288.0,"OK"
"between 18 and (excluding) 25","Undergraduate student (BSc not yet finished)","computer science related (such as information systems, aka WiInf)","more than 1 year, but less than or equal 3 years","2",5,1,1,1,2,2,"True",3079,11,,2401.0,3308.0,907.0,-320.0,6029.0,"OK"
"between 18 and (excluding) 25","Undergraduate student (BSc not yet finished)","computer science related (such as information systems, aka WiInf)","more than 1 year, but less than or equal 3 years","2",4,0,1,1,7,7,"True",4201,11,,3053.0,4201.0,1148.0,-391.0,7645.0,"OK"
"between 18 and (excluding) 25","Undergraduate student (BSc not yet finished)","computer science related (such as information systems, aka WiInf)","more than 1 year, but less than or equal 3 years","6",7,3,1,1,7,7,"True",1528,11,,1061.0,1369.0,308.0,137.0,2293.0,"OK"
"between 18 and (excluding) 25","Undergraduate student (BSc not yet finished)","computer science related (such as information systems, aka WiInf)","more than 1 year, but less than or equal 3 years","6",6,2,1,1,2,2,"True",2719,11,,1728.0,2339.0,611.0,-105.0,4172.0,"OK"
"between 18 and (excluding) 25","Undergraduate student (BSc not yet finished)","computer science related (such as information systems, aka WiInf)","more than 1 year, but less than or equal 3 years","10",4,0,1,1,1,1,"True",1542,11,,1200.0,1542.0,342.0,174.0,2568.0,"OK"
"between 18 and (excluding) 25","Undergraduate student (BSc not yet finished)","computer science related (such as information systems, aka WiInf)","more than 1 year, but less than or equal 3 years","10",1,3,1,1,4,4,"True",1294,11,,1294.0,1520.0,226.0,616.0,2198.0,"OK"
"between 18 and (excluding) 25","Undergraduate student (BSc not yet finished)","computer science related (such as information systems, aka WiInf)","more than 1 year, but less than or equal 3 years","2",4,0,1,1,1,1,"True",3561,11,,3053.0,4201.0,1148.0,-391.0,7645.0,"OK"
"between 18 and (excluding) 25","Undergraduate student (BSc not yet finished)","computer science related (such as information systems, aka WiInf)","more than 1 year, but less than or equal 3 years","6",4,0,1,1,3,3,"True",1551,11,,1121.0,1551.0,430.0,-169.0,2841.0,"OK"
"between 18 and (excluding) 25","Undergraduate student (BSc not yet finished)","computer science related (such as information systems, aka WiInf)","more than 1 year, but less than or equal 3 years","4",4,0,1,1,2,2,"True",3284,11,,3328.0,4318.0,990.0,358.0,7288.0,"OK"
"between 18 and (excluding) 25","Undergraduate student (BSc not yet finished)","computer science related (such as information systems, aka WiInf)","more than 1 year, but less than or equal 3 years","6",6,2,1,1,6,6,"True",1777,11,,1728.0,2339.0,611.0,-105.0,4172.0,"OK"
"between 18 and (excluding) 25","Undergraduate student (BSc not yet finished)","computer science related (such as information systems, aka WiInf)","more than 1 year, but less than or equal 3 years","Dynamic",1,3,1,1,1,1,"True",1086,11,,1086.0,1261.0,175.0,561.0,1786.0,"OK"
"between 18 and (excluding) 25","Undergraduate student (BSc not yet finished)","computer science related (such as information systems, aka WiInf)","more than 1 year, but less than or equal 3 years","4",6,2,1,1,1,1,"True",2373,11,,1494.0,2491.0,997.0,-1497.0,5482.0,"OK"
"between 18 and (excluding) 25","Undergraduate student (BSc not yet finished)","computer science related (such as information systems, aka WiInf)","more than 1 year, but less than or equal 3 years","10",3,1,1,1,6,6,"True",1490,11,,1258.0,1490.0,232.0,562.0,2186.0,"OK"
"between 18 and (excluding) 25","Undergraduate student (BSc not yet finished)","computer science related (such as information systems, aka WiInf)","more than 1 year, but less than or equal 3 years","8",5,1,1,1,3,3,"True",1375,11,,1391.0,2136.0,745.0,-844.0,4371.0,"OK"
"between 18 and (excluding) 25","Undergraduate student (BSc not yet finished)","computer science related (such as information systems, aka WiInf)","more than 1 year, but less than or equal 3 years","8",1,3,1,1,2,2,"True",1381,11,,1001.0,1496.0,495.0,-484.0,2981.0,"OK"
"between 18 and (excluding) 25","Undergraduate student (BSc not yet finished)","computer science related (such as information systems, aka WiInf)","more than 1 year, but less than or equal 3 years","10",5,1,1,1,7,7,"True",2198,11,,1454.0,2198.0,744.0,-778.0,4430.0,"OK"
"between 18 and (excluding) 25","Undergraduate student (BSc not yet finished)","computer science related (such as information systems, aka WiInf)","more than 1 year, but less than or equal 3 years","Dynamic",6,2,1,1,5,5,"True",1544,11,,1517.0,1551.0,34.0,1415.0,1653.0,"OK"
"between 18 and (excluding) 25","Undergraduate student (BSc not yet finished)","computer science related (such as information systems, aka WiInf)","more than 1 year, but less than or equal 3 years","6",4,0,1,1,1,1,"True",1589,11,,1121.0,1551.0,430.0,-169.0,2841.0,"OK"
"between 18 and (excluding) 25","Undergraduate student (BSc not yet finished)","computer science related (such as information systems, aka WiInf)","more than 1 year, but less than or equal 3 years","10",5,1,1,1,4,4,"True",1623,11,,1454.0,2198.0,744.0,-778.0,4430.0,"OK"
"between 18 and (excluding) 25","Undergraduate student (BSc not yet finished)","computer science related (such as information systems, aka WiInf)","more than 1 year, but less than or equal 3 years","2",4,0,1,1,1,1,"True",3053,11,,3053.0,4201.0,1148.0,-391.0,7645.0,"OK"
"between 18 and (excluding) 25","Undergraduate student (BSc not yet finished)","computer science related (such as information systems, aka WiInf)","more than 1 year, but less than or equal 3 years","10",5,1,1,1,6,6,"True",1407,11,,1454.0,2198.0,744.0,-778.0,4430.0,"OK"
"between 18 and (excluding) 25","Undergraduate student (BSc not yet finished)","computer science related (such as information systems, aka WiInf)","more than 1 year, but less than or equal 3 years","Dynamic",1,3,1,1,5,5,"True",1250,11,,1086.0,1261.0,175.0,561.0,1786.0,"OK"
"between 18 and (excluding) 25","Undergraduate student (BSc not yet finished)","computer science related (such as information systems, aka WiInf)","more than 1 year, but less than or equal 3 years","2",6,2,1,1,5,5,"True",1982,11,,2104.0,2821.0,717.0,-47.0,4972.0,"OK"
"between 18 and (excluding) 25","Undergraduate student (BSc not yet finished)","computer science related (such as information systems, aka WiInf)","more than 1 year, but less than or equal 3 years","2",6,2,1,1,4,4,"True",2104,11,,2104.0,2821.0,717.0,-47.0,4972.0,"OK"
"between 18 and (excluding) 25","Undergraduate student (BSc not yet finished)","computer science related (such as information systems, aka WiInf)","more than 1 year, but less than or equal 3 years","6",2,2,1,1,6,6,"True",1478,11,,1438.0,1486.0,48.0,1294.0,1630.0,"OK"
"between 18 and (excluding) 25","Undergraduate student (BSc not yet finished)","computer science related (such as information systems, aka WiInf)","more than 1 year, but less than or equal 3 years","Dynamic",4,0,1,1,2,2,"True",1394,11,,1216.0,1594.0,378.0,82.0,2728.0,"OK"
"between 18 and (excluding) 25","Undergraduate student (BSc not yet finished)","computer science related (such as information systems, aka WiInf)","more than 1 year, but less than or equal 3 years","2",1,3,1,1,5,5,"True",2134,11,,1202.0,1576.0,374.0,80.0,2698.0,"OK"
"between 18 and (excluding) 25","Undergraduate student (BSc not yet finished)","computer science related (such as information systems, aka WiInf)","more than 1 year, but less than or equal 3 years","6",7,3,1,1,6,6,"True",1369,11,,1061.0,1369.0,308.0,137.0,2293.0,"OK"
"between 18 and (excluding) 25","Undergraduate student (BSc not yet finished)","computer science related (such as information systems, aka WiInf)","more than 1 year, but less than or equal 3 years","10",1,3,1,1,5,5,"True",1213,11,,1294.0,1520.0,226.0,616.0,2198.0,"OK"
"between 18 and (excluding) 25","Undergraduate student (BSc not yet finished)","computer science related (such as information systems, aka WiInf)","more than 1 year, but less than or equal 3 years","4",3,1,1,1,5,5,"True",2244,11,,1550.0,1920.0,370.0,440.0,3030.0,"OK"
"between 18 and (excluding) 25","Undergraduate student (BSc not yet finished)","computer science related (such as information systems, aka WiInf)","more than 1 year, but less than or equal 3 years","6",1,3,1,1,3,3,"True",2173,11,,1593.0,4391.0,2798.0,-6801.0,12785.0,"OK"
"between 18 and (excluding) 25","Undergraduate student (BSc not yet finished)","computer science related (such as information systems, aka WiInf)","more than 1 year, but less than or equal 3 years","8",5,1,1,1,2,2,"True",3221,11,,1391.0,2136.0,745.0,-844.0,4371.0,"OK"
"between 18 and (excluding) 25","Undergraduate student (BSc not yet finished)","computer science related (such as information systems, aka WiInf)","more than 1 year, but less than or equal 3 years","6",2,2,1,1,7,7,"True",2751,11,,1438.0,1486.0,48.0,1294.0,1630.0,"Outlier"
"between 18 and (excluding) 25","Undergraduate student (BSc not yet finished)","computer science related (such as information systems, aka WiInf)","more than 1 year, but less than or equal 3 years","8",3,1,1,1,2,2,"True",1748,11,,1504.0,1844.0,340.0,484.0,2864.0,"OK"
"between 18 and (excluding) 25","Undergraduate student (BSc not yet finished)","computer science related (such as information systems, aka WiInf)","more than 1 year, but less than or equal 3 years","8",4,0,1,1,2,2,"True",1777,11,,1417.0,1503.0,86.0,1159.0,1761.0,"Outlier"
"between 18 and (excluding) 25","Undergraduate student (BSc not yet finished)","computer science related (such as information systems, aka WiInf)","more than 1 year, but less than or equal 3 years","8",1,3,1,1,1,1,"True",841,11,,1001.0,1496.0,495.0,-484.0,2981.0,"OK"
"between 18 and (excluding) 25","Undergraduate student (BSc not yet finished)","computer science related (such as information systems, aka WiInf)","more than 1 year, but less than or equal 3 years","8",6,2,1,1,4,4,"True",1753,11,,1326.0,1753.0,427.0,45.0,3034.0,"OK"
"between 18 and (excluding) 25","Undergraduate student (BSc not yet finished)","computer science related (such as information systems, aka WiInf)","more than 1 year, but less than or equal 3 years","8",7,3,1,1,3,3,"True",1056,11,,1416.0,1499.0,83.0,1167.0,1748.0,"Outlier"
"between 18 and (excluding) 25","Undergraduate student (BSc not yet finished)","computer science related (such as information systems, aka WiInf)","more than 1 year, but less than or equal 3 years","8",5,1,1,1,1,1,"True",2006,11,,1391.0,2136.0,745.0,-844.0,4371.0,"OK"
"between 18 and (excluding) 25","Undergraduate student (BSc not yet finished)","computer science related (such as information systems, aka WiInf)","more than 1 year, but less than or equal 3 years","4",6,2,1,1,3,3,"True",1477,11,,1494.0,2491.0,997.0,-1497.0,5482.0,"OK"
"between 18 and (excluding) 25","Undergraduate student (BSc not yet finished)","computer science related (such as information systems, aka WiInf)","more than 1 year, but less than or equal 3 years","10",3,1,1,1,1,1,"True",1393,11,,1258.0,1490.0,232.0,562.0,2186.0,"OK"
"between 18 and (excluding) 25","Undergraduate student (BSc not yet finished)","computer science related (such as information systems, aka WiInf)","more than 1 year, but less than or equal 3 years","10",6,2,1,1,1,1,"True",1026,11,,1347.0,2967.0,1620.0,-3513.0,7827.0,"OK"
"between 18 and (excluding) 25","Undergraduate student (BSc not yet finished)","computer science related (such as information systems, aka WiInf)","more than 1 year, but less than or equal 3 years","10",7,3,1,1,1,1,"True",847,11,,1020.0,1219.0,199.0,423.0,1816.0,"OK"
"between 18 and (excluding) 25","Undergraduate student (BSc not yet finished)","computer science related (such as information systems, aka WiInf)","more than 1 year, but less than or equal 3 years","10",6,2,1,1,7,7,"True",3248,11,,1347.0,2967.0,1620.0,-3513.0,7827.0,"OK"
"between 18 and (excluding) 25","Undergraduate student (BSc not yet finished)","computer science related (such as information systems, aka WiInf)","more than 1 year, but less than or equal 3 years","8",6,2,1,1,1,1,"True",1702,11,,1326.0,1753.0,427.0,45.0,3034.0,"OK"
"between 18 and (excluding) 25","Undergraduate student (BSc not yet finished)","computer science related (such as information systems, aka WiInf)","more than 1 year, but less than or equal 3 years","2",1,3,1,1,2,2,"True",1202,11,,1202.0,1576.0,374.0,80.0,2698.0,"OK"
"between 18 and (excluding) 25","Undergraduate student (BSc not yet finished)","computer science related (such as information systems, aka WiInf)","more than 1 year, but less than or equal 3 years","4",4,0,1,1,7,7,"True",5492,11,,3328.0,4318.0,990.0,358.0,7288.0,"OK"
"between 18 and (excluding) 25","Undergraduate student (BSc not yet finished)","computer science related (such as information systems, aka WiInf)","more than 1 year, but less than or equal 3 years","2",1,3,1,1,6,6,"True",1362,11,,1202.0,1576.0,374.0,80.0,2698.0,"OK"
"between 18 and (excluding) 25","Undergraduate student (BSc not yet finished)","computer science related (such as information systems, aka WiInf)","more than 1 year, but less than or equal 3 years","8",3,1,1,1,3,3,"True",1844,11,,1504.0,1844.0,340.0,484.0,2864.0,"OK"
"between 18 and (excluding) 25","Undergraduate student (BSc not yet finished)","computer science related (such as information systems, aka WiInf)","more than 1 year, but less than or equal 3 years","8",3,1,1,1,1,1,"True",1363,11,,1504.0,1844.0,340.0,484.0,2864.0,"OK"
"between 18 and (excluding) 25","Undergraduate student (BSc not yet finished)","computer science related (such as information systems, aka WiInf)","more than 1 year, but less than or equal 3 years","10",7,3,1,1,4,4,"True",1020,11,,1020.0,1219.0,199.0,423.0,1816.0,"OK"
"between 18 and (excluding) 25","Undergraduate student (BSc not yet finished)","computer science related (such as information systems, aka WiInf)","more than 1 year, but less than or equal 3 years","2",2,2,1,1,7,7,"True",2464,11,,1286.0,2302.0,1016.0,-1762.0,5350.0,"OK"
"between 18 and (excluding) 25","Undergraduate student (BSc not yet finished)","computer science related (such as information systems, aka WiInf)","more than 1 year, but less than or equal 3 years","2",3,1,1,1,3,3,"True",1985,11,,1768.0,2040.0,272.0,952.0,2856.0,"OK"
"between 18 and (excluding) 25","Undergraduate student (BSc not yet finished)","computer science related (such as information systems, aka WiInf)","more than 1 year, but less than or equal 3 years","10",4,0,1,1,3,3,"True",1148,11,,1200.0,1542.0,342.0,174.0,2568.0,"OK"
"between 18 and (excluding) 25","Undergraduate student (BSc not yet finished)","computer science related (such as information systems, aka WiInf)","more than 1 year, but less than or equal 3 years","6",6,2,1,1,3,3,"True",1428,11,,1728.0,2339.0,611.0,-105.0,4172.0,"OK"
"between 18 and (excluding) 25","Undergraduate student (BSc not yet finished)","computer science related (such as information systems, aka WiInf)","more than 1 year, but less than or equal 3 years","8",6,2,1,1,5,5,"True",2178,11,,1326.0,1753.0,427.0,45.0,3034.0,"OK"
"between 18 and (excluding) 25","Undergraduate student (BSc not yet finished)","computer science related (such as information systems, aka WiInf)","more than 1 year, but less than or equal 3 years","4",6,2,1,1,5,5,"True",2491,11,,1494.0,2491.0,997.0,-1497.0,5482.0,"OK"
"between 18 and (excluding) 25","Undergraduate student (BSc not yet finished)","computer science related (such as information systems, aka WiInf)","more than 1 year, but less than or equal 3 years","4",3,1,1,1,1,1,"True",1550,11,,1550.0,1920.0,370.0,440.0,3030.0,"OK"
"between 18 and (excluding) 25","Undergraduate student (BSc not yet finished)","computer science related (such as information systems, aka WiInf)","more than 1 year, but less than or equal 3 years","2",5,1,1,1,4,4,"True",3385,11,,2401.0,3308.0,907.0,-320.0,6029.0,"OK"
"between 18 and (excluding) 25","Undergraduate student (BSc not yet finished)","computer science related (such as information systems, aka WiInf)","more than 1 year, but less than or equal 3 years","4",1,3,1,1,5,5,"True",1402,11,,1402.0,1518.0,116.0,1054.0,1866.0,"OK"
"between 18 and (excluding) 25","Undergraduate student (BSc not yet finished)","computer science related (such as information systems, aka WiInf)","more than 1 year, but less than or equal 3 years","4",1,3,1,1,6,6,"True",1515,11,,1402.0,1518.0,116.0,1054.0,1866.0,"OK"
"between 18 and (excluding) 25","Undergraduate student (BSc not yet finished)","computer science related (such as information systems, aka WiInf)","more than 1 year, but less than or equal 3 years","10",2,2,1,1,3,3,"True",1517,11,,1342.0,1517.0,175.0,817.0,2042.0,"OK"
"between 18 and (excluding) 25","Undergraduate student (BSc not yet finished)","computer science related (such as information systems, aka WiInf)","more than 1 year, but less than or equal 3 years","10",4,0,1,1,5,5,"True",1392,11,,1200.0,1542.0,342.0,174.0,2568.0,"OK"
"between 18 and (excluding) 25","Undergraduate student (BSc not yet finished)","computer science related (such as information systems, aka WiInf)","more than 1 year, but less than or equal 3 years","6",2,2,1,1,6,6,"True",1438,11,,1438.0,1486.0,48.0,1294.0,1630.0,"OK"
"between 18 and (excluding) 25","Undergraduate student (BSc not yet finished)","computer science related (such as information systems, aka WiInf)","more than 1 year, but less than or equal 3 years","Dynamic",2,2,1,1,3,3,"True",1161,11,,990.0,1181.0,191.0,417.0,1754.0,"OK"
"between 18 and (excluding) 25","Undergraduate student (BSc not yet finished)","computer science related (such as information systems, aka WiInf)","more than 1 year, but less than or equal 3 years","4",5,1,1,1,4,4,"True",3720,11,,2881.0,3720.0,839.0,364.0,6237.0,"OK"
"between 18 and (excluding) 25","Undergraduate student (BSc not yet finished)","computer science related (such as information systems, aka WiInf)","more than 1 year, but less than or equal 3 years","10",6,2,1,1,4,4,"True",1347,11,,1347.0,2967.0,1620.0,-3513.0,7827.0,"OK"
"between 18 and (excluding) 25","Undergraduate student (BSc not yet finished)","computer science related (such as information systems, aka WiInf)","more than 1 year, but less than or equal 3 years","6",5,1,1,1,1,1,"True",2277,11,,1767.0,2021.0,254.0,1005.0,2783.0,"OK"
"between 18 and (excluding) 25","Undergraduate student (BSc not yet finished)","computer science related (such as information systems, aka WiInf)","more than 1 year, but less than or equal 3 years","2",2,2,1,1,1,1,"True",1252,11,,1286.0,2302.0,1016.0,-1762.0,5350.0,"OK"
"between 18 and (excluding) 25","Undergraduate student (BSc not yet finished)","computer science related (such as information systems, aka WiInf)","more than 1 year, but less than or equal 3 years","2",1,3,1,1,5,5,"True",1576,11,,1202.0,1576.0,374.0,80.0,2698.0,"OK"
"between 18 and (excluding) 25","Undergraduate student (BSc not yet finished)","computer science related (such as information systems, aka WiInf)","more than 1 year, but less than or equal 3 years","6",5,1,1,1,6,6,"True",1461,11,,1767.0,2021.0,254.0,1005.0,2783.0,"OK"
"between 18 and (excluding) 25","Undergraduate student (BSc not yet finished)","computer science related (such as information systems, aka WiInf)","more than 1 year, but less than or equal 3 years","10",4,0,1,1,1,1,"True",1200,11,,1200.0,1542.0,342.0,174.0,2568.0,"OK"
"between 18 and (excluding) 25","Undergraduate student (BSc not yet finished)","computer science related (such as information systems, aka WiInf)","more than 1 year, but less than or equal 3 years","4",7,3,1,1,1,1,"True",1100,11,,1100.0,1139.0,39.0,983.0,1256.0,"OK"
"between 18 and (excluding) 25","Undergraduate student (BSc not yet finished)","computer science related (such as information systems, aka WiInf)","more than 1 year, but less than or equal 3 years","Dynamic",6,2,1,1,2,2,"True",1517,11,,1517.0,1551.0,34.0,1415.0,1653.0,"OK"
"between 18 and (excluding) 25","Undergraduate student (BSc not yet finished)","computer science related (such as information systems, aka WiInf)","more than 1 year, but less than or equal 3 years","2",6,2,1,1,2,2,"True",2190,11,,2104.0,2821.0,717.0,-47.0,4972.0,"OK"
"between 18 and (excluding) 25","Undergraduate student (BSc not yet finished)","computer science related (such as information systems, aka WiInf)","more than 1 year, but less than or equal 3 years","Dynamic",5,1,1,1,2,2,"True",2538,11,,935.0,1393.0,458.0,-439.0,2767.0,"OK"
"between 18 and (excluding) 25","Undergraduate student (BSc not yet finished)","computer science related (such as information systems, aka WiInf)","more than 1 year, but less than or equal 3 years","10",5,1,1,1,3,3,"True",2750,11,,1454.0,2198.0,744.0,-778.0,4430.0,"OK"
"between 18 and (excluding) 25","Undergraduate student (BSc not yet finished)","computer science related (such as information systems, aka WiInf)","more than 1 year, but less than or equal 3 years","Dynamic",4,0,1,1,2,2,"True",1939,11,,1216.0,1594.0,378.0,82.0,2728.0,"OK"
"between 18 and (excluding) 25","Undergraduate student (BSc not yet finished)","computer science related (such as information systems, aka WiInf)","more than 1 year, but less than or equal 3 years","6",1,3,1,1,2,2,"True",6032,11,,1593.0,4391.0,2798.0,-6801.0,12785.0,"OK"
"between 18 and (excluding) 25","Undergraduate student (BSc not yet finished)","computer science related (such as information systems, aka WiInf)","more than 1 year, but less than or equal 3 years","6",7,3,1,1,5,5,"True",1061,11,,1061.0,1369.0,308.0,137.0,2293.0,"OK"
"between 18 and (excluding) 25","Undergraduate student (BSc not yet finished)","computer science related (such as information systems, aka WiInf)","more than 1 year, but less than or equal 3 years","10",7,3,1,1,4,4,"True",1269,11,,1020.0,1219.0,199.0,423.0,1816.0,"OK"
"between 18 and (excluding) 25","Undergraduate student (BSc not yet finished)","computer science related (such as information systems, aka WiInf)","more than 1 year, but less than or equal 3 years","10",2,2,1,1,4,4,"True",1222,11,,1342.0,1517.0,175.0,817.0,2042.0,"OK"
"between 18 and (excluding) 25","Undergraduate student (BSc not yet finished)","computer science related (such as information systems, aka WiInf)","more than 1 year, but less than or equal 3 years","4",1,3,1,1,2,2,"True",1849,11,,1402.0,1518.0,116.0,1054.0,1866.0,"OK"
"between 18 and (excluding) 25","Undergraduate student (BSc not yet finished)","computer science related (such as information systems, aka WiInf)","more than 1 year, but less than or equal 3 years","2",3,1,1,1,2,2,"True",1522,11,,1768.0,2040.0,272.0,952.0,2856.0,"OK"
"between 18 and (excluding) 25","Undergraduate student (BSc not yet finished)","computer science related (such as information systems, aka WiInf)","more than 1 year, but less than or equal 3 years","6",4,0,1,1,5,5,"True",1465,11,,1121.0,1551.0,430.0,-169.0,2841.0,"OK"
"between 18 and (excluding) 25","Undergraduate student (BSc not yet finished)","computer science related (such as information systems, aka WiInf)","more than 1 year, but less than or equal 3 years","4",6,2,1,1,2,2,"True",1494,11,,1494.0,2491.0,997.0,-1497.0,5482.0,"OK"
"between 18 and (excluding) 25","Undergraduate student (BSc not yet finished)","computer science related (such as information systems, aka WiInf)","more than 1 year, but less than or equal 3 years","10",3,1,1,1,1,1,"True",1150,11,,1258.0,1490.0,232.0,562.0,2186.0,"OK"
"between 18 and (excluding) 25","Undergraduate student (BSc not yet finished)","computer science related (such as information systems, aka WiInf)","more than 1 year, but less than or equal 3 years","Dynamic",2,2,1,1,3,3,"True",969,11,,990.0,1181.0,191.0,417.0,1754.0,"OK"
"between 18 and (excluding) 25","Undergraduate student (BSc not yet finished)","computer science related (such as information systems, aka WiInf)","more than 1 year, but less than or equal 3 years","2",5,1,0,1,7,4,"False",1568,11,,2401.0,3308.0,907.0,-320.0,6029.0,"OK"
"between 18 and (excluding) 25","Undergraduate student (BSc not yet finished)","computer science related (such as information systems, aka WiInf)","more than 1 year, but less than or equal 3 years","Dynamic",2,2,1,1,3,3,"True",990,11,,990.0,1181.0,191.0,417.0,1754.0,"OK"
"between 18 and (excluding) 25","Undergraduate student (BSc not yet finished)","computer science related (such as information systems, aka WiInf)","more than 1 year, but less than or equal 3 years","Dynamic",6,2,1,1,7,7,"True",1585,11,,1517.0,1551.0,34.0,1415.0,1653.0,"OK"
"between 18 and (excluding) 25","Undergraduate student (BSc not yet finished)","computer science related (such as information systems, aka WiInf)","more than 1 year, but less than or equal 3 years","2",3,1,1,1,4,4,"True",2691,11,,1768.0,2040.0,272.0,952.0,2856.0,"OK"
"between 18 and (excluding) 25","Undergraduate student (BSc not yet finished)","computer science related (such as information systems, aka WiInf)","more than 1 year, but less than or equal 3 years","Dynamic",3,1,1,1,4,4,"True",1210,11,,1258.0,1417.0,159.0,781.0,1894.0,"OK"
"between 18 and (excluding) 25","Undergraduate student (BSc not yet finished)","computer science related (such as information systems, aka WiInf)","more than 1 year, but less than or equal 3 years","4",7,3,1,1,5,5,"True",997,11,,1100.0,1139.0,39.0,983.0,1256.0,"OK"
"between 18 and (excluding) 25","Undergraduate student (BSc not yet finished)","computer science related (such as information systems, aka WiInf)","more than 1 year, but less than or equal 3 years","8",2,2,1,1,6,6,"True",1501,11,,1138.0,1501.0,363.0,49.0,2590.0,"OK"
"between 18 and (excluding) 25","Undergraduate student (BSc not yet finished)","computer science related (such as information systems, aka WiInf)","more than 1 year, but less than or equal 3 years","Dynamic",5,1,1,1,2,2,"True",1393,11,,935.0,1393.0,458.0,-439.0,2767.0,"OK"
"between 18 and (excluding) 25","Undergraduate student (BSc not yet finished)","computer science related (such as information systems, aka WiInf)","more than 1 year, but less than or equal 3 years","4",5,1,0,1,7,6,"False",2881,11,,2881.0,3720.0,839.0,364.0,6237.0,"OK"
"between 18 and (excluding) 25","Undergraduate student (BSc not yet finished)","computer science related (such as information systems, aka WiInf)","more than 1 year, but less than or equal 3 years","10",6,2,1,1,2,2,"True",1772,11,,1347.0,2967.0,1620.0,-3513.0,7827.0,"OK"
"between 18 and (excluding) 25","Undergraduate student (BSc not yet finished)","computer science related (such as information systems, aka WiInf)","more than 1 year, but less than or equal 3 years","4",3,1,1,1,5,5,"True",1595,11,,1550.0,1920.0,370.0,440.0,3030.0,"OK"
"between 18 and (excluding) 25","Undergraduate student (BSc not yet finished)","computer science related (such as information systems, aka WiInf)","more than 1 year, but less than or equal 3 years","6",1,3,1,1,4,4,"True",1564,11,,1593.0,4391.0,2798.0,-6801.0,12785.0,"OK"
"between 18 and (excluding) 25","Undergraduate student (BSc not yet finished)","computer science related (such as information systems, aka WiInf)","more than 1 year, but less than or equal 3 years","8",7,3,1,1,1,1,"True",1416,11,,1416.0,1499.0,83.0,1167.0,1748.0,"OK"
"between 18 and (excluding) 25","Undergraduate student (BSc not yet finished)","computer science related (such as information systems, aka WiInf)","more than 1 year, but less than or equal 3 years","2",5,1,1,1,5,5,"True",2401,11,,2401.0,3308.0,907.0,-320.0,6029.0,"OK"
"between 18 and (excluding) 25","Undergraduate student (BSc not yet finished)","computer science related (such as information systems, aka WiInf)","more than 1 year, but less than or equal 3 years","4",5,1,1,1,3,3,"True",3189,11,,2881.0,3720.0,839.0,364.0,6237.0,"OK"
"between 18 and (excluding) 25","Undergraduate student (BSc not yet finished)","computer science related (such as information systems, aka WiInf)","more than 1 year, but less than or equal 3 years","2",2,2,1,1,6,6,"True",2302,11,,1286.0,2302.0,1016.0,-1762.0,5350.0,"OK"
"between 18 and (excluding) 25","Undergraduate student (BSc not yet finished)","computer science related (such as information systems, aka WiInf)","more than 1 year, but less than or equal 3 years","8",7,3,1,1,2,2,"True",2642,11,,1416.0,1499.0,83.0,1167.0,1748.0,"Outlier"
"between 18 and (excluding) 25","Undergraduate student (BSc not yet finished)","computer science related (such as information systems, aka WiInf)","more than 1 year, but less than or equal 3 years","8",1,3,1,1,1,1,"True",1001,11,,1001.0,1496.0,495.0,-484.0,2981.0,"OK"
"between 18 and (excluding) 25","Undergraduate student (BSc not yet finished)","computer science related (such as information systems, aka WiInf)","more than 1 year, but less than or equal 3 years","10",7,3,1,1,7,7,"True",1187,11,,1020.0,1219.0,199.0,423.0,1816.0,"OK"
"between 18 and (excluding) 25","Undergraduate student (BSc not yet finished)","computer science related (such as information systems, aka WiInf)","more than 1 year, but less than or equal 3 years","Dynamic",3,1,1,1,7,7,"True",1417,11,,1258.0,1417.0,159.0,781.0,1894.0,"OK"
"between 18 and (excluding) 25","Undergraduate student (BSc not yet finished)","computer science related (such as information systems, aka WiInf)","more than 1 year, but less than or equal 3 years","2",7,3,1,1,7,7,"True",1006,11,,982.0,1366.0,384.0,-170.0,2518.0,"OK"
"between 18 and (excluding) 25","Undergraduate student (BSc not yet finished)","computer science related (such as information systems, aka WiInf)","more than 1 year, but less than or equal 3 years","4",2,2,1,1,2,2,"True",1435,11,,1372.0,1506.0,134.0,970.0,1908.0,"OK"
"between 18 and (excluding) 25","Undergraduate student (BSc not yet finished)","computer science related (such as information systems, aka WiInf)","more than 1 year, but less than or equal 3 years","8",3,1,1,1,4,4,"True",1846,11,,1504.0,1844.0,340.0,484.0,2864.0,"OK"
"between 18 and (excluding) 25","Undergraduate student (BSc not yet finished)","computer science related (such as information systems, aka WiInf)","more than 1 year, but less than or equal 3 years","8",5,1,1,1,2,2,"True",1391,11,,1391.0,2136.0,745.0,-844.0,4371.0,"OK"
"between 18 and (excluding) 25","Undergraduate student (BSc not yet finished)","computer science related (such as information systems, aka WiInf)","more than 1 year, but less than or equal 3 years","Dynamic",1,3,1,1,7,7,"True",1410,11,,1086.0,1261.0,175.0,561.0,1786.0,"OK"
"between 18 and (excluding) 25","Undergraduate student (BSc not yet finished)","computer science related (such as information systems, aka WiInf)","more than 1 year, but less than or equal 3 years","6",5,1,1,1,5,5,"True",2021,11,,1767.0,2021.0,254.0,1005.0,2783.0,"OK"
"between 18 and (excluding) 25","Undergraduate student (BSc not yet finished)","computer science related (such as information systems, aka WiInf)","more than 1 year, but less than or equal 3 years","Dynamic",7,3,1,1,5,5,"True",1020,11,,1020.0,1159.0,139.0,603.0,1576.0,"OK"
"between 18 and (excluding) 25","Undergraduate student (BSc not yet finished)","computer science related (such as information systems, aka WiInf)","more than 1 year, but less than or equal 3 years","4",7,3,1,1,7,7,"True",1313,11,,1100.0,1139.0,39.0,983.0,1256.0,"Outlier"
"between 18 and (excluding) 25","Undergraduate student (BSc not yet finished)","computer science related (such as information systems, aka WiInf)","more than 1 year, but less than or equal 3 years","2",7,3,1,1,7,7,"True",982,11,,982.0,1366.0,384.0,-170.0,2518.0,"OK"
"between 18 and (excluding) 25","Undergraduate student (BSc not yet finished)","computer science related (such as information systems, aka WiInf)","more than 1 year, but less than or equal 3 years","6",3,1,1,1,1,1,"True",1404,11,,1444.0,1589.0,145.0,1009.0,2024.0,"OK"
"between 18 and (excluding) 25","Undergraduate student (BSc not yet finished)","computer science related (such as information systems, aka WiInf)","more than 1 year, but less than or equal 3 years","4",3,1,1,1,7,7,"True",1920,11,,1550.0,1920.0,370.0,440.0,3030.0,"OK"
"between 18 and (excluding) 25","Undergraduate student (BSc not yet finished)","computer science related (such as information systems, aka WiInf)","more than 1 year, but less than or equal 3 years","4",3,1,1,1,3,3,"True",1497,11,,1550.0,1920.0,370.0,440.0,3030.0,"OK"
"between 18 and (excluding) 25","Undergraduate student (BSc not yet finished)","computer science related (such as information systems, aka WiInf)","more than 1 year, but less than or equal 3 years","8",2,2,1,1,5,5,"True",1623,11,,1138.0,1501.0,363.0,49.0,2590.0,"OK"
"between 18 and (excluding) 25","Undergraduate student (BSc not yet finished)","computer science related (such as information systems, aka WiInf)","more than 1 year, but less than or equal 3 years","Dynamic",2,2,1,1,7,7,"True",1181,11,,990.0,1181.0,191.0,417.0,1754.0,"OK"
"between 18 and (excluding) 25","Undergraduate student (BSc not yet finished)","computer science related (such as information systems, aka WiInf)","more than 1 year, but less than or equal 3 years","4",2,2,1,1,1,1,"True",1372,11,,1372.0,1506.0,134.0,970.0,1908.0,"OK"
"between 18 and (excluding) 25","Undergraduate student (BSc not yet finished)","computer science related (such as information systems, aka WiInf)","more than 1 year, but less than or equal 3 years","10",1,3,1,1,7,7,"True",1520,11,,1294.0,1520.0,226.0,616.0,2198.0,"OK"
"between 18 and (excluding) 25","Undergraduate student (BSc not yet finished)","computer science related (such as information systems, aka WiInf)","more than 1 year, but less than or equal 3 years","Dynamic",6,2,1,1,7,7,"True",1551,11,,1517.0,1551.0,34.0,1415.0,1653.0,"OK"
"between 18 and (excluding) 25","Undergraduate student (BSc not yet finished)","computer science related (such as information systems, aka WiInf)","more than 1 year, but less than or equal 3 years","8",4,0,1,1,1,1,"True",1389,11,,1417.0,1503.0,86.0,1159.0,1761.0,"OK"
"between 18 and (excluding) 25","Undergraduate student (BSc not yet finished)","computer science related (such as information systems, aka WiInf)","more than 1 year, but less than or equal 3 years","8",4,0,1,1,3,3,"True",1417,11,,1417.0,1503.0,86.0,1159.0,1761.0,"OK"
"between 18 and (excluding) 25","Undergraduate student (BSc not yet finished)","computer science related (such as information systems, aka WiInf)","more than 1 year, but less than or equal 3 years","10",3,1,1,1,5,5,"True",1258,11,,1258.0,1490.0,232.0,562.0,2186.0,"OK"
"between 18 and (excluding) 25","Undergraduate student (BSc not yet finished)","computer science related (such as information systems, aka WiInf)","more than 1 year, but less than or equal 3 years","Dynamic",4,0,1,1,3,3,"True",1594,11,,1216.0,1594.0,378.0,82.0,2728.0,"OK"
"between 18 and (excluding) 25","Undergraduate student (BSc not yet finished)","computer science related (such as information systems, aka WiInf)","more than 1 year, but less than or equal 3 years","2",7,3,1,1,6,6,"True",2318,11,,982.0,1366.0,384.0,-170.0,2518.0,"OK"
"between 18 and (excluding) 25","Undergraduate student (BSc not yet finished)","computer science related (such as information systems, aka WiInf)","more than 1 year, but less than or equal 3 years","8",7,3,1,1,1,1,"True",1433,11,,1416.0,1499.0,83.0,1167.0,1748.0,"OK"
"between 18 and (excluding) 25","Undergraduate student (BSc not yet finished)","computer science related (such as information systems, aka WiInf)","more than 1 year, but less than or equal 3 years","2",4,0,1,1,5,5,"True",2679,11,,3053.0,4201.0,1148.0,-391.0,7645.0,"OK"
"between 18 and (excluding) 25","Undergraduate student (BSc not yet finished)","computer science related (such as information systems, aka WiInf)","more than 1 year, but less than or equal 3 years","Dynamic",5,1,1,1,3,3,"True",1131,11,,935.0,1393.0,458.0,-439.0,2767.0,"OK"
"between 18 and (excluding) 25","Undergraduate student (BSc not yet finished)","computer science related (such as information systems, aka WiInf)","more than 1 year, but less than or equal 3 years","Dynamic",7,3,1,1,3,3,"True",1159,11,,1020.0,1159.0,139.0,603.0,1576.0,"OK"
"between 18 and (excluding) 25","Undergraduate student (BSc not yet finished)","computer science related (such as information systems, aka WiInf)","more than 1 year, but less than or equal 3 years","Dynamic",7,3,1,1,1,1,"True",1176,11,,1020.0,1159.0,139.0,603.0,1576.0,"OK"
"between 18 and (excluding) 25","Undergraduate student (BSc not yet finished)","computer science related (such as information systems, aka WiInf)","more than 1 year, but less than or equal 3 years","Dynamic",7,3,1,1,2,2,"True",852,11,,1020.0,1159.0,139.0,603.0,1576.0,"OK"
"between 18 and (excluding) 25","Undergraduate student (BSc not yet finished)","computer science related (such as information systems, aka WiInf)","more than 1 year, but less than or equal 3 years","6",3,1,1,1,5,5,"True",1485,11,,1444.0,1589.0,145.0,1009.0,2024.0,"OK"
"between 18 and (excluding) 25","Undergraduate student (BSc not yet finished)","computer science related (such as information systems, aka WiInf)","more than 1 year, but less than or equal 3 years","10",7,3,1,1,6,6,"True",1219,11,,1020.0,1219.0,199.0,423.0,1816.0,"OK"
"between 18 and (excluding) 25","Undergraduate student (BSc not yet finished)","computer science related (such as information systems, aka WiInf)","more than 1 year, but less than or equal 3 years","4",1,3,1,1,6,6,"True",1518,11,,1402.0,1518.0,116.0,1054.0,1866.0,"OK"
"between 18 and (excluding) 25","Undergraduate student (BSc not yet finished)","computer science related (such as information systems, aka WiInf)","more than 1 year, but less than or equal 3 years","6",2,2,1,1,1,1,"True",1155,11,,1438.0,1486.0,48.0,1294.0,1630.0,"Outlier"
"between 18 and (excluding) 25","Undergraduate student (BSc not yet finished)","computer science related (such as information systems, aka WiInf)","more than 1 year, but less than or equal 3 years","6",6,2,1,1,5,5,"True",2339,11,,1728.0,2339.0,611.0,-105.0,4172.0,"OK"
"between 18 and (excluding) 25","Undergraduate student (BSc not yet finished)","computer science related (such as information systems, aka WiInf)","more than 1 year, but less than or equal 3 years","4",2,2,1,1,3,3,"True",1722,11,,1372.0,1506.0,134.0,970.0,1908.0,"OK"
"between 18 and (excluding) 25","Undergraduate student (BSc not yet finished)","computer science related (such as information systems, aka WiInf)","more than 1 year, but less than or equal 3 years","10",5,1,1,1,4,4,"True",1454,11,,1454.0,2198.0,744.0,-778.0,4430.0,"OK"
"between 18 and (excluding) 25","Undergraduate student (BSc not yet finished)","computer science related (such as information systems, aka WiInf)","more than 1 year, but less than or equal 3 years","8",4,0,1,1,5,5,"True",1482,11,,1417.0,1503.0,86.0,1159.0,1761.0,"OK"
"between 18 and (excluding) 25","Undergraduate student (BSc not yet finished)","computer science related (such as information systems, aka WiInf)","more than 1 year, but less than or equal 3 years","10",3,1,1,1,4,4,"True",1718,11,,1258.0,1490.0,232.0,562.0,2186.0,"OK"
"between 18 and (excluding) 25","Undergraduate student (BSc not yet finished)","computer science related (such as information systems, aka WiInf)","more than 1 year, but less than or equal 3 years","10",2,2,1,1,7,7,"True",1511,11,,1342.0,1517.0,175.0,817.0,2042.0,"OK"
"between 18 and (excluding) 25","Undergraduate student (BSc not yet finished)","computer science related (such as information systems, aka WiInf)","more than 1 year, but less than or equal 3 years","8",2,2,1,1,1,1,"True",1284,11,,1138.0,1501.0,363.0,49.0,2590.0,"OK"
"between 18 and (excluding) 25","Undergraduate student (BSc not yet finished)","computer science related (such as information systems, aka WiInf)","more than 1 year, but less than or equal 3 years","Dynamic",7,3,1,1,7,7,"True",1155,11,,1020.0,1159.0,139.0,603.0,1576.0,"OK"
"between 18 and (excluding) 25","Undergraduate student (BSc not yet finished)","computer science related (such as information systems, aka WiInf)","more than 1 year, but less than or equal 3 years","6",7,3,1,1,1,1,"True",1062,11,,1061.0,1369.0,308.0,137.0,2293.0,"OK"
"between 18 and (excluding) 25","Undergraduate student (BSc not yet finished)","computer science related (such as information systems, aka WiInf)","more than 1 year, but less than or equal 3 years","2",7,3,1,1,3,3,"True",963,11,,982.0,1366.0,384.0,-170.0,2518.0,"OK"
"between 18 and (excluding) 25","Undergraduate student (BSc not yet finished)","computer science related (such as information systems, aka WiInf)","more than 1 year, but less than or equal 3 years","Dynamic",4,0,1,1,5,5,"True",1216,11,,1216.0,1594.0,378.0,82.0,2728.0,"OK"
"between 18 and (excluding) 25","Undergraduate student (BSc not yet finished)","computer science related (such as information systems, aka WiInf)","more than 1 year, but less than or equal 3 years","Dynamic",5,1,1,1,1,1,"True",786,11,,935.0,1393.0,458.0,-439.0,2767.0,"OK"
"between 18 and (excluding) 25","Undergraduate student (BSc not yet finished)","computer science related (such as information systems, aka WiInf)","more than 1 year, but less than or equal 3 years","Dynamic",3,1,1,1,2,2,"True",1480,11,,1258.0,1417.0,159.0,781.0,1894.0,"OK"
"between 18 and (excluding) 25","Undergraduate student (BSc not yet finished)","computer science related (such as information systems, aka WiInf)","more than 1 year, but less than or equal 3 years","2",2,2,1,1,5,5,"True",1286,11,,1286.0,2302.0,1016.0,-1762.0,5350.0,"OK"
"between 18 and (excluding) 25","Undergraduate student (BSc not yet finished)","computer science related (such as information systems, aka WiInf)","more than 1 year, but less than or equal 3 years","6",1,3,1,1,2,2,"True",4391,11,,1593.0,4391.0,2798.0,-6801.0,12785.0,"OK"
"between 18 and (excluding) 25","Undergraduate student (BSc not yet finished)","computer science related (such as information systems, aka WiInf)","more than 1 year, but less than or equal 3 years","Dynamic",1,3,1,1,1,1,"True",885,11,,1086.0,1261.0,175.0,561.0,1786.0,"OK"
"between 18 and (excluding) 25","Undergraduate student (BSc not yet finished)","computer science related (such as information systems, aka WiInf)","more than 1 year, but less than or equal 3 years","Dynamic",3,1,1,1,4,4,"True",1258,11,,1258.0,1417.0,159.0,781.0,1894.0,"OK"
"between 18 and (excluding) 25","Undergraduate student (BSc not yet finished)","computer science related (such as information systems, aka WiInf)","more than 1 year, but less than or equal 3 years","10",4,0,1,1,2,2,"True",3647,11,,1200.0,1542.0,342.0,174.0,2568.0,"Outlier"
"between 18 and (excluding) 25","Undergraduate student (BSc not yet finished)","computer science related (such as information systems, aka WiInf)","more than 1 year, but less than or equal 3 years","Dynamic",4,0,1,1,3,3,"True",1093,11,,1216.0,1594.0,378.0,82.0,2728.0,"OK"
"between 18 and (excluding) 25","Undergraduate student (BSc not yet finished)","computer science related (such as information systems, aka WiInf)","more than 1 year, but less than or equal 3 years","2",1,3,1,1,2,2,"True",1114,11,,1202.0,1576.0,374.0,80.0,2698.0,"OK"
"between 18 and (excluding) 25","Undergraduate student (BSc not yet finished)","computer science related (such as information systems, aka WiInf)","more than 1 year, but less than or equal 3 years","6",4,0,1,1,2,2,"True",1121,11,,1121.0,1551.0,430.0,-169.0,2841.0,"OK"
"between 18 and (excluding) 25","Undergraduate student (BSc not yet finished)","computer science related (such as information systems, aka WiInf)","more than 1 year, but less than or equal 3 years","8",6,2,1,1,7,7,"True",1326,11,,1326.0,1753.0,427.0,45.0,3034.0,"OK"
"between 18 and (excluding) 25","Undergraduate student (BSc not yet finished)","computer science related (such as information systems, aka WiInf)","more than 1 year, but less than or equal 3 years","2",5,1,1,1,4,4,"True",3308,11,,2401.0,3308.0,907.0,-320.0,6029.0,"OK"
"between 18 and (excluding) 25","Undergraduate student (BSc not yet finished)","computer science related (such as information systems, aka WiInf)","more than 1 year, but less than or equal 3 years","6",6,2,1,1,2,2,"True",1728,11,,1728.0,2339.0,611.0,-105.0,4172.0,"OK"
"between 18 and (excluding) 25","Undergraduate student (BSc not yet finished)","computer science related (such as information systems, aka WiInf)","more than 1 year, but less than or equal 3 years","8",2,2,1,1,2,2,"True",1138,11,,1138.0,1501.0,363.0,49.0,2590.0,"OK"
"between 18 and (excluding) 25","Undergraduate student (BSc not yet finished)","computer science related (such as information systems, aka WiInf)","more than 1 year, but less than or equal 3 years","8",7,3,1,1,4,4,"True",1499,11,,1416.0,1499.0,83.0,1167.0,1748.0,"OK"
"between 18 and (excluding) 25","Undergraduate student (BSc not yet finished)","computer science related (such as information systems, aka WiInf)","more than 1 year, but less than or equal 3 years","Dynamic",6,2,1,1,5,5,"True",990,11,,1517.0,1551.0,34.0,1415.0,1653.0,"Outlier"
"between 18 and (excluding) 25","Undergraduate student (BSc not yet finished)","computer science related (such as information systems, aka WiInf)","more than 1 year, but less than or equal 3 years","4",4,0,1,1,7,7,"True",3328,11,,3328.0,4318.0,990.0,358.0,7288.0,"OK"
"between 18 and (excluding) 25","Undergraduate student (BSc not yet finished)","computer science related (such as information systems, aka WiInf)","more than 1 year, but less than or equal 3 years","4",2,2,1,1,2,2,"True",1506,11,,1372.0,1506.0,134.0,970.0,1908.0,"OK"
"between 18 and (excluding) 25","Undergraduate student (BSc not yet finished)","computer science related (such as information systems, aka WiInf)","more than 1 year, but less than or equal 3 years","4",5,1,1,1,1,1,"True",1947,11,,2881.0,3720.0,839.0,364.0,6237.0,"OK"
"between 18 and (excluding) 25","Undergraduate student (BSc not yet finished)","computer science related (such as information systems, aka WiInf)","more than 1 year, but less than or equal 3 years","8",1,3,1,1,6,6,"True",1719,11,,1001.0,1496.0,495.0,-484.0,2981.0,"OK"
"between 18 and (excluding) 25","Undergraduate student (BSc not yet finished)","computer science related (such as information systems, aka WiInf)","more than 1 year, but less than or equal 3 years","10",6,2,1,1,7,7,"True",2967,11,,1347.0,2967.0,1620.0,-3513.0,7827.0,"OK"
"between 18 and (excluding) 25","Undergraduate student (BSc not yet finished)","computer science related (such as information systems, aka WiInf)","more than 1 year, but less than or equal 3 years","10",2,2,1,1,4,4,"True",1342,11,,1342.0,1517.0,175.0,817.0,2042.0,"OK"
"between 18 and (excluding) 25","Undergraduate student (BSc not yet finished)","computer science related (such as information systems, aka WiInf)","more than 1 year, but less than or equal 3 years","2",3,1,1,1,2,2,"True",2040,11,,1768.0,2040.0,272.0,952.0,2856.0,"OK"
"between 18 and (excluding) 25","Undergraduate student (BSc not yet finished)","computer science related (such as information systems, aka WiInf)","more than 1 year, but less than or equal 3 years","8",1,3,1,1,4,4,"True",1496,11,,1001.0,1496.0,495.0,-484.0,2981.0,"OK"
"between 18 and (excluding) 25","Undergraduate student (BSc not yet finished)","computer science related (such as information systems, aka WiInf)","more than 1 year, but less than or equal 3 years","2",3,1,1,1,7,7,"True",1768,11,,1768.0,2040.0,272.0,952.0,2856.0,"OK"
"between 18 and (excluding) 25","Undergraduate student (BSc not yet finished)","computer science related (such as information systems, aka WiInf)","more than 1 year, but less than or equal 3 years","6",3,1,1,1,4,4,"True",1589,11,,1444.0,1589.0,145.0,1009.0,2024.0,"OK"
"between 18 and (excluding) 25","Undergraduate student (BSc not yet finished)","computer science related (such as information systems, aka WiInf)","more than 1 year, but less than or equal 3 years","6",1,3,1,1,6,6,"True",1593,11,,1593.0,4391.0,2798.0,-6801.0,12785.0,"OK"
"between 18 and (excluding) 25","Undergraduate student (BSc not yet finished)","computer science related (such as information systems, aka WiInf)","more than 1 year, but less than or equal 3 years","6",2,2,1,1,5,5,"True",1486,11,,1438.0,1486.0,48.0,1294.0,1630.0,"OK"
"between 18 and (excluding) 25","Undergraduate student (BSc not yet finished)","computer science related (such as information systems, aka WiInf)","more than 1 year, but less than or equal 3 years","Dynamic",3,1,1,1,3,3,"True",1315,11,,1258.0,1417.0,159.0,781.0,1894.0,"OK"
"between 18 and (excluding) 25","Undergraduate student (BSc not yet finished)","computer science related (such as information systems, aka WiInf)","more than 1 year, but less than or equal 3 years","4",1,3,1,1,3,3,"True",997,11,,1402.0,1518.0,116.0,1054.0,1866.0,"Outlier"
"between 18 and (excluding) 25","Undergraduate student (BSc not yet finished)","computer science related (such as information systems, aka WiInf)","more than 1 year, but less than or equal 3 years","6",3,1,1,1,4,4,"True",1444,11,,1444.0,1589.0,145.0,1009.0,2024.0,"OK"
"between 18 and (excluding) 25","Undergraduate student (BSc not yet finished)","computer science related (such as information systems, aka WiInf)","more than 1 year, but less than or equal 3 years","Dynamic",1,3,1,1,7,7,"True",1261,11,,1086.0,1261.0,175.0,561.0,1786.0,"OK"
"between 18 and (excluding) 25","Undergraduate student (BSc not yet finished)","computer science related (such as information systems, aka WiInf)","more than 1 year, but less than or equal 3 years","6",3,1,1,1,3,3,"True",1997,11,,1444.0,1589.0,145.0,1009.0,2024.0,"OK"
"between 18 and (excluding) 25","Undergraduate student (BSc not yet finished)","computer science related (such as information systems, aka WiInf)","more than 1 year, but less than or equal 3 years","6",7,3,1,1,3,3,"True",1038,11,,1061.0,1369.0,308.0,137.0,2293.0,"OK"
"between 18 and (excluding) 25","Undergraduate student (BSc not yet finished)","computer science related (such as information systems, aka WiInf)","more than 1 year, but less than or equal 3 years","8",3,1,1,1,1,1,"True",1504,11,,1504.0,1844.0,340.0,484.0,2864.0,"OK"
"between 18 and (excluding) 25","Undergraduate student (BSc not yet finished)","computer science related (such as information systems, aka WiInf)","more than 1 year, but less than or equal 3 years","4",2,2,1,1,4,4,"True",1289,11,,1372.0,1506.0,134.0,970.0,1908.0,"OK"
"between 18 and (excluding) 25","Undergraduate student (BSc not yet finished)","computer science related (such as information systems, aka WiInf)","more than 1 year, but less than or equal 3 years","8",6,2,1,1,3,3,"True",1181,11,,1326.0,1753.0,427.0,45.0,3034.0,"OK"
"between 18 and (excluding) 25","Undergraduate student (BSc not yet finished)","computer science related (such as information systems, aka WiInf)","more than 1 year, but less than or equal 3 years","4",7,3,1,1,6,6,"True",1105,11,,1100.0,1139.0,39.0,983.0,1256.0,"OK"
"between 18 and (excluding) 25","Undergraduate student (BSc not yet finished)","computer science related (such as information systems, aka WiInf)","more than 1 year, but less than or equal 3 years","Dynamic",5,1,1,1,1,1,"True",935,11,,935.0,1393.0,458.0,-439.0,2767.0,"OK"
"between 18 and (excluding) 25","Undergraduate student (BSc not yet finished)","computer science related (such as information systems, aka WiInf)","more than 1 year, but less than or equal 3 years","6",5,1,1,1,4,4,"True",1767,11,,1767.0,2021.0,254.0,1005.0,2783.0,"OK"
"between 18 and (excluding) 25","Undergraduate student (BSc not yet finished)","computer science related (such as information systems, aka WiInf)","more than 1 year, but less than or equal 3 years","8",2,2,1,1,5,5,"True",1136,11,,1138.0,1501.0,363.0,49.0,2590.0,"OK"
"between 18 and (excluding) 25","Undergraduate student (BSc not yet finished)","computer science related (such as information systems, aka WiInf)","more than 1 year, but less than or equal 3 years","6",4,0,1,1,4,4,"True",1109,11,,1121.0,1551.0,430.0,-169.0,2841.0,"OK"
"between 25 and (excluding) 30","Professional software developer","I do not study","more than 5 years","4",4,0,1,1,1,1,"True",2606,12,,2606.0,4533.0,1927.0,-3175.0,10314.0,"OK"
"between 25 and (excluding) 30","Professional software developer","I do not study","more than 5 years","4",7,3,1,1,3,3,"True",1355,12,,1278.0,1387.0,109.0,951.0,1714.0,"OK"
"between 25 and (excluding) 30","Professional software developer","I do not study","more than 5 years","2",7,3,1,1,2,2,"True",1102,12,,1435.0,1495.0,60.0,1255.0,1675.0,"Outlier"
"between 25 and (excluding) 30","Professional software developer","I do not study","more than 5 years","2",4,0,1,1,2,2,"True",2593,12,,2972.0,5623.0,2651.0,-4981.0,13576.0,"OK"
"between 25 and (excluding) 30","Professional software developer","I do not study","more than 5 years","8",4,0,1,1,5,5,"True",2546,12,,2262.0,2546.0,284.0,1410.0,3398.0,"OK"
"between 25 and (excluding) 30","Professional software developer","I do not study","more than 5 years","10",1,3,1,1,3,3,"True",1960,12,,1603.0,1794.0,191.0,1030.0,2367.0,"OK"
"between 25 and (excluding) 30","Professional software developer","I do not study","more than 5 years","8",5,1,1,1,3,3,"True",2894,12,,1324.0,2894.0,1570.0,-3386.0,7604.0,"OK"
"between 25 and (excluding) 30","Professional software developer","I do not study","more than 5 years","4",5,1,1,1,1,1,"True",2888,12,,1826.0,2888.0,1062.0,-1360.0,6074.0,"OK"
"between 25 and (excluding) 30","Professional software developer","I do not study","more than 5 years","10",1,3,1,1,7,7,"True",1794,12,,1603.0,1794.0,191.0,1030.0,2367.0,"OK"
"between 25 and (excluding) 30","Professional software developer","I do not study","more than 5 years","2",2,2,1,1,5,5,"True",2569,12,,1942.0,2283.0,341.0,919.0,3306.0,"OK"
"between 25 and (excluding) 30","Professional software developer","I do not study","more than 5 years","4",6,2,1,1,5,5,"True",1795,12,,1489.0,1795.0,306.0,571.0,2713.0,"OK"
"between 25 and (excluding) 30","Professional software developer","I do not study","more than 5 years","2",6,2,1,1,6,6,"True",2497,12,,1707.0,2497.0,790.0,-663.0,4867.0,"OK"
"between 25 and (excluding) 30","Professional software developer","I do not study","more than 5 years","6",5,1,1,1,3,3,"True",1929,12,,1718.0,1866.0,148.0,1274.0,2310.0,"OK"
"between 25 and (excluding) 30","Professional software developer","I do not study","more than 5 years","10",2,2,1,1,6,6,"True",1594,12,,1495.0,1656.0,161.0,1012.0,2139.0,"OK"
"between 25 and (excluding) 30","Professional software developer","I do not study","more than 5 years","Dynamic",2,2,1,1,7,7,"True",1312,12,,1276.0,1319.0,43.0,1147.0,1448.0,"OK"
"between 25 and (excluding) 30","Professional software developer","I do not study","more than 5 years","2",6,2,1,1,6,6,"True",1501,12,,1707.0,2497.0,790.0,-663.0,4867.0,"OK"
"between 25 and (excluding) 30","Professional software developer","I do not study","more than 5 years","4",4,0,1,1,6,6,"True",2439,12,,2606.0,4533.0,1927.0,-3175.0,10314.0,"OK"
"between 25 and (excluding) 30","Professional software developer","I do not study","more than 5 years","2",5,1,1,1,2,2,"True",2519,12,,2952.0,3481.0,529.0,1365.0,5068.0,"OK"
"between 25 and (excluding) 30","Professional software developer","I do not study","more than 5 years","2",4,0,1,1,7,7,"True",5544,12,,2972.0,5623.0,2651.0,-4981.0,13576.0,"OK"
"between 25 and (excluding) 30","Professional software developer","I do not study","more than 5 years","6",7,3,1,1,7,7,"True",1707,12,,1301.0,1404.0,103.0,992.0,1713.0,"OK"
"between 25 and (excluding) 30","Professional software developer","I do not study","more than 5 years","6",6,2,1,1,2,2,"True",1504,12,,1504.0,1688.0,184.0,952.0,2240.0,"OK"
"between 25 and (excluding) 30","Professional software developer","I do not study","more than 5 years","10",4,0,1,1,1,1,"True",1131,12,,1131.0,2410.0,1279.0,-2706.0,6247.0,"OK"
"between 25 and (excluding) 30","Professional software developer","I do not study","more than 5 years","10",1,3,0,1,4,5,"False",1695,12,,1603.0,1794.0,191.0,1030.0,2367.0,"OK"
"between 25 and (excluding) 30","Professional software developer","I do not study","more than 5 years","2",4,0,1,1,1,1,"True",6096,12,,2972.0,5623.0,2651.0,-4981.0,13576.0,"OK"
"between 25 and (excluding) 30","Professional software developer","I do not study","more than 5 years","6",4,0,1,1,3,3,"True",4384,12,,1522.0,3517.0,1995.0,-4463.0,9502.0,"OK"
"between 25 and (excluding) 30","Professional software developer","I do not study","more than 5 years","4",4,0,1,1,2,2,"True",4533,12,,2606.0,4533.0,1927.0,-3175.0,10314.0,"OK"
"between 25 and (excluding) 30","Professional software developer","I do not study","more than 5 years","6",6,2,1,1,6,6,"True",1688,12,,1504.0,1688.0,184.0,952.0,2240.0,"OK"
"between 25 and (excluding) 30","Professional software developer","I do not study","more than 5 years","Dynamic",1,3,1,1,1,1,"True",1047,12,,1047.0,1451.0,404.0,-165.0,2663.0,"OK"
"between 25 and (excluding) 30","Professional software developer","I do not study","more than 5 years","4",6,2,1,1,1,1,"True",1220,12,,1489.0,1795.0,306.0,571.0,2713.0,"OK"
"between 25 and (excluding) 30","Professional software developer","I do not study","more than 5 years","10",3,1,1,1,6,6,"True",1590,12,,1174.0,1554.0,380.0,34.0,2694.0,"OK"
"between 25 and (excluding) 30","Professional software developer","I do not study","more than 5 years","8",5,1,1,1,3,3,"True",1534,12,,1324.0,2894.0,1570.0,-3386.0,7604.0,"OK"
"between 25 and (excluding) 30","Professional software developer","I do not study","more than 5 years","8",1,3,1,1,2,2,"True",1333,12,,1289.0,1500.0,211.0,656.0,2133.0,"OK"
"between 25 and (excluding) 30","Professional software developer","I do not study","more than 5 years","10",5,1,1,1,7,7,"True",1591,12,,1447.0,1591.0,144.0,1015.0,2023.0,"OK"
"between 25 and (excluding) 30","Professional software developer","I do not study","more than 5 years","Dynamic",6,2,1,1,5,5,"True",3852,12,,1324.0,2398.0,1074.0,-1898.0,5620.0,"OK"
"between 25 and (excluding) 30","Professional software developer","I do not study","more than 5 years","6",4,0,1,1,1,1,"True",1522,12,,1522.0,3517.0,1995.0,-4463.0,9502.0,"OK"
"between 25 and (excluding) 30","Professional software developer","I do not study","more than 5 years","10",5,1,1,1,4,4,"True",1384,12,,1447.0,1591.0,144.0,1015.0,2023.0,"OK"
"between 25 and (excluding) 30","Professional software developer","I do not study","more than 5 years","2",4,0,1,1,1,1,"True",2972,12,,2972.0,5623.0,2651.0,-4981.0,13576.0,"OK"
"between 25 and (excluding) 30","Professional software developer","I do not study","more than 5 years","10",5,1,1,1,6,6,"True",1457,12,,1447.0,1591.0,144.0,1015.0,2023.0,"OK"
"between 25 and (excluding) 30","Professional software developer","I do not study","more than 5 years","Dynamic",1,3,1,1,5,5,"True",2068,12,,1047.0,1451.0,404.0,-165.0,2663.0,"OK"
"between 25 and (excluding) 30","Professional software developer","I do not study","more than 5 years","2",6,2,1,1,5,5,"True",3055,12,,1707.0,2497.0,790.0,-663.0,4867.0,"OK"
"between 25 and (excluding) 30","Professional software developer","I do not study","more than 5 years","2",6,2,1,1,4,4,"True",1707,12,,1707.0,2497.0,790.0,-663.0,4867.0,"OK"
"between 25 and (excluding) 30","Professional software developer","I do not study","more than 5 years","6",2,2,1,1,6,6,"True",2280,12,,1904.0,2280.0,376.0,776.0,3408.0,"OK"
"between 25 and (excluding) 30","Professional software developer","I do not study","more than 5 years","Dynamic",4,0,1,1,2,2,"True",1602,12,,1274.0,1602.0,328.0,290.0,2586.0,"OK"
"between 25 and (excluding) 30","Professional software developer","I do not study","more than 5 years","2",1,3,1,1,5,5,"True",1689,12,,1243.0,1689.0,446.0,-95.0,3027.0,"OK"
"between 25 and (excluding) 30","Professional software developer","I do not study","more than 5 years","6",7,3,1,1,6,6,"True",1335,12,,1301.0,1404.0,103.0,992.0,1713.0,"OK"
"between 25 and (excluding) 30","Professional software developer","I do not study","more than 5 years","10",1,3,1,1,5,5,"True",1197,12,,1603.0,1794.0,191.0,1030.0,2367.0,"OK"
"between 25 and (excluding) 30","Professional software developer","I do not study","more than 5 years","4",3,1,1,1,5,5,"True",3578,12,,2024.0,2879.0,855.0,-541.0,5444.0,"OK"
"between 25 and (excluding) 30","Professional software developer","I do not study","more than 5 years","6",1,3,1,1,3,3,"True",1861,12,,1290.0,1533.0,243.0,561.0,2262.0,"OK"
"between 25 and (excluding) 30","Professional software developer","I do not study","more than 5 years","8",5,1,1,1,2,2,"True",1324,12,,1324.0,2894.0,1570.0,-3386.0,7604.0,"OK"
"between 25 and (excluding) 30","Professional software developer","I do not study","more than 5 years","6",2,2,1,1,7,7,"True",2531,12,,1904.0,2280.0,376.0,776.0,3408.0,"OK"
"between 25 and (excluding) 30","Professional software developer","I do not study","more than 5 years","8",3,1,1,1,2,2,"True",1280,12,,1280.0,1403.0,123.0,911.0,1772.0,"OK"
"between 25 and (excluding) 30","Professional software developer","I do not study","more than 5 years","8",4,0,1,1,2,2,"True",2262,12,,2262.0,2546.0,284.0,1410.0,3398.0,"OK"
"between 25 and (excluding) 30","Professional software developer","I do not study","more than 5 years","8",1,3,1,1,1,1,"True",1789,12,,1289.0,1500.0,211.0,656.0,2133.0,"OK"
"between 25 and (excluding) 30","Professional software developer","I do not study","more than 5 years","8",6,2,1,1,4,4,"True",1660,12,,1135.0,1490.0,355.0,70.0,2555.0,"OK"
"between 25 and (excluding) 30","Professional software developer","I do not study","more than 5 years","8",7,3,1,1,3,3,"True",1627,12,,984.0,1627.0,643.0,-945.0,3556.0,"OK"
"between 25 and (excluding) 30","Professional software developer","I do not study","more than 5 years","8",5,1,1,1,1,1,"True",1171,12,,1324.0,2894.0,1570.0,-3386.0,7604.0,"OK"
"between 25 and (excluding) 30","Professional software developer","I do not study","more than 5 years","4",6,2,1,1,3,3,"True",1715,12,,1489.0,1795.0,306.0,571.0,2713.0,"OK"
"between 25 and (excluding) 30","Professional software developer","I do not study","more than 5 years","10",3,1,1,1,1,1,"True",1076,12,,1174.0,1554.0,380.0,34.0,2694.0,"OK"
"between 25 and (excluding) 30","Professional software developer","I do not study","more than 5 years","10",6,2,1,1,1,1,"True",1090,12,,1090.0,1629.0,539.0,-527.0,3246.0,"OK"
"between 25 and (excluding) 30","Professional software developer","I do not study","more than 5 years","10",7,3,1,1,1,1,"True",999,12,,1313.0,1382.0,69.0,1106.0,1589.0,"Outlier"
"between 25 and (excluding) 30","Professional software developer","I do not study","more than 5 years","10",6,2,1,1,7,7,"True",1294,12,,1090.0,1629.0,539.0,-527.0,3246.0,"OK"
"between 25 and (excluding) 30","Professional software developer","I do not study","more than 5 years","8",6,2,1,1,1,1,"True",1135,12,,1135.0,1490.0,355.0,70.0,2555.0,"OK"
"between 25 and (excluding) 30","Professional software developer","I do not study","more than 5 years","2",1,3,1,1,2,2,"True",1234,12,,1243.0,1689.0,446.0,-95.0,3027.0,"OK"
"between 25 and (excluding) 30","Professional software developer","I do not study","more than 5 years","4",4,0,1,1,7,7,"True",6766,12,,2606.0,4533.0,1927.0,-3175.0,10314.0,"OK"
"between 25 and (excluding) 30","Professional software developer","I do not study","more than 5 years","2",1,3,1,1,6,6,"True",2278,12,,1243.0,1689.0,446.0,-95.0,3027.0,"OK"
"between 25 and (excluding) 30","Professional software developer","I do not study","more than 5 years","8",3,1,1,1,3,3,"True",1346,12,,1280.0,1403.0,123.0,911.0,1772.0,"OK"
"between 25 and (excluding) 30","Professional software developer","I do not study","more than 5 years","8",3,1,1,1,1,1,"True",1065,12,,1280.0,1403.0,123.0,911.0,1772.0,"OK"
"between 25 and (excluding) 30","Professional software developer","I do not study","more than 5 years","10",7,3,1,1,4,4,"True",1525,12,,1313.0,1382.0,69.0,1106.0,1589.0,"OK"
"between 25 and (excluding) 30","Professional software developer","I do not study","more than 5 years","2",2,2,1,1,7,7,"True",1894,12,,1942.0,2283.0,341.0,919.0,3306.0,"OK"
"between 25 and (excluding) 30","Professional software developer","I do not study","more than 5 years","2",3,1,1,1,3,3,"True",2078,12,,2040.0,2078.0,38.0,1926.0,2192.0,"OK"
"between 25 and (excluding) 30","Professional software developer","I do not study","more than 5 years","10",4,0,1,1,3,3,"True",2598,12,,1131.0,2410.0,1279.0,-2706.0,6247.0,"OK"
"between 25 and (excluding) 30","Professional software developer","I do not study","more than 5 years","6",6,2,1,1,3,3,"True",1524,12,,1504.0,1688.0,184.0,952.0,2240.0,"OK"
"between 25 and (excluding) 30","Professional software developer","I do not study","more than 5 years","8",6,2,1,1,5,5,"True",1059,12,,1135.0,1490.0,355.0,70.0,2555.0,"OK"
"between 25 and (excluding) 30","Professional software developer","I do not study","more than 5 years","4",6,2,0,1,5,4,"False",2534,12,,1489.0,1795.0,306.0,571.0,2713.0,"OK"
"between 25 and (excluding) 30","Professional software developer","I do not study","more than 5 years","4",3,1,1,1,1,1,"True",2024,12,,2024.0,2879.0,855.0,-541.0,5444.0,"OK"
"between 25 and (excluding) 30","Professional software developer","I do not study","more than 5 years","2",5,1,1,1,4,4,"True",3165,12,,2952.0,3481.0,529.0,1365.0,5068.0,"OK"
"between 25 and (excluding) 30","Professional software developer","I do not study","more than 5 years","4",1,3,1,1,5,5,"True",1401,12,,1271.0,2010.0,739.0,-946.0,4227.0,"OK"
"between 25 and (excluding) 30","Professional software developer","I do not study","more than 5 years","4",1,3,1,1,6,6,"True",1264,12,,1271.0,2010.0,739.0,-946.0,4227.0,"OK"
"between 25 and (excluding) 30","Professional software developer","I do not study","more than 5 years","10",2,2,1,1,3,3,"True",1859,12,,1495.0,1656.0,161.0,1012.0,2139.0,"OK"
"between 25 and (excluding) 30","Professional software developer","I do not study","more than 5 years","10",4,0,1,1,5,5,"True",2410,12,,1131.0,2410.0,1279.0,-2706.0,6247.0,"OK"
"between 25 and (excluding) 30","Professional software developer","I do not study","more than 5 years","6",2,2,1,1,6,6,"True",1741,12,,1904.0,2280.0,376.0,776.0,3408.0,"OK"
"between 25 and (excluding) 30","Professional software developer","I do not study","more than 5 years","Dynamic",2,2,1,1,3,3,"True",1430,12,,1276.0,1319.0,43.0,1147.0,1448.0,"OK"
"between 25 and (excluding) 30","Professional software developer","I do not study","more than 5 years","4",5,1,1,1,4,4,"True",1623,12,,1826.0,2888.0,1062.0,-1360.0,6074.0,"OK"
"between 25 and (excluding) 30","Professional software developer","I do not study","more than 5 years","10",6,2,1,1,4,4,"True",2602,12,,1090.0,1629.0,539.0,-527.0,3246.0,"OK"
"between 25 and (excluding) 30","Professional software developer","I do not study","more than 5 years","6",5,1,1,1,1,1,"True",1336,12,,1718.0,1866.0,148.0,1274.0,2310.0,"OK"
"between 25 and (excluding) 30","Professional software developer","I do not study","more than 5 years","2",2,2,1,1,1,1,"True",1997,12,,1942.0,2283.0,341.0,919.0,3306.0,"OK"
"between 25 and (excluding) 30","Professional software developer","I do not study","more than 5 years","2",1,3,1,1,5,5,"True",1351,12,,1243.0,1689.0,446.0,-95.0,3027.0,"OK"
"between 25 and (excluding) 30","Professional software developer","I do not study","more than 5 years","6",5,1,1,1,6,6,"True",1849,12,,1718.0,1866.0,148.0,1274.0,2310.0,"OK"
"between 25 and (excluding) 30","Professional software developer","I do not study","more than 5 years","10",4,0,1,1,1,1,"True",1643,12,,1131.0,2410.0,1279.0,-2706.0,6247.0,"OK"
"between 25 and (excluding) 30","Professional software developer","I do not study","more than 5 years","4",7,3,1,1,1,1,"True",1049,12,,1278.0,1387.0,109.0,951.0,1714.0,"OK"
"between 25 and (excluding) 30","Professional software developer","I do not study","more than 5 years","Dynamic",6,2,1,1,2,2,"True",1317,12,,1324.0,2398.0,1074.0,-1898.0,5620.0,"OK"
"between 25 and (excluding) 30","Professional software developer","I do not study","more than 5 years","2",6,2,1,1,2,2,"True",1844,12,,1707.0,2497.0,790.0,-663.0,4867.0,"OK"
"between 25 and (excluding) 30","Professional software developer","I do not study","more than 5 years","Dynamic",5,1,1,1,2,2,"True",2130,12,,1378.0,1775.0,397.0,187.0,2966.0,"OK"
"between 25 and (excluding) 30","Professional software developer","I do not study","more than 5 years","10",5,1,1,1,3,3,"True",1956,12,,1447.0,1591.0,144.0,1015.0,2023.0,"OK"
"between 25 and (excluding) 30","Professional software developer","I do not study","more than 5 years","Dynamic",4,0,1,1,2,2,"True",1259,12,,1274.0,1602.0,328.0,290.0,2586.0,"OK"
"between 25 and (excluding) 30","Professional software developer","I do not study","more than 5 years","6",1,3,1,1,2,2,"True",1279,12,,1290.0,1533.0,243.0,561.0,2262.0,"OK"
"between 25 and (excluding) 30","Professional software developer","I do not study","more than 5 years","6",7,3,1,1,5,5,"True",1301,12,,1301.0,1404.0,103.0,992.0,1713.0,"OK"
"between 25 and (excluding) 30","Professional software developer","I do not study","more than 5 years","10",7,3,1,1,4,4,"True",1313,12,,1313.0,1382.0,69.0,1106.0,1589.0,"OK"
"between 25 and (excluding) 30","Professional software developer","I do not study","more than 5 years","10",2,2,1,1,4,4,"True",1380,12,,1495.0,1656.0,161.0,1012.0,2139.0,"OK"
"between 25 and (excluding) 30","Professional software developer","I do not study","more than 5 years","4",1,3,1,1,2,2,"True",1271,12,,1271.0,2010.0,739.0,-946.0,4227.0,"OK"
"between 25 and (excluding) 30","Professional software developer","I do not study","more than 5 years","2",3,1,1,1,2,2,"True",1710,12,,2040.0,2078.0,38.0,1926.0,2192.0,"Outlier"
"between 25 and (excluding) 30","Professional software developer","I do not study","more than 5 years","6",4,0,1,1,5,5,"True",3517,12,,1522.0,3517.0,1995.0,-4463.0,9502.0,"OK"
"between 25 and (excluding) 30","Professional software developer","I do not study","more than 5 years","4",6,2,1,1,2,2,"True",1489,12,,1489.0,1795.0,306.0,571.0,2713.0,"OK"
"between 25 and (excluding) 30","Professional software developer","I do not study","more than 5 years","10",3,1,1,1,1,1,"True",1174,12,,1174.0,1554.0,380.0,34.0,2694.0,"OK"
"between 25 and (excluding) 30","Professional software developer","I do not study","more than 5 years","Dynamic",2,2,1,1,3,3,"True",1263,12,,1276.0,1319.0,43.0,1147.0,1448.0,"OK"
"between 25 and (excluding) 30","Professional software developer","I do not study","more than 5 years","2",5,1,1,1,7,7,"True",3481,12,,2952.0,3481.0,529.0,1365.0,5068.0,"OK"
"between 25 and (excluding) 30","Professional software developer","I do not study","more than 5 years","Dynamic",2,2,1,1,3,3,"True",1319,12,,1276.0,1319.0,43.0,1147.0,1448.0,"OK"
"between 25 and (excluding) 30","Professional software developer","I do not study","more than 5 years","Dynamic",6,2,1,1,7,7,"True",1456,12,,1324.0,2398.0,1074.0,-1898.0,5620.0,"OK"
"between 25 and (excluding) 30","Professional software developer","I do not study","more than 5 years","2",3,1,1,1,4,4,"True",2040,12,,2040.0,2078.0,38.0,1926.0,2192.0,"OK"
"between 25 and (excluding) 30","Professional software developer","I do not study","more than 5 years","Dynamic",3,1,1,1,4,4,"True",1295,12,,1174.0,1295.0,121.0,811.0,1658.0,"OK"
"between 25 and (excluding) 30","Professional software developer","I do not study","more than 5 years","4",7,3,1,1,5,5,"True",1278,12,,1278.0,1387.0,109.0,951.0,1714.0,"OK"
"between 25 and (excluding) 30","Professional software developer","I do not study","more than 5 years","8",2,2,1,1,6,6,"True",1412,12,,1186.0,1601.0,415.0,-59.0,2846.0,"OK"
"between 25 and (excluding) 30","Professional software developer","I do not study","more than 5 years","Dynamic",5,1,1,1,2,2,"True",1441,12,,1378.0,1775.0,397.0,187.0,2966.0,"OK"
"between 25 and (excluding) 30","Professional software developer","I do not study","more than 5 years","4",5,1,1,1,7,7,"True",2084,12,,1826.0,2888.0,1062.0,-1360.0,6074.0,"OK"
"between 25 and (excluding) 30","Professional software developer","I do not study","more than 5 years","10",6,2,1,1,2,2,"True",1045,12,,1090.0,1629.0,539.0,-527.0,3246.0,"OK"
"between 25 and (excluding) 30","Professional software developer","I do not study","more than 5 years","4",3,1,1,1,5,5,"True",1993,12,,2024.0,2879.0,855.0,-541.0,5444.0,"OK"
"between 25 and (excluding) 30","Professional software developer","I do not study","more than 5 years","6",1,3,1,1,4,4,"True",1514,12,,1290.0,1533.0,243.0,561.0,2262.0,"OK"
"between 25 and (excluding) 30","Professional software developer","I do not study","more than 5 years","8",7,3,1,1,1,1,"True",922,12,,984.0,1627.0,643.0,-945.0,3556.0,"OK"
"between 25 and (excluding) 30","Professional software developer","I do not study","more than 5 years","2",5,1,1,1,5,5,"True",2952,12,,2952.0,3481.0,529.0,1365.0,5068.0,"OK"
"between 25 and (excluding) 30","Professional software developer","I do not study","more than 5 years","4",5,1,1,1,3,3,"True",3453,12,,1826.0,2888.0,1062.0,-1360.0,6074.0,"OK"
"between 25 and (excluding) 30","Professional software developer","I do not study","more than 5 years","2",2,2,1,1,6,6,"True",1942,12,,1942.0,2283.0,341.0,919.0,3306.0,"OK"
"between 25 and (excluding) 30","Professional software developer","I do not study","more than 5 years","8",7,3,1,1,2,2,"True",1009,12,,984.0,1627.0,643.0,-945.0,3556.0,"OK"
"between 25 and (excluding) 30","Professional software developer","I do not study","more than 5 years","8",1,3,1,1,1,1,"True",1055,12,,1289.0,1500.0,211.0,656.0,2133.0,"OK"
"between 25 and (excluding) 30","Professional software developer","I do not study","more than 5 years","10",7,3,1,1,7,7,"True",1337,12,,1313.0,1382.0,69.0,1106.0,1589.0,"OK"
"between 25 and (excluding) 30","Professional software developer","I do not study","more than 5 years","Dynamic",3,1,1,1,7,7,"True",1292,12,,1174.0,1295.0,121.0,811.0,1658.0,"OK"
"between 25 and (excluding) 30","Professional software developer","I do not study","more than 5 years","2",7,3,1,1,7,7,"True",1445,12,,1435.0,1495.0,60.0,1255.0,1675.0,"OK"
"between 25 and (excluding) 30","Professional software developer","I do not study","more than 5 years","4",2,2,1,1,2,2,"True",1291,12,,1368.0,2034.0,666.0,-630.0,4032.0,"OK"
"between 25 and (excluding) 30","Professional software developer","I do not study","more than 5 years","8",3,1,1,1,4,4,"True",2466,12,,1280.0,1403.0,123.0,911.0,1772.0,"Outlier"
"between 25 and (excluding) 30","Professional software developer","I do not study","more than 5 years","8",5,1,1,1,2,2,"True",3526,12,,1324.0,2894.0,1570.0,-3386.0,7604.0,"OK"
"between 25 and (excluding) 30","Professional software developer","I do not study","more than 5 years","Dynamic",1,3,1,1,7,7,"True",1259,12,,1047.0,1451.0,404.0,-165.0,2663.0,"OK"
"between 25 and (excluding) 30","Professional software developer","I do not study","more than 5 years","6",5,1,1,1,5,5,"True",1718,12,,1718.0,1866.0,148.0,1274.0,2310.0,"OK"
"between 25 and (excluding) 30","Professional software developer","I do not study","more than 5 years","Dynamic",7,3,1,1,5,5,"True",2150,12,,1623.0,2150.0,527.0,42.0,3731.0,"OK"
"between 25 and (excluding) 30","Professional software developer","I do not study","more than 5 years","4",7,3,1,1,7,7,"True",1387,12,,1278.0,1387.0,109.0,951.0,1714.0,"OK"
"between 25 and (excluding) 30","Professional software developer","I do not study","more than 5 years","2",7,3,1,1,7,7,"True",1435,12,,1435.0,1495.0,60.0,1255.0,1675.0,"OK"
"between 25 and (excluding) 30","Professional software developer","I do not study","more than 5 years","6",3,1,1,1,1,1,"True",2009,12,,2009.0,2734.0,725.0,-166.0,4909.0,"OK"
"between 25 and (excluding) 30","Professional software developer","I do not study","more than 5 years","4",3,1,1,1,7,7,"True",2879,12,,2024.0,2879.0,855.0,-541.0,5444.0,"OK"
"between 25 and (excluding) 30","Professional software developer","I do not study","more than 5 years","4",3,1,1,1,3,3,"True",2028,12,,2024.0,2879.0,855.0,-541.0,5444.0,"OK"
"between 25 and (excluding) 30","Professional software developer","I do not study","more than 5 years","8",2,2,1,1,5,5,"True",2359,12,,1186.0,1601.0,415.0,-59.0,2846.0,"OK"
"between 25 and (excluding) 30","Professional software developer","I do not study","more than 5 years","Dynamic",2,2,1,1,7,7,"True",1276,12,,1276.0,1319.0,43.0,1147.0,1448.0,"OK"
"between 25 and (excluding) 30","Professional software developer","I do not study","more than 5 years","4",2,2,1,1,1,1,"True",1494,12,,1368.0,2034.0,666.0,-630.0,4032.0,"OK"
"between 25 and (excluding) 30","Professional software developer","I do not study","more than 5 years","10",1,3,1,1,7,7,"True",1603,12,,1603.0,1794.0,191.0,1030.0,2367.0,"OK"
"between 25 and (excluding) 30","Professional software developer","I do not study","more than 5 years","Dynamic",6,2,1,1,7,7,"True",2398,12,,1324.0,2398.0,1074.0,-1898.0,5620.0,"OK"
"between 25 and (excluding) 30","Professional software developer","I do not study","more than 5 years","8",4,0,1,1,1,1,"True",2395,12,,2262.0,2546.0,284.0,1410.0,3398.0,"OK"
"between 25 and (excluding) 30","Professional software developer","I do not study","more than 5 years","8",4,0,1,1,3,3,"True",2659,12,,2262.0,2546.0,284.0,1410.0,3398.0,"OK"
"between 25 and (excluding) 30","Professional software developer","I do not study","more than 5 years","10",3,1,1,1,5,5,"True",1554,12,,1174.0,1554.0,380.0,34.0,2694.0,"OK"
"between 25 and (excluding) 30","Professional software developer","I do not study","more than 5 years","Dynamic",4,0,1,1,3,3,"True",2129,12,,1274.0,1602.0,328.0,290.0,2586.0,"OK"
"between 25 and (excluding) 30","Professional software developer","I do not study","more than 5 years","2",7,3,1,1,6,6,"True",1619,12,,1435.0,1495.0,60.0,1255.0,1675.0,"OK"
"between 25 and (excluding) 30","Professional software developer","I do not study","more than 5 years","8",7,3,1,1,1,1,"True",984,12,,984.0,1627.0,643.0,-945.0,3556.0,"OK"
"between 25 and (excluding) 30","Professional software developer","I do not study","more than 5 years","2",4,0,0,1,5,4,"False",5623,12,,2972.0,5623.0,2651.0,-4981.0,13576.0,"OK"
"between 25 and (excluding) 30","Professional software developer","I do not study","more than 5 years","Dynamic",5,1,1,1,3,3,"True",1775,12,,1378.0,1775.0,397.0,187.0,2966.0,"OK"
"between 25 and (excluding) 30","Professional software developer","I do not study","more than 5 years","Dynamic",7,3,1,1,3,3,"True",2968,12,,1623.0,2150.0,527.0,42.0,3731.0,"OK"
"between 25 and (excluding) 30","Professional software developer","I do not study","more than 5 years","Dynamic",7,3,1,1,1,1,"True",1120,12,,1623.0,2150.0,527.0,42.0,3731.0,"OK"
"between 25 and (excluding) 30","Professional software developer","I do not study","more than 5 years","Dynamic",7,3,1,1,2,2,"True",1623,12,,1623.0,2150.0,527.0,42.0,3731.0,"OK"
"between 25 and (excluding) 30","Professional software developer","I do not study","more than 5 years","6",3,1,1,1,5,5,"True",3500,12,,2009.0,2734.0,725.0,-166.0,4909.0,"OK"
"between 25 and (excluding) 30","Professional software developer","I do not study","more than 5 years","10",7,3,1,1,6,6,"True",1382,12,,1313.0,1382.0,69.0,1106.0,1589.0,"OK"
"between 25 and (excluding) 30","Professional software developer","I do not study","more than 5 years","4",1,3,1,1,6,6,"True",3007,12,,1271.0,2010.0,739.0,-946.0,4227.0,"OK"
"between 25 and (excluding) 30","Professional software developer","I do not study","more than 5 years","6",2,2,1,1,1,1,"True",1904,12,,1904.0,2280.0,376.0,776.0,3408.0,"OK"
"between 25 and (excluding) 30","Professional software developer","I do not study","more than 5 years","6",6,2,1,1,5,5,"True",1990,12,,1504.0,1688.0,184.0,952.0,2240.0,"OK"
"between 25 and (excluding) 30","Professional software developer","I do not study","more than 5 years","4",2,2,1,1,3,3,"True",3670,12,,1368.0,2034.0,666.0,-630.0,4032.0,"OK"
"between 25 and (excluding) 30","Professional software developer","I do not study","more than 5 years","10",5,1,1,1,4,4,"True",1447,12,,1447.0,1591.0,144.0,1015.0,2023.0,"OK"
"between 25 and (excluding) 30","Professional software developer","I do not study","more than 5 years","8",4,0,1,1,5,5,"True",1434,12,,2262.0,2546.0,284.0,1410.0,3398.0,"OK"
"between 25 and (excluding) 30","Professional software developer","I do not study","more than 5 years","10",3,1,1,1,4,4,"True",1266,12,,1174.0,1554.0,380.0,34.0,2694.0,"OK"
"between 25 and (excluding) 30","Professional software developer","I do not study","more than 5 years","10",2,2,1,1,7,7,"True",1495,12,,1495.0,1656.0,161.0,1012.0,2139.0,"OK"
"between 25 and (excluding) 30","Professional software developer","I do not study","more than 5 years","8",2,2,1,1,1,1,"True",1186,12,,1186.0,1601.0,415.0,-59.0,2846.0,"OK"
"between 25 and (excluding) 30","Professional software developer","I do not study","more than 5 years","Dynamic",7,3,1,1,7,7,"True",1999,12,,1623.0,2150.0,527.0,42.0,3731.0,"OK"
"between 25 and (excluding) 30","Professional software developer","I do not study","more than 5 years","6",7,3,1,1,1,1,"True",1075,12,,1301.0,1404.0,103.0,992.0,1713.0,"OK"
"between 25 and (excluding) 30","Professional software developer","I do not study","more than 5 years","2",7,3,1,1,3,3,"True",1495,12,,1435.0,1495.0,60.0,1255.0,1675.0,"OK"
"between 25 and (excluding) 30","Professional software developer","I do not study","more than 5 years","Dynamic",4,0,1,1,5,5,"True",1274,12,,1274.0,1602.0,328.0,290.0,2586.0,"OK"
"between 25 and (excluding) 30","Professional software developer","I do not study","more than 5 years","Dynamic",5,1,1,1,1,1,"True",1259,12,,1378.0,1775.0,397.0,187.0,2966.0,"OK"
"between 25 and (excluding) 30","Professional software developer","I do not study","more than 5 years","Dynamic",3,1,1,1,2,2,"True",1125,12,,1174.0,1295.0,121.0,811.0,1658.0,"OK"
"between 25 and (excluding) 30","Professional software developer","I do not study","more than 5 years","2",2,2,1,1,5,5,"True",2283,12,,1942.0,2283.0,341.0,919.0,3306.0,"OK"
"between 25 and (excluding) 30","Professional software developer","I do not study","more than 5 years","6",1,3,1,1,2,2,"True",1290,12,,1290.0,1533.0,243.0,561.0,2262.0,"OK"
"between 25 and (excluding) 30","Professional software developer","I do not study","more than 5 years","Dynamic",1,3,1,1,1,1,"True",944,12,,1047.0,1451.0,404.0,-165.0,2663.0,"OK"
"between 25 and (excluding) 30","Professional software developer","I do not study","more than 5 years","Dynamic",3,1,1,1,4,4,"True",1174,12,,1174.0,1295.0,121.0,811.0,1658.0,"OK"
"between 25 and (excluding) 30","Professional software developer","I do not study","more than 5 years","10",4,0,1,1,2,2,"True",1069,12,,1131.0,2410.0,1279.0,-2706.0,6247.0,"OK"
"between 25 and (excluding) 30","Professional software developer","I do not study","more than 5 years","Dynamic",4,0,1,1,3,3,"True",1553,12,,1274.0,1602.0,328.0,290.0,2586.0,"OK"
"between 25 and (excluding) 30","Professional software developer","I do not study","more than 5 years","2",1,3,1,1,2,2,"True",1243,12,,1243.0,1689.0,446.0,-95.0,3027.0,"OK"
"between 25 and (excluding) 30","Professional software developer","I do not study","more than 5 years","6",4,0,1,1,2,2,"True",1202,12,,1522.0,3517.0,1995.0,-4463.0,9502.0,"OK"
"between 25 and (excluding) 30","Professional software developer","I do not study","more than 5 years","8",6,2,1,1,7,7,"True",1340,12,,1135.0,1490.0,355.0,70.0,2555.0,"OK"
"between 25 and (excluding) 30","Professional software developer","I do not study","more than 5 years","2",5,1,0,1,4,6,"False",4207,12,,2952.0,3481.0,529.0,1365.0,5068.0,"OK"
"between 25 and (excluding) 30","Professional software developer","I do not study","more than 5 years","6",6,2,1,1,2,2,"True",1430,12,,1504.0,1688.0,184.0,952.0,2240.0,"OK"
"between 25 and (excluding) 30","Professional software developer","I do not study","more than 5 years","8",2,2,1,1,2,2,"True",1111,12,,1186.0,1601.0,415.0,-59.0,2846.0,"OK"
"between 25 and (excluding) 30","Professional software developer","I do not study","more than 5 years","8",7,3,1,1,4,4,"True",2359,12,,984.0,1627.0,643.0,-945.0,3556.0,"OK"
"between 25 and (excluding) 30","Professional software developer","I do not study","more than 5 years","Dynamic",6,2,1,1,5,5,"True",1324,12,,1324.0,2398.0,1074.0,-1898.0,5620.0,"OK"
"between 25 and (excluding) 30","Professional software developer","I do not study","more than 5 years","4",4,0,1,1,7,7,"True",2981,12,,2606.0,4533.0,1927.0,-3175.0,10314.0,"OK"
"between 25 and (excluding) 30","Professional software developer","I do not study","more than 5 years","4",2,2,1,1,2,2,"True",1368,12,,1368.0,2034.0,666.0,-630.0,4032.0,"OK"
"between 25 and (excluding) 30","Professional software developer","I do not study","more than 5 years","4",5,1,1,1,1,1,"True",1826,12,,1826.0,2888.0,1062.0,-1360.0,6074.0,"OK"
"between 25 and (excluding) 30","Professional software developer","I do not study","more than 5 years","8",1,3,1,1,6,6,"True",1500,12,,1289.0,1500.0,211.0,656.0,2133.0,"OK"
"between 25 and (excluding) 30","Professional software developer","I do not study","more than 5 years","10",6,2,1,1,7,7,"True",1629,12,,1090.0,1629.0,539.0,-527.0,3246.0,"OK"
"between 25 and (excluding) 30","Professional software developer","I do not study","more than 5 years","10",2,2,1,1,4,4,"True",1656,12,,1495.0,1656.0,161.0,1012.0,2139.0,"OK"
"between 25 and (excluding) 30","Professional software developer","I do not study","more than 5 years","2",3,1,1,1,2,2,"True",2065,12,,2040.0,2078.0,38.0,1926.0,2192.0,"OK"
"between 25 and (excluding) 30","Professional software developer","I do not study","more than 5 years","8",1,3,1,1,4,4,"True",1289,12,,1289.0,1500.0,211.0,656.0,2133.0,"OK"
"between 25 and (excluding) 30","Professional software developer","I do not study","more than 5 years","2",3,1,1,1,7,7,"True",2561,12,,2040.0,2078.0,38.0,1926.0,2192.0,"Outlier"
"between 25 and (excluding) 30","Professional software developer","I do not study","more than 5 years","6",3,1,1,1,4,4,"True",2734,12,,2009.0,2734.0,725.0,-166.0,4909.0,"OK"
"between 25 and (excluding) 30","Professional software developer","I do not study","more than 5 years","6",1,3,1,1,6,6,"True",1533,12,,1290.0,1533.0,243.0,561.0,2262.0,"OK"
"between 25 and (excluding) 30","Professional software developer","I do not study","more than 5 years","6",2,2,1,1,5,5,"True",2039,12,,1904.0,2280.0,376.0,776.0,3408.0,"OK"
"between 25 and (excluding) 30","Professional software developer","I do not study","more than 5 years","Dynamic",3,1,1,1,3,3,"True",1338,12,,1174.0,1295.0,121.0,811.0,1658.0,"OK"
"between 25 and (excluding) 30","Professional software developer","I do not study","more than 5 years","4",1,3,1,1,3,3,"True",2010,12,,1271.0,2010.0,739.0,-946.0,4227.0,"OK"
"between 25 and (excluding) 30","Professional software developer","I do not study","more than 5 years","6",3,1,1,1,4,4,"True",1635,12,,2009.0,2734.0,725.0,-166.0,4909.0,"OK"
"between 25 and (excluding) 30","Professional software developer","I do not study","more than 5 years","Dynamic",1,3,1,1,7,7,"True",1451,12,,1047.0,1451.0,404.0,-165.0,2663.0,"OK"
"between 25 and (excluding) 30","Professional software developer","I do not study","more than 5 years","6",3,1,1,1,3,3,"True",2313,12,,2009.0,2734.0,725.0,-166.0,4909.0,"OK"
"between 25 and (excluding) 30","Professional software developer","I do not study","more than 5 years","6",7,3,1,1,3,3,"True",1404,12,,1301.0,1404.0,103.0,992.0,1713.0,"OK"
"between 25 and (excluding) 30","Professional software developer","I do not study","more than 5 years","8",3,1,1,1,1,1,"True",1403,12,,1280.0,1403.0,123.0,911.0,1772.0,"OK"
"between 25 and (excluding) 30","Professional software developer","I do not study","more than 5 years","4",2,2,1,1,4,4,"True",2034,12,,1368.0,2034.0,666.0,-630.0,4032.0,"OK"
"between 25 and (excluding) 30","Professional software developer","I do not study","more than 5 years","8",6,2,1,1,3,3,"True",1490,12,,1135.0,1490.0,355.0,70.0,2555.0,"OK"
"between 25 and (excluding) 30","Professional software developer","I do not study","more than 5 years","4",7,3,1,1,6,6,"True",1423,12,,1278.0,1387.0,109.0,951.0,1714.0,"OK"
"between 25 and (excluding) 30","Professional software developer","I do not study","more than 5 years","Dynamic",5,1,1,1,1,1,"True",1378,12,,1378.0,1775.0,397.0,187.0,2966.0,"OK"
"between 25 and (excluding) 30","Professional software developer","I do not study","more than 5 years","6",5,1,1,1,4,4,"True",1866,12,,1718.0,1866.0,148.0,1274.0,2310.0,"OK"
"between 25 and (excluding) 30","Professional software developer","I do not study","more than 5 years","8",2,2,1,1,5,5,"True",1601,12,,1186.0,1601.0,415.0,-59.0,2846.0,"OK"
"between 25 and (excluding) 30","Professional software developer","I do not study","more than 5 years","6",4,0,1,1,4,4,"True",2092,12,,1522.0,3517.0,1995.0,-4463.0,9502.0,"OK"
"between 35 and (excluding) 40","Professional software developer","Computer science","more than 5 years","4",4,0,1,1,1,1,"True",2300,13,,1848.0,2300.0,452.0,492.0,3656.0,"OK"
"between 35 and (excluding) 40","Professional software developer","Computer science","more than 5 years","4",7,3,1,1,3,3,"True",1143,13,,945.0,1131.0,186.0,387.0,1689.0,"OK"
"between 35 and (excluding) 40","Professional software developer","Computer science","more than 5 years","2",7,3,1,1,2,2,"True",1261,13,,1180.0,1337.0,157.0,709.0,1808.0,"OK"
"between 35 and (excluding) 40","Professional software developer","Computer science","more than 5 years","2",4,0,1,1,2,2,"True",5080,13,,4343.0,4951.0,608.0,2519.0,6775.0,"OK"
"between 35 and (excluding) 40","Professional software developer","Computer science","more than 5 years","8",4,0,1,1,5,5,"True",2210,13,,1201.0,1927.0,726.0,-977.0,4105.0,"OK"
"between 35 and (excluding) 40","Professional software developer","Computer science","more than 5 years","10",1,3,1,1,3,3,"True",1199,13,,1183.0,1257.0,74.0,961.0,1479.0,"OK"
"between 35 and (excluding) 40","Professional software developer","Computer science","more than 5 years","8",5,1,1,1,3,3,"True",1891,13,,1091.0,1451.0,360.0,11.0,2531.0,"OK"
"between 35 and (excluding) 40","Professional software developer","Computer science","more than 5 years","4",5,1,1,1,1,1,"True",1453,13,,1453.0,1796.0,343.0,424.0,2825.0,"OK"
"between 35 and (excluding) 40","Professional software developer","Computer science","more than 5 years","10",1,3,1,1,7,7,"True",1257,13,,1183.0,1257.0,74.0,961.0,1479.0,"OK"
"between 35 and (excluding) 40","Professional software developer","Computer science","more than 5 years","2",2,2,1,1,5,5,"True",2207,13,,1933.0,2207.0,274.0,1111.0,3029.0,"OK"
"between 35 and (excluding) 40","Professional software developer","Computer science","more than 5 years","4",6,2,1,1,5,5,"True",1457,13,,1457.0,1643.0,186.0,899.0,2201.0,"OK"
"between 35 and (excluding) 40","Professional software developer","Computer science","more than 5 years","2",6,2,1,1,6,6,"True",1711,13,,1375.0,1711.0,336.0,367.0,2719.0,"OK"
"between 35 and (excluding) 40","Professional software developer","Computer science","more than 5 years","6",5,1,1,1,3,3,"True",1837,13,,1517.0,1700.0,183.0,968.0,2249.0,"OK"
"between 35 and (excluding) 40","Professional software developer","Computer science","more than 5 years","10",2,2,1,1,6,6,"True",1200,13,,1277.0,1360.0,83.0,1028.0,1609.0,"OK"
"between 35 and (excluding) 40","Professional software developer","Computer science","more than 5 years","Dynamic",2,2,1,1,7,7,"True",999,13,,879.0,1006.0,127.0,498.0,1387.0,"OK"
"between 35 and (excluding) 40","Professional software developer","Computer science","more than 5 years","2",6,2,1,1,6,6,"True",1871,13,,1375.0,1711.0,336.0,367.0,2719.0,"OK"
"between 35 and (excluding) 40","Professional software developer","Computer science","more than 5 years","4",4,0,1,1,6,6,"True",1848,13,,1848.0,2300.0,452.0,492.0,3656.0,"OK"
"between 35 and (excluding) 40","Professional software developer","Computer science","more than 5 years","2",5,1,1,1,2,2,"True",3183,13,,3183.0,3273.0,90.0,2913.0,3543.0,"OK"
"between 35 and (excluding) 40","Professional software developer","Computer science","more than 5 years","2",4,0,1,1,7,7,"True",4365,13,,4343.0,4951.0,608.0,2519.0,6775.0,"OK"
"between 35 and (excluding) 40","Professional software developer","Computer science","more than 5 years","6",7,3,1,1,7,7,"True",1076,13,,1073.0,1105.0,32.0,977.0,1201.0,"OK"
"between 35 and (excluding) 40","Professional software developer","Computer science","more than 5 years","6",6,2,1,1,2,2,"True",1425,13,,1131.0,1425.0,294.0,249.0,2307.0,"OK"
"between 35 and (excluding) 40","Professional software developer","Computer science","more than 5 years","10",4,0,1,1,1,1,"True",1469,13,,1150.0,1469.0,319.0,193.0,2426.0,"OK"
"between 35 and (excluding) 40","Professional software developer","Computer science","more than 5 years","10",1,3,1,1,4,4,"True",1468,13,,1183.0,1257.0,74.0,961.0,1479.0,"OK"
"between 35 and (excluding) 40","Professional software developer","Computer science","more than 5 years","2",4,0,1,1,1,1,"True",2795,13,,4343.0,4951.0,608.0,2519.0,6775.0,"OK"
"between 35 and (excluding) 40","Professional software developer","Computer science","more than 5 years","6",4,0,1,1,3,3,"True",1708,13,,1099.0,1708.0,609.0,-728.0,3535.0,"OK"
"between 35 and (excluding) 40","Professional software developer","Computer science","more than 5 years","4",4,0,1,1,2,2,"True",1641,13,,1848.0,2300.0,452.0,492.0,3656.0,"OK"
"between 35 and (excluding) 40","Professional software developer","Computer science","more than 5 years","6",6,2,1,1,6,6,"True",1187,13,,1131.0,1425.0,294.0,249.0,2307.0,"OK"
"between 35 and (excluding) 40","Professional software developer","Computer science","more than 5 years","Dynamic",1,3,1,1,1,1,"True",758,13,,1022.0,1096.0,74.0,800.0,1318.0,"Outlier"
"between 35 and (excluding) 40","Professional software developer","Computer science","more than 5 years","4",6,2,1,1,1,1,"True",1077,13,,1457.0,1643.0,186.0,899.0,2201.0,"OK"
"between 35 and (excluding) 40","Professional software developer","Computer science","more than 5 years","10",3,1,1,1,6,6,"True",1314,13,,1092.0,1314.0,222.0,426.0,1980.0,"OK"
"between 35 and (excluding) 40","Professional software developer","Computer science","more than 5 years","8",5,1,1,1,3,3,"True",1294,13,,1091.0,1451.0,360.0,11.0,2531.0,"OK"
"between 35 and (excluding) 40","Professional software developer","Computer science","more than 5 years","8",1,3,1,1,2,2,"True",1246,13,,891.0,1261.0,370.0,-219.0,2371.0,"OK"
"between 35 and (excluding) 40","Professional software developer","Computer science","more than 5 years","10",5,1,1,1,7,7,"True",1137,13,,1137.0,1283.0,146.0,699.0,1721.0,"OK"
"between 35 and (excluding) 40","Professional software developer","Computer science","more than 5 years","Dynamic",6,2,1,1,5,5,"True",1181,13,,1069.0,1181.0,112.0,733.0,1517.0,"OK"
"between 35 and (excluding) 40","Professional software developer","Computer science","more than 5 years","6",4,0,1,1,1,1,"True",1368,13,,1099.0,1708.0,609.0,-728.0,3535.0,"OK"
"between 35 and (excluding) 40","Professional software developer","Computer science","more than 5 years","10",5,1,1,1,4,4,"True",1037,13,,1137.0,1283.0,146.0,699.0,1721.0,"OK"
"between 35 and (excluding) 40","Professional software developer","Computer science","more than 5 years","2",4,0,1,1,1,1,"True",4343,13,,4343.0,4951.0,608.0,2519.0,6775.0,"OK"
"between 35 and (excluding) 40","Professional software developer","Computer science","more than 5 years","10",5,1,1,1,6,6,"True",1211,13,,1137.0,1283.0,146.0,699.0,1721.0,"OK"
"between 35 and (excluding) 40","Professional software developer","Computer science","more than 5 years","Dynamic",1,3,1,1,5,5,"True",1096,13,,1022.0,1096.0,74.0,800.0,1318.0,"OK"
"between 35 and (excluding) 40","Professional software developer","Computer science","more than 5 years","2",6,2,1,1,5,5,"True",1487,13,,1375.0,1711.0,336.0,367.0,2719.0,"OK"
"between 35 and (excluding) 40","Professional software developer","Computer science","more than 5 years","2",6,2,1,1,4,4,"True",1375,13,,1375.0,1711.0,336.0,367.0,2719.0,"OK"
"between 35 and (excluding) 40","Professional software developer","Computer science","more than 5 years","6",2,2,1,1,6,6,"True",1480,13,,1480.0,1517.0,37.0,1369.0,1628.0,"OK"
"between 35 and (excluding) 40","Professional software developer","Computer science","more than 5 years","Dynamic",4,0,1,1,2,2,"True",1244,13,,1112.0,1506.0,394.0,-70.0,2688.0,"OK"
"between 35 and (excluding) 40","Professional software developer","Computer science","more than 5 years","2",1,3,1,1,5,5,"True",1540,13,,1421.0,2001.0,580.0,-319.0,3741.0,"OK"
"between 35 and (excluding) 40","Professional software developer","Computer science","more than 5 years","6",7,3,1,1,6,6,"True",1112,13,,1073.0,1105.0,32.0,977.0,1201.0,"OK"
"between 35 and (excluding) 40","Professional software developer","Computer science","more than 5 years","10",1,3,1,1,5,5,"True",1105,13,,1183.0,1257.0,74.0,961.0,1479.0,"OK"
"between 35 and (excluding) 40","Professional software developer","Computer science","more than 5 years","4",3,1,1,1,5,5,"True",2017,13,,1861.0,3185.0,1324.0,-2111.0,7157.0,"OK"
"between 35 and (excluding) 40","Professional software developer","Computer science","more than 5 years","6",1,3,1,1,3,3,"True",1556,13,,1148.0,1556.0,408.0,-76.0,2780.0,"OK"
"between 35 and (excluding) 40","Professional software developer","Computer science","more than 5 years","8",5,1,1,1,2,2,"True",1451,13,,1091.0,1451.0,360.0,11.0,2531.0,"OK"
"between 35 and (excluding) 40","Professional software developer","Computer science","more than 5 years","6",2,2,1,1,7,7,"True",1484,13,,1480.0,1517.0,37.0,1369.0,1628.0,"OK"
"between 35 and (excluding) 40","Professional software developer","Computer science","more than 5 years","8",3,1,1,1,2,2,"True",1793,13,,1231.0,1793.0,562.0,-455.0,3479.0,"OK"
"between 35 and (excluding) 40","Professional software developer","Computer science","more than 5 years","8",4,0,1,1,2,2,"True",1927,13,,1201.0,1927.0,726.0,-977.0,4105.0,"OK"
"between 35 and (excluding) 40","Professional software developer","Computer science","more than 5 years","8",1,3,1,1,1,1,"True",891,13,,891.0,1261.0,370.0,-219.0,2371.0,"OK"
"between 35 and (excluding) 40","Professional software developer","Computer science","more than 5 years","8",6,2,1,1,4,4,"True",1820,13,,1365.0,1820.0,455.0,0.0,3185.0,"OK"
"between 35 and (excluding) 40","Professional software developer","Computer science","more than 5 years","8",7,3,1,1,3,3,"True",3170,13,,894.0,1198.0,304.0,-18.0,2110.0,"Outlier"
"between 35 and (excluding) 40","Professional software developer","Computer science","more than 5 years","8",5,1,1,1,1,1,"True",912,13,,1091.0,1451.0,360.0,11.0,2531.0,"OK"
"between 35 and (excluding) 40","Professional software developer","Computer science","more than 5 years","4",6,2,1,1,3,3,"True",1493,13,,1457.0,1643.0,186.0,899.0,2201.0,"OK"
"between 35 and (excluding) 40","Professional software developer","Computer science","more than 5 years","10",3,1,1,1,1,1,"True",1086,13,,1092.0,1314.0,222.0,426.0,1980.0,"OK"
"between 35 and (excluding) 40","Professional software developer","Computer science","more than 5 years","10",6,2,1,1,1,1,"True",906,13,,906.0,1473.0,567.0,-795.0,3174.0,"OK"
"between 35 and (excluding) 40","Professional software developer","Computer science","more than 5 years","10",7,3,1,1,1,1,"True",1009,13,,1064.0,1253.0,189.0,497.0,1820.0,"OK"
"between 35 and (excluding) 40","Professional software developer","Computer science","more than 5 years","10",6,2,1,1,7,7,"True",1748,13,,906.0,1473.0,567.0,-795.0,3174.0,"OK"
"between 35 and (excluding) 40","Professional software developer","Computer science","more than 5 years","8",6,2,1,1,1,1,"True",1042,13,,1365.0,1820.0,455.0,0.0,3185.0,"OK"
"between 35 and (excluding) 40","Professional software developer","Computer science","more than 5 years","2",1,3,1,1,2,2,"True",1247,13,,1421.0,2001.0,580.0,-319.0,3741.0,"OK"
"between 35 and (excluding) 40","Professional software developer","Computer science","more than 5 years","4",4,0,1,1,7,7,"True",2315,13,,1848.0,2300.0,452.0,492.0,3656.0,"OK"
"between 35 and (excluding) 40","Professional software developer","Computer science","more than 5 years","2",1,3,1,1,6,6,"True",1421,13,,1421.0,2001.0,580.0,-319.0,3741.0,"OK"
"between 35 and (excluding) 40","Professional software developer","Computer science","more than 5 years","8",3,1,1,1,3,3,"True",1705,13,,1231.0,1793.0,562.0,-455.0,3479.0,"OK"
"between 35 and (excluding) 40","Professional software developer","Computer science","more than 5 years","8",3,1,1,1,1,1,"True",746,13,,1231.0,1793.0,562.0,-455.0,3479.0,"OK"
"between 35 and (excluding) 40","Professional software developer","Computer science","more than 5 years","10",7,3,1,1,4,4,"True",1253,13,,1064.0,1253.0,189.0,497.0,1820.0,"OK"
"between 35 and (excluding) 40","Professional software developer","Computer science","more than 5 years","2",2,2,1,1,7,7,"True",2632,13,,1933.0,2207.0,274.0,1111.0,3029.0,"OK"
"between 35 and (excluding) 40","Professional software developer","Computer science","more than 5 years","2",3,1,1,1,3,3,"True",1515,13,,1662.0,1984.0,322.0,696.0,2950.0,"OK"
"between 35 and (excluding) 40","Professional software developer","Computer science","more than 5 years","10",4,0,1,1,3,3,"True",1228,13,,1150.0,1469.0,319.0,193.0,2426.0,"OK"
"between 35 and (excluding) 40","Professional software developer","Computer science","more than 5 years","6",6,2,1,1,3,3,"True",1131,13,,1131.0,1425.0,294.0,249.0,2307.0,"OK"
"between 35 and (excluding) 40","Professional software developer","Computer science","more than 5 years","8",6,2,1,1,5,5,"True",1365,13,,1365.0,1820.0,455.0,0.0,3185.0,"OK"
"between 35 and (excluding) 40","Professional software developer","Computer science","more than 5 years","4",6,2,1,1,5,5,"True",1643,13,,1457.0,1643.0,186.0,899.0,2201.0,"OK"
"between 35 and (excluding) 40","Professional software developer","Computer science","more than 5 years","4",3,1,1,1,1,1,"True",3935,13,,1861.0,3185.0,1324.0,-2111.0,7157.0,"OK"
"between 35 and (excluding) 40","Professional software developer","Computer science","more than 5 years","2",5,1,1,1,4,4,"True",3201,13,,3183.0,3273.0,90.0,2913.0,3543.0,"OK"
"between 35 and (excluding) 40","Professional software developer","Computer science","more than 5 years","4",1,3,1,1,5,5,"True",1439,13,,1208.0,1277.0,69.0,1001.0,1484.0,"OK"
"between 35 and (excluding) 40","Professional software developer","Computer science","more than 5 years","4",1,3,1,1,6,6,"True",1212,13,,1208.0,1277.0,69.0,1001.0,1484.0,"OK"
"between 35 and (excluding) 40","Professional software developer","Computer science","more than 5 years","10",2,2,1,1,3,3,"True",1277,13,,1277.0,1360.0,83.0,1028.0,1609.0,"OK"
"between 35 and (excluding) 40","Professional software developer","Computer science","more than 5 years","10",4,0,1,1,5,5,"True",2169,13,,1150.0,1469.0,319.0,193.0,2426.0,"OK"
"between 35 and (excluding) 40","Professional software developer","Computer science","more than 5 years","6",2,2,1,1,6,6,"True",1517,13,,1480.0,1517.0,37.0,1369.0,1628.0,"OK"
"between 35 and (excluding) 40","Professional software developer","Computer science","more than 5 years","Dynamic",2,2,1,1,3,3,"True",1104,13,,879.0,1006.0,127.0,498.0,1387.0,"OK"
"between 35 and (excluding) 40","Professional software developer","Computer science","more than 5 years","4",5,1,1,1,4,4,"True",1269,13,,1453.0,1796.0,343.0,424.0,2825.0,"OK"
"between 35 and (excluding) 40","Professional software developer","Computer science","more than 5 years","10",6,2,1,1,4,4,"True",1043,13,,906.0,1473.0,567.0,-795.0,3174.0,"OK"
"between 35 and (excluding) 40","Professional software developer","Computer science","more than 5 years","6",5,1,1,1,1,1,"True",958,13,,1517.0,1700.0,183.0,968.0,2249.0,"Outlier"
"between 35 and (excluding) 40","Professional software developer","Computer science","more than 5 years","2",2,2,1,1,1,1,"True",1478,13,,1933.0,2207.0,274.0,1111.0,3029.0,"OK"
"between 35 and (excluding) 40","Professional software developer","Computer science","more than 5 years","2",1,3,1,1,5,5,"True",2001,13,,1421.0,2001.0,580.0,-319.0,3741.0,"OK"
"between 35 and (excluding) 40","Professional software developer","Computer science","more than 5 years","6",5,1,1,1,6,6,"True",1586,13,,1517.0,1700.0,183.0,968.0,2249.0,"OK"
"between 35 and (excluding) 40","Professional software developer","Computer science","more than 5 years","10",4,0,1,1,1,1,"True",1150,13,,1150.0,1469.0,319.0,193.0,2426.0,"OK"
"between 35 and (excluding) 40","Professional software developer","Computer science","more than 5 years","4",7,3,1,1,1,1,"True",817,13,,945.0,1131.0,186.0,387.0,1689.0,"OK"
"between 35 and (excluding) 40","Professional software developer","Computer science","more than 5 years","Dynamic",6,2,1,1,2,2,"True",1069,13,,1069.0,1181.0,112.0,733.0,1517.0,"OK"
"between 35 and (excluding) 40","Professional software developer","Computer science","more than 5 years","2",6,2,1,1,2,2,"True",1294,13,,1375.0,1711.0,336.0,367.0,2719.0,"OK"
"between 35 and (excluding) 40","Professional software developer","Computer science","more than 5 years","Dynamic",5,1,1,1,2,2,"True",888,13,,880.0,1078.0,198.0,286.0,1672.0,"OK"
"between 35 and (excluding) 40","Professional software developer","Computer science","more than 5 years","10",5,1,1,1,3,3,"True",1283,13,,1137.0,1283.0,146.0,699.0,1721.0,"OK"
"between 35 and (excluding) 40","Professional software developer","Computer science","more than 5 years","Dynamic",4,0,1,1,2,2,"True",954,13,,1112.0,1506.0,394.0,-70.0,2688.0,"OK"
"between 35 and (excluding) 40","Professional software developer","Computer science","more than 5 years","6",1,3,1,1,2,2,"True",1148,13,,1148.0,1556.0,408.0,-76.0,2780.0,"OK"
"between 35 and (excluding) 40","Professional software developer","Computer science","more than 5 years","6",7,3,1,1,5,5,"True",1073,13,,1073.0,1105.0,32.0,977.0,1201.0,"OK"
"between 35 and (excluding) 40","Professional software developer","Computer science","more than 5 years","10",7,3,1,1,4,4,"True",1140,13,,1064.0,1253.0,189.0,497.0,1820.0,"OK"
"between 35 and (excluding) 40","Professional software developer","Computer science","more than 5 years","10",2,2,1,1,4,4,"True",1341,13,,1277.0,1360.0,83.0,1028.0,1609.0,"OK"
"between 35 and (excluding) 40","Professional software developer","Computer science","more than 5 years","4",1,3,1,1,2,2,"True",1208,13,,1208.0,1277.0,69.0,1001.0,1484.0,"OK"
"between 35 and (excluding) 40","Professional software developer","Computer science","more than 5 years","2",3,1,1,1,2,2,"True",1662,13,,1662.0,1984.0,322.0,696.0,2950.0,"OK"
"between 35 and (excluding) 40","Professional software developer","Computer science","more than 5 years","6",4,0,1,1,5,5,"True",1934,13,,1099.0,1708.0,609.0,-728.0,3535.0,"OK"
"between 35 and (excluding) 40","Professional software developer","Computer science","more than 5 years","4",6,2,1,1,2,2,"True",1955,13,,1457.0,1643.0,186.0,899.0,2201.0,"OK"
"between 35 and (excluding) 40","Professional software developer","Computer science","more than 5 years","10",3,1,1,1,1,1,"True",1181,13,,1092.0,1314.0,222.0,426.0,1980.0,"OK"
"between 35 and (excluding) 40","Professional software developer","Computer science","more than 5 years","Dynamic",2,2,1,1,3,3,"True",775,13,,879.0,1006.0,127.0,498.0,1387.0,"OK"
"between 35 and (excluding) 40","Professional software developer","Computer science","more than 5 years","2",5,1,1,1,7,7,"True",3500,13,,3183.0,3273.0,90.0,2913.0,3543.0,"OK"
"between 35 and (excluding) 40","Professional software developer","Computer science","more than 5 years","Dynamic",2,2,1,1,3,3,"True",879,13,,879.0,1006.0,127.0,498.0,1387.0,"OK"
"between 35 and (excluding) 40","Professional software developer","Computer science","more than 5 years","Dynamic",6,2,1,1,7,7,"True",1201,13,,1069.0,1181.0,112.0,733.0,1517.0,"OK"
"between 35 and (excluding) 40","Professional software developer","Computer science","more than 5 years","2",3,1,1,1,4,4,"True",1984,13,,1662.0,1984.0,322.0,696.0,2950.0,"OK"
"between 35 and (excluding) 40","Professional software developer","Computer science","more than 5 years","Dynamic",3,1,1,1,4,4,"True",960,13,,960.0,1191.0,231.0,267.0,1884.0,"OK"
"between 35 and (excluding) 40","Professional software developer","Computer science","more than 5 years","4",7,3,1,1,5,5,"True",945,13,,945.0,1131.0,186.0,387.0,1689.0,"OK"
"between 35 and (excluding) 40","Professional software developer","Computer science","more than 5 years","8",2,2,1,1,6,6,"True",1317,13,,1031.0,1127.0,96.0,743.0,1415.0,"OK"
"between 35 and (excluding) 40","Professional software developer","Computer science","more than 5 years","Dynamic",5,1,1,1,2,2,"True",880,13,,880.0,1078.0,198.0,286.0,1672.0,"OK"
"between 35 and (excluding) 40","Professional software developer","Computer science","more than 5 years","4",5,1,1,1,7,7,"True",1796,13,,1453.0,1796.0,343.0,424.0,2825.0,"OK"
"between 35 and (excluding) 40","Professional software developer","Computer science","more than 5 years","10",6,2,1,1,2,2,"True",756,13,,906.0,1473.0,567.0,-795.0,3174.0,"OK"
"between 35 and (excluding) 40","Professional software developer","Computer science","more than 5 years","4",3,1,1,1,5,5,"True",3185,13,,1861.0,3185.0,1324.0,-2111.0,7157.0,"OK"
"between 35 and (excluding) 40","Professional software developer","Computer science","more than 5 years","6",1,3,1,1,4,4,"True",1214,13,,1148.0,1556.0,408.0,-76.0,2780.0,"OK"
"between 35 and (excluding) 40","Professional software developer","Computer science","more than 5 years","8",7,3,1,1,1,1,"True",894,13,,894.0,1198.0,304.0,-18.0,2110.0,"OK"
"between 35 and (excluding) 40","Professional software developer","Computer science","more than 5 years","2",5,1,1,1,5,5,"True",2665,13,,3183.0,3273.0,90.0,2913.0,3543.0,"Outlier"
"between 35 and (excluding) 40","Professional software developer","Computer science","more than 5 years","4",5,1,1,1,3,3,"True",1874,13,,1453.0,1796.0,343.0,424.0,2825.0,"OK"
"between 35 and (excluding) 40","Professional software developer","Computer science","more than 5 years","2",2,2,1,1,6,6,"True",2139,13,,1933.0,2207.0,274.0,1111.0,3029.0,"OK"
"between 35 and (excluding) 40","Professional software developer","Computer science","more than 5 years","8",7,3,1,1,2,2,"True",1198,13,,894.0,1198.0,304.0,-18.0,2110.0,"OK"
"between 35 and (excluding) 40","Professional software developer","Computer science","more than 5 years","8",1,3,1,1,1,1,"True",850,13,,891.0,1261.0,370.0,-219.0,2371.0,"OK"
"between 35 and (excluding) 40","Professional software developer","Computer science","more than 5 years","10",7,3,1,1,7,7,"True",1285,13,,1064.0,1253.0,189.0,497.0,1820.0,"OK"
"between 35 and (excluding) 40","Professional software developer","Computer science","more than 5 years","Dynamic",3,1,1,1,7,7,"True",930,13,,960.0,1191.0,231.0,267.0,1884.0,"OK"
"between 35 and (excluding) 40","Professional software developer","Computer science","more than 5 years","2",7,3,1,1,7,7,"True",1074,13,,1180.0,1337.0,157.0,709.0,1808.0,"OK"
"between 35 and (excluding) 40","Professional software developer","Computer science","more than 5 years","4",2,2,1,1,2,2,"True",1686,13,,1481.0,1686.0,205.0,866.0,2301.0,"OK"
"between 35 and (excluding) 40","Professional software developer","Computer science","more than 5 years","8",3,1,1,1,4,4,"True",1937,13,,1231.0,1793.0,562.0,-455.0,3479.0,"OK"
"between 35 and (excluding) 40","Professional software developer","Computer science","more than 5 years","8",5,1,1,1,2,2,"True",1091,13,,1091.0,1451.0,360.0,11.0,2531.0,"OK"
"between 35 and (excluding) 40","Professional software developer","Computer science","more than 5 years","Dynamic",1,3,1,1,7,7,"True",1082,13,,1022.0,1096.0,74.0,800.0,1318.0,"OK"
"between 35 and (excluding) 40","Professional software developer","Computer science","more than 5 years","6",5,1,1,1,5,5,"True",1700,13,,1517.0,1700.0,183.0,968.0,2249.0,"OK"
"between 35 and (excluding) 40","Professional software developer","Computer science","more than 5 years","Dynamic",7,3,1,1,5,5,"True",1150,13,,779.0,1150.0,371.0,-334.0,2263.0,"OK"
"between 35 and (excluding) 40","Professional software developer","Computer science","more than 5 years","4",7,3,1,1,7,7,"True",1131,13,,945.0,1131.0,186.0,387.0,1689.0,"OK"
"between 35 and (excluding) 40","Professional software developer","Computer science","more than 5 years","2",7,3,1,1,7,7,"True",1180,13,,1180.0,1337.0,157.0,709.0,1808.0,"OK"
"between 35 and (excluding) 40","Professional software developer","Computer science","more than 5 years","6",3,1,1,1,1,1,"True",2813,13,,1547.0,2565.0,1018.0,-1507.0,5619.0,"OK"
"between 35 and (excluding) 40","Professional software developer","Computer science","more than 5 years","4",3,1,1,1,7,7,"True",1821,13,,1861.0,3185.0,1324.0,-2111.0,7157.0,"OK"
"between 35 and (excluding) 40","Professional software developer","Computer science","more than 5 years","4",3,1,1,1,3,3,"True",1861,13,,1861.0,3185.0,1324.0,-2111.0,7157.0,"OK"
"between 35 and (excluding) 40","Professional software developer","Computer science","more than 5 years","8",2,2,1,1,5,5,"True",1048,13,,1031.0,1127.0,96.0,743.0,1415.0,"OK"
"between 35 and (excluding) 40","Professional software developer","Computer science","more than 5 years","Dynamic",2,2,1,1,7,7,"True",1006,13,,879.0,1006.0,127.0,498.0,1387.0,"OK"
"between 35 and (excluding) 40","Professional software developer","Computer science","more than 5 years","4",2,2,1,1,1,1,"True",1842,13,,1481.0,1686.0,205.0,866.0,2301.0,"OK"
"between 35 and (excluding) 40","Professional software developer","Computer science","more than 5 years","10",1,3,1,1,7,7,"True",1183,13,,1183.0,1257.0,74.0,961.0,1479.0,"OK"
"between 35 and (excluding) 40","Professional software developer","Computer science","more than 5 years","Dynamic",6,2,1,1,7,7,"True",834,13,,1069.0,1181.0,112.0,733.0,1517.0,"OK"
"between 35 and (excluding) 40","Professional software developer","Computer science","more than 5 years","8",4,0,1,1,1,1,"True",1233,13,,1201.0,1927.0,726.0,-977.0,4105.0,"OK"
"between 35 and (excluding) 40","Professional software developer","Computer science","more than 5 years","8",4,0,1,1,3,3,"True",1201,13,,1201.0,1927.0,726.0,-977.0,4105.0,"OK"
"between 35 and (excluding) 40","Professional software developer","Computer science","more than 5 years","10",3,1,1,1,5,5,"True",1428,13,,1092.0,1314.0,222.0,426.0,1980.0,"OK"
"between 35 and (excluding) 40","Professional software developer","Computer science","more than 5 years","Dynamic",4,0,1,1,3,3,"True",1112,13,,1112.0,1506.0,394.0,-70.0,2688.0,"OK"
"between 35 and (excluding) 40","Professional software developer","Computer science","more than 5 years","2",7,3,1,1,6,6,"True",1337,13,,1180.0,1337.0,157.0,709.0,1808.0,"OK"
"between 35 and (excluding) 40","Professional software developer","Computer science","more than 5 years","8",7,3,1,1,1,1,"True",768,13,,894.0,1198.0,304.0,-18.0,2110.0,"OK"
"between 35 and (excluding) 40","Professional software developer","Computer science","more than 5 years","2",4,0,1,1,5,5,"True",4951,13,,4343.0,4951.0,608.0,2519.0,6775.0,"OK"
"between 35 and (excluding) 40","Professional software developer","Computer science","more than 5 years","Dynamic",5,1,1,1,3,3,"True",1280,13,,880.0,1078.0,198.0,286.0,1672.0,"OK"
"between 35 and (excluding) 40","Professional software developer","Computer science","more than 5 years","Dynamic",7,3,1,1,3,3,"True",1030,13,,779.0,1150.0,371.0,-334.0,2263.0,"OK"
"between 35 and (excluding) 40","Professional software developer","Computer science","more than 5 years","Dynamic",7,3,1,1,1,1,"True",779,13,,779.0,1150.0,371.0,-334.0,2263.0,"OK"
"between 35 and (excluding) 40","Professional software developer","Computer science","more than 5 years","Dynamic",7,3,1,1,2,2,"True",754,13,,779.0,1150.0,371.0,-334.0,2263.0,"OK"
"between 35 and (excluding) 40","Professional software developer","Computer science","more than 5 years","6",3,1,0,1,5,4,"False",1703,13,,1547.0,2565.0,1018.0,-1507.0,5619.0,"OK"
"between 35 and (excluding) 40","Professional software developer","Computer science","more than 5 years","10",7,3,1,1,6,6,"True",1064,13,,1064.0,1253.0,189.0,497.0,1820.0,"OK"
"between 35 and (excluding) 40","Professional software developer","Computer science","more than 5 years","4",1,3,1,1,6,6,"True",1277,13,,1208.0,1277.0,69.0,1001.0,1484.0,"OK"
"between 35 and (excluding) 40","Professional software developer","Computer science","more than 5 years","6",2,2,1,1,1,1,"True",953,13,,1480.0,1517.0,37.0,1369.0,1628.0,"Outlier"
"between 35 and (excluding) 40","Professional software developer","Computer science","more than 5 years","6",6,2,1,1,5,5,"True",1755,13,,1131.0,1425.0,294.0,249.0,2307.0,"OK"
"between 35 and (excluding) 40","Professional software developer","Computer science","more than 5 years","4",2,2,1,1,3,3,"True",1481,13,,1481.0,1686.0,205.0,866.0,2301.0,"OK"
"between 35 and (excluding) 40","Professional software developer","Computer science","more than 5 years","10",5,1,1,1,4,4,"True",1641,13,,1137.0,1283.0,146.0,699.0,1721.0,"OK"
"between 35 and (excluding) 40","Professional software developer","Computer science","more than 5 years","8",4,0,1,1,5,5,"True",1136,13,,1201.0,1927.0,726.0,-977.0,4105.0,"OK"
"between 35 and (excluding) 40","Professional software developer","Computer science","more than 5 years","10",3,1,1,1,4,4,"True",1092,13,,1092.0,1314.0,222.0,426.0,1980.0,"OK"
"between 35 and (excluding) 40","Professional software developer","Computer science","more than 5 years","10",2,2,1,1,7,7,"True",1360,13,,1277.0,1360.0,83.0,1028.0,1609.0,"OK"
"between 35 and (excluding) 40","Professional software developer","Computer science","more than 5 years","8",2,2,1,1,1,1,"True",991,13,,1031.0,1127.0,96.0,743.0,1415.0,"OK"
"between 35 and (excluding) 40","Professional software developer","Computer science","more than 5 years","Dynamic",7,3,1,1,7,7,"True",1270,13,,779.0,1150.0,371.0,-334.0,2263.0,"OK"
"between 35 and (excluding) 40","Professional software developer","Computer science","more than 5 years","6",7,3,1,1,1,1,"True",935,13,,1073.0,1105.0,32.0,977.0,1201.0,"Outlier"
"between 35 and (excluding) 40","Professional software developer","Computer science","more than 5 years","2",7,3,1,1,3,3,"True",1793,13,,1180.0,1337.0,157.0,709.0,1808.0,"OK"
"between 35 and (excluding) 40","Professional software developer","Computer science","more than 5 years","Dynamic",4,0,1,1,5,5,"True",1506,13,,1112.0,1506.0,394.0,-70.0,2688.0,"OK"
"between 35 and (excluding) 40","Professional software developer","Computer science","more than 5 years","Dynamic",5,1,1,1,1,1,"True",851,13,,880.0,1078.0,198.0,286.0,1672.0,"OK"
"between 35 and (excluding) 40","Professional software developer","Computer science","more than 5 years","Dynamic",3,1,1,1,2,2,"True",1004,13,,960.0,1191.0,231.0,267.0,1884.0,"OK"
"between 35 and (excluding) 40","Professional software developer","Computer science","more than 5 years","2",2,2,1,1,5,5,"True",1933,13,,1933.0,2207.0,274.0,1111.0,3029.0,"OK"
"between 35 and (excluding) 40","Professional software developer","Computer science","more than 5 years","6",1,3,1,1,2,2,"True",1693,13,,1148.0,1556.0,408.0,-76.0,2780.0,"OK"
"between 35 and (excluding) 40","Professional software developer","Computer science","more than 5 years","Dynamic",1,3,1,1,1,1,"True",1022,13,,1022.0,1096.0,74.0,800.0,1318.0,"OK"
"between 35 and (excluding) 40","Professional software developer","Computer science","more than 5 years","Dynamic",3,1,1,1,4,4,"True",1254,13,,960.0,1191.0,231.0,267.0,1884.0,"OK"
"between 35 and (excluding) 40","Professional software developer","Computer science","more than 5 years","10",4,0,1,1,2,2,"True",1058,13,,1150.0,1469.0,319.0,193.0,2426.0,"OK"
"between 35 and (excluding) 40","Professional software developer","Computer science","more than 5 years","Dynamic",4,0,1,1,3,3,"True",1837,13,,1112.0,1506.0,394.0,-70.0,2688.0,"OK"
"between 35 and (excluding) 40","Professional software developer","Computer science","more than 5 years","2",1,3,1,1,2,2,"True",2435,13,,1421.0,2001.0,580.0,-319.0,3741.0,"OK"
"between 35 and (excluding) 40","Professional software developer","Computer science","more than 5 years","6",4,0,1,1,2,2,"True",1099,13,,1099.0,1708.0,609.0,-728.0,3535.0,"OK"
"between 35 and (excluding) 40","Professional software developer","Computer science","more than 5 years","8",6,2,1,1,7,7,"True",2261,13,,1365.0,1820.0,455.0,0.0,3185.0,"OK"
"between 35 and (excluding) 40","Professional software developer","Computer science","more than 5 years","2",5,1,1,1,4,4,"True",3273,13,,3183.0,3273.0,90.0,2913.0,3543.0,"OK"
"between 35 and (excluding) 40","Professional software developer","Computer science","more than 5 years","6",6,2,1,1,2,2,"True",920,13,,1131.0,1425.0,294.0,249.0,2307.0,"OK"
"between 35 and (excluding) 40","Professional software developer","Computer science","more than 5 years","8",2,2,1,1,2,2,"True",1031,13,,1031.0,1127.0,96.0,743.0,1415.0,"OK"
"between 35 and (excluding) 40","Professional software developer","Computer science","more than 5 years","8",7,3,1,1,4,4,"True",1173,13,,894.0,1198.0,304.0,-18.0,2110.0,"OK"
"between 35 and (excluding) 40","Professional software developer","Computer science","more than 5 years","Dynamic",6,2,1,1,5,5,"True",1094,13,,1069.0,1181.0,112.0,733.0,1517.0,"OK"
"between 35 and (excluding) 40","Professional software developer","Computer science","more than 5 years","4",4,0,1,1,7,7,"True",2295,13,,1848.0,2300.0,452.0,492.0,3656.0,"OK"
"between 35 and (excluding) 40","Professional software developer","Computer science","more than 5 years","4",2,2,1,1,2,2,"True",1274,13,,1481.0,1686.0,205.0,866.0,2301.0,"OK"
"between 35 and (excluding) 40","Professional software developer","Computer science","more than 5 years","4",5,1,1,1,1,1,"True",1565,13,,1453.0,1796.0,343.0,424.0,2825.0,"OK"
"between 35 and (excluding) 40","Professional software developer","Computer science","more than 5 years","8",1,3,1,1,6,6,"True",1261,13,,891.0,1261.0,370.0,-219.0,2371.0,"OK"
"between 35 and (excluding) 40","Professional software developer","Computer science","more than 5 years","10",6,2,1,1,7,7,"True",1473,13,,906.0,1473.0,567.0,-795.0,3174.0,"OK"
"between 35 and (excluding) 40","Professional software developer","Computer science","more than 5 years","10",2,2,1,1,4,4,"True",1397,13,,1277.0,1360.0,83.0,1028.0,1609.0,"OK"
"between 35 and (excluding) 40","Professional software developer","Computer science","more than 5 years","2",3,1,1,1,2,2,"True",2161,13,,1662.0,1984.0,322.0,696.0,2950.0,"OK"
"between 35 and (excluding) 40","Professional software developer","Computer science","more than 5 years","8",1,3,1,1,4,4,"True",2205,13,,891.0,1261.0,370.0,-219.0,2371.0,"OK"
"between 35 and (excluding) 40","Professional software developer","Computer science","more than 5 years","2",3,1,0,1,7,6,"False",1665,13,,1662.0,1984.0,322.0,696.0,2950.0,"OK"
"between 35 and (excluding) 40","Professional software developer","Computer science","more than 5 years","6",3,1,1,1,4,4,"True",2565,13,,1547.0,2565.0,1018.0,-1507.0,5619.0,"OK"
"between 35 and (excluding) 40","Professional software developer","Computer science","more than 5 years","6",1,3,1,1,6,6,"True",1127,13,,1148.0,1556.0,408.0,-76.0,2780.0,"OK"
"between 35 and (excluding) 40","Professional software developer","Computer science","more than 5 years","6",2,2,1,1,5,5,"True",1853,13,,1480.0,1517.0,37.0,1369.0,1628.0,"Outlier"
"between 35 and (excluding) 40","Professional software developer","Computer science","more than 5 years","Dynamic",3,1,1,1,3,3,"True",1191,13,,960.0,1191.0,231.0,267.0,1884.0,"OK"
"between 35 and (excluding) 40","Professional software developer","Computer science","more than 5 years","4",1,3,1,1,3,3,"True",1151,13,,1208.0,1277.0,69.0,1001.0,1484.0,"OK"
"between 35 and (excluding) 40","Professional software developer","Computer science","more than 5 years","6",3,1,1,1,4,4,"True",1547,13,,1547.0,2565.0,1018.0,-1507.0,5619.0,"OK"
"between 35 and (excluding) 40","Professional software developer","Computer science","more than 5 years","Dynamic",1,3,1,1,7,7,"True",1200,13,,1022.0,1096.0,74.0,800.0,1318.0,"OK"
"between 35 and (excluding) 40","Professional software developer","Computer science","more than 5 years","6",3,1,1,1,3,3,"True",1428,13,,1547.0,2565.0,1018.0,-1507.0,5619.0,"OK"
"between 35 and (excluding) 40","Professional software developer","Computer science","more than 5 years","6",7,3,1,1,3,3,"True",1105,13,,1073.0,1105.0,32.0,977.0,1201.0,"OK"
"between 35 and (excluding) 40","Professional software developer","Computer science","more than 5 years","8",3,1,1,1,1,1,"True",1231,13,,1231.0,1793.0,562.0,-455.0,3479.0,"OK"
"between 35 and (excluding) 40","Professional software developer","Computer science","more than 5 years","4",2,2,1,1,4,4,"True",1645,13,,1481.0,1686.0,205.0,866.0,2301.0,"OK"
"between 35 and (excluding) 40","Professional software developer","Computer science","more than 5 years","8",6,2,1,1,3,3,"True",1586,13,,1365.0,1820.0,455.0,0.0,3185.0,"OK"
"between 35 and (excluding) 40","Professional software developer","Computer science","more than 5 years","4",7,3,1,1,6,6,"True",1116,13,,945.0,1131.0,186.0,387.0,1689.0,"OK"
"between 35 and (excluding) 40","Professional software developer","Computer science","more than 5 years","Dynamic",5,1,1,1,1,1,"True",1078,13,,880.0,1078.0,198.0,286.0,1672.0,"OK"
"between 35 and (excluding) 40","Professional software developer","Computer science","more than 5 years","6",5,1,1,1,4,4,"True",1517,13,,1517.0,1700.0,183.0,968.0,2249.0,"OK"
"between 35 and (excluding) 40","Professional software developer","Computer science","more than 5 years","8",2,2,1,1,5,5,"True",1127,13,,1031.0,1127.0,96.0,743.0,1415.0,"OK"
"between 35 and (excluding) 40","Professional software developer","Computer science","more than 5 years","6",4,0,1,1,4,4,"True",1090,13,,1099.0,1708.0,609.0,-728.0,3535.0,"OK"
"between 35 and (excluding) 40","Undergraduate student (BSc not yet finished)","Computer science","less than or equal 1 year","4",4,0,1,1,1,1,"True",1555,14,,1290.0,1476.0,186.0,732.0,2034.0,"OK"
"between 35 and (excluding) 40","Undergraduate student (BSc not yet finished)","Computer science","less than or equal 1 year","4",7,3,1,1,3,3,"True",943,14,,943.0,1020.0,77.0,712.0,1251.0,"OK"
"between 35 and (excluding) 40","Undergraduate student (BSc not yet finished)","Computer science","less than or equal 1 year","2",7,3,1,1,2,2,"True",862,14,,862.0,971.0,109.0,535.0,1298.0,"OK"
"between 35 and (excluding) 40","Undergraduate student (BSc not yet finished)","Computer science","less than or equal 1 year","2",4,0,0,1,2,1,"False",1951,14,,1635.0,1951.0,316.0,687.0,2899.0,"OK"
"between 35 and (excluding) 40","Undergraduate student (BSc not yet finished)","Computer science","less than or equal 1 year","8",4,0,1,1,5,5,"True",1148,14,,877.0,1114.0,237.0,166.0,1825.0,"OK"
"between 35 and (excluding) 40","Undergraduate student (BSc not yet finished)","Computer science","less than or equal 1 year","10",1,3,1,1,3,3,"True",1124,14,,1061.0,1124.0,63.0,872.0,1313.0,"OK"
"between 35 and (excluding) 40","Undergraduate student (BSc not yet finished)","Computer science","less than or equal 1 year","8",5,1,1,1,3,3,"True",926,14,,926.0,1128.0,202.0,320.0,1734.0,"OK"
"between 35 and (excluding) 40","Undergraduate student (BSc not yet finished)","Computer science","less than or equal 1 year","4",5,1,1,1,1,1,"True",1739,14,,1305.0,1636.0,331.0,312.0,2629.0,"OK"
"between 35 and (excluding) 40","Undergraduate student (BSc not yet finished)","Computer science","less than or equal 1 year","10",1,3,1,1,7,7,"True",1212,14,,1061.0,1124.0,63.0,872.0,1313.0,"OK"
"between 35 and (excluding) 40","Undergraduate student (BSc not yet finished)","Computer science","less than or equal 1 year","2",2,2,1,1,5,5,"True",1493,14,,1475.0,1606.0,131.0,1082.0,1999.0,"OK"
"between 35 and (excluding) 40","Undergraduate student (BSc not yet finished)","Computer science","less than or equal 1 year","4",6,2,1,1,5,5,"True",1170,14,,1262.0,1399.0,137.0,851.0,1810.0,"OK"
"between 35 and (excluding) 40","Undergraduate student (BSc not yet finished)","Computer science","less than or equal 1 year","2",6,2,0,1,6,5,"False",2312,14,,2235.0,2312.0,77.0,2004.0,2543.0,"OK"
"between 35 and (excluding) 40","Undergraduate student (BSc not yet finished)","Computer science","less than or equal 1 year","6",5,1,1,1,3,3,"True",1145,14,,1059.0,1141.0,82.0,813.0,1387.0,"OK"
"between 35 and (excluding) 40","Undergraduate student (BSc not yet finished)","Computer science","less than or equal 1 year","10",2,2,1,1,6,6,"True",1183,14,,1025.0,1109.0,84.0,773.0,1361.0,"OK"
"between 35 and (excluding) 40","Undergraduate student (BSc not yet finished)","Computer science","less than or equal 1 year","Dynamic",2,2,1,1,7,7,"True",1057,14,,879.0,942.0,63.0,690.0,1131.0,"OK"
"between 35 and (excluding) 40","Undergraduate student (BSc not yet finished)","Computer science","less than or equal 1 year","2",6,2,0,1,6,4,"False",2235,14,,2235.0,2312.0,77.0,2004.0,2543.0,"OK"
"between 35 and (excluding) 40","Undergraduate student (BSc not yet finished)","Computer science","less than or equal 1 year","4",4,0,1,1,6,6,"True",1225,14,,1290.0,1476.0,186.0,732.0,2034.0,"OK"
"between 35 and (excluding) 40","Undergraduate student (BSc not yet finished)","Computer science","less than or equal 1 year","2",5,1,1,1,2,2,"True",2258,14,,1620.0,2258.0,638.0,-294.0,4172.0,"OK"
"between 35 and (excluding) 40","Undergraduate student (BSc not yet finished)","Computer science","less than or equal 1 year","2",4,0,1,1,7,7,"True",1635,14,,1635.0,1951.0,316.0,687.0,2899.0,"OK"
"between 35 and (excluding) 40","Undergraduate student (BSc not yet finished)","Computer science","less than or equal 1 year","6",7,3,1,1,7,7,"True",1135,14,,959.0,1054.0,95.0,674.0,1339.0,"OK"
"between 35 and (excluding) 40","Undergraduate student (BSc not yet finished)","Computer science","less than or equal 1 year","6",6,2,1,1,2,2,"True",947,14,,903.0,1065.0,162.0,417.0,1551.0,"OK"
"between 35 and (excluding) 40","Undergraduate student (BSc not yet finished)","Computer science","less than or equal 1 year","10",4,0,1,1,1,1,"True",1174,14,,852.0,1031.0,179.0,315.0,1568.0,"OK"
"between 35 and (excluding) 40","Undergraduate student (BSc not yet finished)","Computer science","less than or equal 1 year","10",1,3,1,1,4,4,"True",1106,14,,1061.0,1124.0,63.0,872.0,1313.0,"OK"
"between 35 and (excluding) 40","Undergraduate student (BSc not yet finished)","Computer science","less than or equal 1 year","2",4,0,0,1,1,2,"False",2393,14,,1635.0,1951.0,316.0,687.0,2899.0,"OK"
"between 35 and (excluding) 40","Undergraduate student (BSc not yet finished)","Computer science","less than or equal 1 year","6",4,0,1,1,3,3,"True",1256,14,,1224.0,1340.0,116.0,876.0,1688.0,"OK"
"between 35 and (excluding) 40","Undergraduate student (BSc not yet finished)","Computer science","less than or equal 1 year","4",4,0,1,1,2,2,"True",1290,14,,1290.0,1476.0,186.0,732.0,2034.0,"OK"
"between 35 and (excluding) 40","Undergraduate student (BSc not yet finished)","Computer science","less than or equal 1 year","6",6,2,1,1,6,6,"True",1668,14,,903.0,1065.0,162.0,417.0,1551.0,"Outlier"
"between 35 and (excluding) 40","Undergraduate student (BSc not yet finished)","Computer science","less than or equal 1 year","Dynamic",1,3,1,1,1,1,"True",992,14,,921.0,1003.0,82.0,675.0,1249.0,"OK"
"between 35 and (excluding) 40","Undergraduate student (BSc not yet finished)","Computer science","less than or equal 1 year","4",6,2,1,1,1,1,"True",1399,14,,1262.0,1399.0,137.0,851.0,1810.0,"OK"
"between 35 and (excluding) 40","Undergraduate student (BSc not yet finished)","Computer science","less than or equal 1 year","10",3,1,1,1,6,6,"True",906,14,,1061.0,1098.0,37.0,950.0,1209.0,"Outlier"
"between 35 and (excluding) 40","Undergraduate student (BSc not yet finished)","Computer science","less than or equal 1 year","8",5,1,1,1,3,3,"True",1086,14,,926.0,1128.0,202.0,320.0,1734.0,"OK"
"between 35 and (excluding) 40","Undergraduate student (BSc not yet finished)","Computer science","less than or equal 1 year","8",1,3,1,1,2,2,"True",1039,14,,1037.0,1045.0,8.0,1013.0,1069.0,"OK"
"between 35 and (excluding) 40","Undergraduate student (BSc not yet finished)","Computer science","less than or equal 1 year","10",5,1,1,1,7,7,"True",1017,14,,925.0,1017.0,92.0,649.0,1293.0,"OK"
"between 35 and (excluding) 40","Undergraduate student (BSc not yet finished)","Computer science","less than or equal 1 year","Dynamic",6,2,1,1,5,5,"True",1100,14,,950.0,1049.0,99.0,653.0,1346.0,"OK"
"between 35 and (excluding) 40","Undergraduate student (BSc not yet finished)","Computer science","less than or equal 1 year","6",4,0,1,1,1,1,"True",1340,14,,1224.0,1340.0,116.0,876.0,1688.0,"OK"
"between 35 and (excluding) 40","Undergraduate student (BSc not yet finished)","Computer science","less than or equal 1 year","10",5,1,1,1,4,4,"True",925,14,,925.0,1017.0,92.0,649.0,1293.0,"OK"
"between 35 and (excluding) 40","Undergraduate student (BSc not yet finished)","Computer science","less than or equal 1 year","2",4,0,1,1,1,1,"True",1454,14,,1635.0,1951.0,316.0,687.0,2899.0,"OK"
"between 35 and (excluding) 40","Undergraduate student (BSc not yet finished)","Computer science","less than or equal 1 year","10",5,1,1,1,6,6,"True",977,14,,925.0,1017.0,92.0,649.0,1293.0,"OK"
"between 35 and (excluding) 40","Undergraduate student (BSc not yet finished)","Computer science","less than or equal 1 year","Dynamic",1,3,1,1,5,5,"True",1003,14,,921.0,1003.0,82.0,675.0,1249.0,"OK"
"between 35 and (excluding) 40","Undergraduate student (BSc not yet finished)","Computer science","less than or equal 1 year","2",6,2,1,1,5,5,"True",1258,14,,2235.0,2312.0,77.0,2004.0,2543.0,"Outlier"
"between 35 and (excluding) 40","Undergraduate student (BSc not yet finished)","Computer science","less than or equal 1 year","2",6,2,1,1,4,4,"True",2485,14,,2235.0,2312.0,77.0,2004.0,2543.0,"OK"
"between 35 and (excluding) 40","Undergraduate student (BSc not yet finished)","Computer science","less than or equal 1 year","6",2,2,1,1,6,6,"True",1073,14,,1073.0,1300.0,227.0,392.0,1981.0,"OK"
"between 35 and (excluding) 40","Undergraduate student (BSc not yet finished)","Computer science","less than or equal 1 year","Dynamic",4,0,1,1,2,2,"True",1078,14,,992.0,1078.0,86.0,734.0,1336.0,"OK"
"between 35 and (excluding) 40","Undergraduate student (BSc not yet finished)","Computer science","less than or equal 1 year","2",1,3,1,1,5,5,"True",1376,14,,1330.0,1660.0,330.0,340.0,2650.0,"OK"
"between 35 and (excluding) 40","Undergraduate student (BSc not yet finished)","Computer science","less than or equal 1 year","6",7,3,1,1,6,6,"True",1054,14,,959.0,1054.0,95.0,674.0,1339.0,"OK"
"between 35 and (excluding) 40","Undergraduate student (BSc not yet finished)","Computer science","less than or equal 1 year","10",1,3,1,1,5,5,"True",969,14,,1061.0,1124.0,63.0,872.0,1313.0,"OK"
"between 35 and (excluding) 40","Undergraduate student (BSc not yet finished)","Computer science","less than or equal 1 year","4",3,1,1,1,5,5,"True",1396,14,,1572.0,1855.0,283.0,723.0,2704.0,"OK"
"between 35 and (excluding) 40","Undergraduate student (BSc not yet finished)","Computer science","less than or equal 1 year","6",1,3,1,1,3,3,"True",1466,14,,1058.0,1451.0,393.0,-121.0,2630.0,"OK"
"between 35 and (excluding) 40","Undergraduate student (BSc not yet finished)","Computer science","less than or equal 1 year","8",5,1,1,1,2,2,"True",1128,14,,926.0,1128.0,202.0,320.0,1734.0,"OK"
"between 35 and (excluding) 40","Undergraduate student (BSc not yet finished)","Computer science","less than or equal 1 year","6",2,2,1,1,7,7,"True",1300,14,,1073.0,1300.0,227.0,392.0,1981.0,"OK"
"between 35 and (excluding) 40","Undergraduate student (BSc not yet finished)","Computer science","less than or equal 1 year","8",3,1,1,1,2,2,"True",1059,14,,1037.0,1080.0,43.0,908.0,1209.0,"OK"
"between 35 and (excluding) 40","Undergraduate student (BSc not yet finished)","Computer science","less than or equal 1 year","8",4,0,1,1,2,2,"True",1114,14,,877.0,1114.0,237.0,166.0,1825.0,"OK"
"between 35 and (excluding) 40","Undergraduate student (BSc not yet finished)","Computer science","less than or equal 1 year","8",1,3,1,1,1,1,"True",904,14,,1037.0,1045.0,8.0,1013.0,1069.0,"Outlier"
"between 35 and (excluding) 40","Undergraduate student (BSc not yet finished)","Computer science","less than or equal 1 year","8",6,2,1,1,4,4,"True",988,14,,836.0,917.0,81.0,593.0,1160.0,"OK"
"between 35 and (excluding) 40","Undergraduate student (BSc not yet finished)","Computer science","less than or equal 1 year","8",7,3,1,1,3,3,"True",1252,14,,816.0,952.0,136.0,408.0,1360.0,"OK"
"between 35 and (excluding) 40","Undergraduate student (BSc not yet finished)","Computer science","less than or equal 1 year","8",5,1,1,1,1,1,"True",1130,14,,926.0,1128.0,202.0,320.0,1734.0,"OK"
"between 35 and (excluding) 40","Undergraduate student (BSc not yet finished)","Computer science","less than or equal 1 year","4",6,2,1,1,3,3,"True",1326,14,,1262.0,1399.0,137.0,851.0,1810.0,"OK"
"between 35 and (excluding) 40","Undergraduate student (BSc not yet finished)","Computer science","less than or equal 1 year","10",3,1,1,1,1,1,"True",1075,14,,1061.0,1098.0,37.0,950.0,1209.0,"OK"
"between 35 and (excluding) 40","Undergraduate student (BSc not yet finished)","Computer science","less than or equal 1 year","10",6,2,1,1,1,1,"True",983,14,,873.0,983.0,110.0,543.0,1313.0,"OK"
"between 35 and (excluding) 40","Undergraduate student (BSc not yet finished)","Computer science","less than or equal 1 year","10",7,3,1,1,1,1,"True",1062,14,,942.0,1006.0,64.0,750.0,1198.0,"OK"
"between 35 and (excluding) 40","Undergraduate student (BSc not yet finished)","Computer science","less than or equal 1 year","10",6,2,1,1,7,7,"True",974,14,,873.0,983.0,110.0,543.0,1313.0,"OK"
"between 35 and (excluding) 40","Undergraduate student (BSc not yet finished)","Computer science","less than or equal 1 year","8",6,2,1,1,1,1,"True",831,14,,836.0,917.0,81.0,593.0,1160.0,"OK"
"between 35 and (excluding) 40","Undergraduate student (BSc not yet finished)","Computer science","less than or equal 1 year","2",1,3,1,1,2,2,"True",1909,14,,1330.0,1660.0,330.0,340.0,2650.0,"OK"
"between 35 and (excluding) 40","Undergraduate student (BSc not yet finished)","Computer science","less than or equal 1 year","4",4,0,1,1,7,7,"True",1377,14,,1290.0,1476.0,186.0,732.0,2034.0,"OK"
"between 35 and (excluding) 40","Undergraduate student (BSc not yet finished)","Computer science","less than or equal 1 year","2",1,3,1,1,6,6,"True",1330,14,,1330.0,1660.0,330.0,340.0,2650.0,"OK"
"between 35 and (excluding) 40","Undergraduate student (BSc not yet finished)","Computer science","less than or equal 1 year","8",3,1,1,1,3,3,"True",1080,14,,1037.0,1080.0,43.0,908.0,1209.0,"OK"
"between 35 and (excluding) 40","Undergraduate student (BSc not yet finished)","Computer science","less than or equal 1 year","8",3,1,1,1,1,1,"True",1037,14,,1037.0,1080.0,43.0,908.0,1209.0,"OK"
"between 35 and (excluding) 40","Undergraduate student (BSc not yet finished)","Computer science","less than or equal 1 year","10",7,3,1,1,4,4,"True",1006,14,,942.0,1006.0,64.0,750.0,1198.0,"OK"
"between 35 and (excluding) 40","Undergraduate student (BSc not yet finished)","Computer science","less than or equal 1 year","2",2,2,1,1,7,7,"True",1402,14,,1475.0,1606.0,131.0,1082.0,1999.0,"OK"
"between 35 and (excluding) 40","Undergraduate student (BSc not yet finished)","Computer science","less than or equal 1 year","2",3,1,1,1,3,3,"True",3217,14,,1629.0,2710.0,1081.0,-1614.0,5953.0,"OK"
"between 35 and (excluding) 40","Undergraduate student (BSc not yet finished)","Computer science","less than or equal 1 year","10",4,0,1,1,3,3,"True",852,14,,852.0,1031.0,179.0,315.0,1568.0,"OK"
"between 35 and (excluding) 40","Undergraduate student (BSc not yet finished)","Computer science","less than or equal 1 year","6",6,2,1,1,3,3,"True",1065,14,,903.0,1065.0,162.0,417.0,1551.0,"OK"
"between 35 and (excluding) 40","Undergraduate student (BSc not yet finished)","Computer science","less than or equal 1 year","8",6,2,1,1,5,5,"True",907,14,,836.0,917.0,81.0,593.0,1160.0,"OK"
"between 35 and (excluding) 40","Undergraduate student (BSc not yet finished)","Computer science","less than or equal 1 year","4",6,2,1,1,5,5,"True",1629,14,,1262.0,1399.0,137.0,851.0,1810.0,"OK"
"between 35 and (excluding) 40","Undergraduate student (BSc not yet finished)","Computer science","less than or equal 1 year","4",3,1,1,1,1,1,"True",2792,14,,1572.0,1855.0,283.0,723.0,2704.0,"Outlier"
"between 35 and (excluding) 40","Undergraduate student (BSc not yet finished)","Computer science","less than or equal 1 year","2",5,1,0,1,4,1,"False",1888,14,,1620.0,2258.0,638.0,-294.0,4172.0,"OK"
"between 35 and (excluding) 40","Undergraduate student (BSc not yet finished)","Computer science","less than or equal 1 year","4",1,3,1,1,5,5,"True",1455,14,,1252.0,1455.0,203.0,643.0,2064.0,"OK"
"between 35 and (excluding) 40","Undergraduate student (BSc not yet finished)","Computer science","less than or equal 1 year","4",1,3,1,1,6,6,"True",1198,14,,1252.0,1455.0,203.0,643.0,2064.0,"OK"
"between 35 and (excluding) 40","Undergraduate student (BSc not yet finished)","Computer science","less than or equal 1 year","10",2,2,1,1,3,3,"True",1025,14,,1025.0,1109.0,84.0,773.0,1361.0,"OK"
"between 35 and (excluding) 40","Undergraduate student (BSc not yet finished)","Computer science","less than or equal 1 year","10",4,0,1,1,5,5,"True",1015,14,,852.0,1031.0,179.0,315.0,1568.0,"OK"
"between 35 and (excluding) 40","Undergraduate student (BSc not yet finished)","Computer science","less than or equal 1 year","6",2,2,1,1,6,6,"True",1328,14,,1073.0,1300.0,227.0,392.0,1981.0,"OK"
"between 35 and (excluding) 40","Undergraduate student (BSc not yet finished)","Computer science","less than or equal 1 year","Dynamic",2,2,1,1,3,3,"True",942,14,,879.0,942.0,63.0,690.0,1131.0,"OK"
"between 35 and (excluding) 40","Undergraduate student (BSc not yet finished)","Computer science","less than or equal 1 year","4",5,1,1,1,4,4,"True",1305,14,,1305.0,1636.0,331.0,312.0,2629.0,"OK"
"between 35 and (excluding) 40","Undergraduate student (BSc not yet finished)","Computer science","less than or equal 1 year","10",6,2,1,1,4,4,"True",795,14,,873.0,983.0,110.0,543.0,1313.0,"OK"
"between 35 and (excluding) 40","Undergraduate student (BSc not yet finished)","Computer science","less than or equal 1 year","6",5,1,1,1,1,1,"True",1141,14,,1059.0,1141.0,82.0,813.0,1387.0,"OK"
"between 35 and (excluding) 40","Undergraduate student (BSc not yet finished)","Computer science","less than or equal 1 year","2",2,2,1,1,1,1,"True",1475,14,,1475.0,1606.0,131.0,1082.0,1999.0,"OK"
"between 35 and (excluding) 40","Undergraduate student (BSc not yet finished)","Computer science","less than or equal 1 year","2",1,3,1,1,5,5,"True",1216,14,,1330.0,1660.0,330.0,340.0,2650.0,"OK"
"between 35 and (excluding) 40","Undergraduate student (BSc not yet finished)","Computer science","less than or equal 1 year","6",5,1,1,1,6,6,"True",1131,14,,1059.0,1141.0,82.0,813.0,1387.0,"OK"
"between 35 and (excluding) 40","Undergraduate student (BSc not yet finished)","Computer science","less than or equal 1 year","10",4,0,1,1,1,1,"True",1031,14,,852.0,1031.0,179.0,315.0,1568.0,"OK"
"between 35 and (excluding) 40","Undergraduate student (BSc not yet finished)","Computer science","less than or equal 1 year","4",7,3,1,1,1,1,"True",1020,14,,943.0,1020.0,77.0,712.0,1251.0,"OK"
"between 35 and (excluding) 40","Undergraduate student (BSc not yet finished)","Computer science","less than or equal 1 year","Dynamic",6,2,1,1,2,2,"True",950,14,,950.0,1049.0,99.0,653.0,1346.0,"OK"
"between 35 and (excluding) 40","Undergraduate student (BSc not yet finished)","Computer science","less than or equal 1 year","2",6,2,1,1,2,2,"True",2271,14,,2235.0,2312.0,77.0,2004.0,2543.0,"OK"
"between 35 and (excluding) 40","Undergraduate student (BSc not yet finished)","Computer science","less than or equal 1 year","Dynamic",5,1,1,1,2,2,"True",931,14,,881.0,931.0,50.0,731.0,1081.0,"OK"
"between 35 and (excluding) 40","Undergraduate student (BSc not yet finished)","Computer science","less than or equal 1 year","10",5,1,1,1,3,3,"True",1832,14,,925.0,1017.0,92.0,649.0,1293.0,"Outlier"
"between 35 and (excluding) 40","Undergraduate student (BSc not yet finished)","Computer science","less than or equal 1 year","Dynamic",4,0,1,1,2,2,"True",1016,14,,992.0,1078.0,86.0,734.0,1336.0,"OK"
"between 35 and (excluding) 40","Undergraduate student (BSc not yet finished)","Computer science","less than or equal 1 year","6",1,3,1,1,2,2,"True",1274,14,,1058.0,1451.0,393.0,-121.0,2630.0,"OK"
"between 35 and (excluding) 40","Undergraduate student (BSc not yet finished)","Computer science","less than or equal 1 year","6",7,3,1,1,5,5,"True",959,14,,959.0,1054.0,95.0,674.0,1339.0,"OK"
"between 35 and (excluding) 40","Undergraduate student (BSc not yet finished)","Computer science","less than or equal 1 year","10",7,3,1,1,4,4,"True",949,14,,942.0,1006.0,64.0,750.0,1198.0,"OK"
"between 35 and (excluding) 40","Undergraduate student (BSc not yet finished)","Computer science","less than or equal 1 year","10",2,2,1,1,4,4,"True",1109,14,,1025.0,1109.0,84.0,773.0,1361.0,"OK"
"between 35 and (excluding) 40","Undergraduate student (BSc not yet finished)","Computer science","less than or equal 1 year","4",1,3,1,1,2,2,"True",1252,14,,1252.0,1455.0,203.0,643.0,2064.0,"OK"
"between 35 and (excluding) 40","Undergraduate student (BSc not yet finished)","Computer science","less than or equal 1 year","2",3,1,0,1,2,3,"False",2710,14,,1629.0,2710.0,1081.0,-1614.0,5953.0,"OK"
"between 35 and (excluding) 40","Undergraduate student (BSc not yet finished)","Computer science","less than or equal 1 year","6",4,0,1,1,5,5,"True",1370,14,,1224.0,1340.0,116.0,876.0,1688.0,"OK"
"between 35 and (excluding) 40","Undergraduate student (BSc not yet finished)","Computer science","less than or equal 1 year","4",6,2,0,1,2,5,"False",1262,14,,1262.0,1399.0,137.0,851.0,1810.0,"OK"
"between 35 and (excluding) 40","Undergraduate student (BSc not yet finished)","Computer science","less than or equal 1 year","10",3,1,1,1,1,1,"True",1291,14,,1061.0,1098.0,37.0,950.0,1209.0,"Outlier"
"between 35 and (excluding) 40","Undergraduate student (BSc not yet finished)","Computer science","less than or equal 1 year","Dynamic",2,2,1,1,3,3,"True",934,14,,879.0,942.0,63.0,690.0,1131.0,"OK"
"between 35 and (excluding) 40","Undergraduate student (BSc not yet finished)","Computer science","less than or equal 1 year","2",5,1,1,1,7,7,"True",3007,14,,1620.0,2258.0,638.0,-294.0,4172.0,"OK"
"between 35 and (excluding) 40","Undergraduate student (BSc not yet finished)","Computer science","less than or equal 1 year","Dynamic",2,2,1,1,3,3,"True",879,14,,879.0,942.0,63.0,690.0,1131.0,"OK"
"between 35 and (excluding) 40","Undergraduate student (BSc not yet finished)","Computer science","less than or equal 1 year","Dynamic",6,2,1,1,7,7,"True",955,14,,950.0,1049.0,99.0,653.0,1346.0,"OK"
"between 35 and (excluding) 40","Undergraduate student (BSc not yet finished)","Computer science","less than or equal 1 year","2",3,1,0,1,4,3,"False",2080,14,,1629.0,2710.0,1081.0,-1614.0,5953.0,"OK"
"between 35 and (excluding) 40","Undergraduate student (BSc not yet finished)","Computer science","less than or equal 1 year","Dynamic",3,1,1,1,4,4,"True",916,14,,903.0,925.0,22.0,837.0,991.0,"OK"
"between 35 and (excluding) 40","Undergraduate student (BSc not yet finished)","Computer science","less than or equal 1 year","4",7,3,1,1,5,5,"True",1054,14,,943.0,1020.0,77.0,712.0,1251.0,"OK"
"between 35 and (excluding) 40","Undergraduate student (BSc not yet finished)","Computer science","less than or equal 1 year","8",2,2,1,1,6,6,"True",1364,14,,983.0,1213.0,230.0,293.0,1903.0,"OK"
"between 35 and (excluding) 40","Undergraduate student (BSc not yet finished)","Computer science","less than or equal 1 year","Dynamic",5,1,1,1,2,2,"True",973,14,,881.0,931.0,50.0,731.0,1081.0,"OK"
"between 35 and (excluding) 40","Undergraduate student (BSc not yet finished)","Computer science","less than or equal 1 year","4",5,1,0,1,7,6,"False",1636,14,,1305.0,1636.0,331.0,312.0,2629.0,"OK"
"between 35 and (excluding) 40","Undergraduate student (BSc not yet finished)","Computer science","less than or equal 1 year","10",6,2,1,1,2,2,"True",873,14,,873.0,983.0,110.0,543.0,1313.0,"OK"
"between 35 and (excluding) 40","Undergraduate student (BSc not yet finished)","Computer science","less than or equal 1 year","4",3,1,1,1,5,5,"True",1855,14,,1572.0,1855.0,283.0,723.0,2704.0,"OK"
"between 35 and (excluding) 40","Undergraduate student (BSc not yet finished)","Computer science","less than or equal 1 year","6",1,3,1,1,4,4,"True",1451,14,,1058.0,1451.0,393.0,-121.0,2630.0,"OK"
"between 35 and (excluding) 40","Undergraduate student (BSc not yet finished)","Computer science","less than or equal 1 year","8",7,3,1,1,1,1,"True",813,14,,816.0,952.0,136.0,408.0,1360.0,"OK"
"between 35 and (excluding) 40","Undergraduate student (BSc not yet finished)","Computer science","less than or equal 1 year","2",5,1,1,1,5,5,"True",1556,14,,1620.0,2258.0,638.0,-294.0,4172.0,"OK"
"between 35 and (excluding) 40","Undergraduate student (BSc not yet finished)","Computer science","less than or equal 1 year","4",5,1,1,1,3,3,"True",1630,14,,1305.0,1636.0,331.0,312.0,2629.0,"OK"
"between 35 and (excluding) 40","Undergraduate student (BSc not yet finished)","Computer science","less than or equal 1 year","2",2,2,1,1,6,6,"True",1606,14,,1475.0,1606.0,131.0,1082.0,1999.0,"OK"
"between 35 and (excluding) 40","Undergraduate student (BSc not yet finished)","Computer science","less than or equal 1 year","8",7,3,1,1,2,2,"True",952,14,,816.0,952.0,136.0,408.0,1360.0,"OK"
"between 35 and (excluding) 40","Undergraduate student (BSc not yet finished)","Computer science","less than or equal 1 year","8",1,3,1,1,1,1,"True",1037,14,,1037.0,1045.0,8.0,1013.0,1069.0,"OK"
"between 35 and (excluding) 40","Undergraduate student (BSc not yet finished)","Computer science","less than or equal 1 year","10",7,3,1,1,7,7,"True",942,14,,942.0,1006.0,64.0,750.0,1198.0,"OK"
"between 35 and (excluding) 40","Undergraduate student (BSc not yet finished)","Computer science","less than or equal 1 year","Dynamic",3,1,1,1,7,7,"True",1490,14,,903.0,925.0,22.0,837.0,991.0,"Outlier"
"between 35 and (excluding) 40","Undergraduate student (BSc not yet finished)","Computer science","less than or equal 1 year","2",7,3,1,1,7,7,"True",971,14,,862.0,971.0,109.0,535.0,1298.0,"OK"
"between 35 and (excluding) 40","Undergraduate student (BSc not yet finished)","Computer science","less than or equal 1 year","4",2,2,1,1,2,2,"True",1490,14,,1332.0,1490.0,158.0,858.0,1964.0,"OK"
"between 35 and (excluding) 40","Undergraduate student (BSc not yet finished)","Computer science","less than or equal 1 year","8",3,1,1,1,4,4,"True",1084,14,,1037.0,1080.0,43.0,908.0,1209.0,"OK"
"between 35 and (excluding) 40","Undergraduate student (BSc not yet finished)","Computer science","less than or equal 1 year","8",5,1,1,1,2,2,"True",863,14,,926.0,1128.0,202.0,320.0,1734.0,"OK"
"between 35 and (excluding) 40","Undergraduate student (BSc not yet finished)","Computer science","less than or equal 1 year","Dynamic",1,3,1,1,7,7,"True",873,14,,921.0,1003.0,82.0,675.0,1249.0,"OK"
"between 35 and (excluding) 40","Undergraduate student (BSc not yet finished)","Computer science","less than or equal 1 year","6",5,1,1,1,5,5,"True",1059,14,,1059.0,1141.0,82.0,813.0,1387.0,"OK"
"between 35 and (excluding) 40","Undergraduate student (BSc not yet finished)","Computer science","less than or equal 1 year","Dynamic",7,3,1,1,5,5,"True",965,14,,842.0,965.0,123.0,473.0,1334.0,"OK"
"between 35 and (excluding) 40","Undergraduate student (BSc not yet finished)","Computer science","less than or equal 1 year","4",7,3,1,1,7,7,"True",971,14,,943.0,1020.0,77.0,712.0,1251.0,"OK"
"between 35 and (excluding) 40","Undergraduate student (BSc not yet finished)","Computer science","less than or equal 1 year","2",7,3,1,1,7,7,"True",861,14,,862.0,971.0,109.0,535.0,1298.0,"OK"
"between 35 and (excluding) 40","Undergraduate student (BSc not yet finished)","Computer science","less than or equal 1 year","6",3,1,1,1,1,1,"True",1109,14,,1037.0,1109.0,72.0,821.0,1325.0,"OK"
"between 35 and (excluding) 40","Undergraduate student (BSc not yet finished)","Computer science","less than or equal 1 year","4",3,1,1,1,7,7,"True",1818,14,,1572.0,1855.0,283.0,723.0,2704.0,"OK"
"between 35 and (excluding) 40","Undergraduate student (BSc not yet finished)","Computer science","less than or equal 1 year","4",3,1,1,1,3,3,"True",1572,14,,1572.0,1855.0,283.0,723.0,2704.0,"OK"
"between 35 and (excluding) 40","Undergraduate student (BSc not yet finished)","Computer science","less than or equal 1 year","8",2,2,1,1,5,5,"True",1213,14,,983.0,1213.0,230.0,293.0,1903.0,"OK"
"between 35 and (excluding) 40","Undergraduate student (BSc not yet finished)","Computer science","less than or equal 1 year","Dynamic",2,2,1,1,7,7,"True",833,14,,879.0,942.0,63.0,690.0,1131.0,"OK"
"between 35 and (excluding) 40","Undergraduate student (BSc not yet finished)","Computer science","less than or equal 1 year","4",2,2,1,1,1,1,"True",1332,14,,1332.0,1490.0,158.0,858.0,1964.0,"OK"
"between 35 and (excluding) 40","Undergraduate student (BSc not yet finished)","Computer science","less than or equal 1 year","10",1,3,1,1,7,7,"True",1061,14,,1061.0,1124.0,63.0,872.0,1313.0,"OK"
"between 35 and (excluding) 40","Undergraduate student (BSc not yet finished)","Computer science","less than or equal 1 year","Dynamic",6,2,1,1,7,7,"True",1049,14,,950.0,1049.0,99.0,653.0,1346.0,"OK"
"between 35 and (excluding) 40","Undergraduate student (BSc not yet finished)","Computer science","less than or equal 1 year","8",4,0,1,1,1,1,"True",1044,14,,877.0,1114.0,237.0,166.0,1825.0,"OK"
"between 35 and (excluding) 40","Undergraduate student (BSc not yet finished)","Computer science","less than or equal 1 year","8",4,0,1,1,3,3,"True",877,14,,877.0,1114.0,237.0,166.0,1825.0,"OK"
"between 35 and (excluding) 40","Undergraduate student (BSc not yet finished)","Computer science","less than or equal 1 year","10",3,1,1,1,5,5,"True",1098,14,,1061.0,1098.0,37.0,950.0,1209.0,"OK"
"between 35 and (excluding) 40","Undergraduate student (BSc not yet finished)","Computer science","less than or equal 1 year","Dynamic",4,0,1,1,3,3,"True",992,14,,992.0,1078.0,86.0,734.0,1336.0,"OK"
"between 35 and (excluding) 40","Undergraduate student (BSc not yet finished)","Computer science","less than or equal 1 year","2",7,3,1,1,6,6,"True",970,14,,862.0,971.0,109.0,535.0,1298.0,"OK"
"between 35 and (excluding) 40","Undergraduate student (BSc not yet finished)","Computer science","less than or equal 1 year","8",7,3,1,1,1,1,"True",816,14,,816.0,952.0,136.0,408.0,1360.0,"OK"
"between 35 and (excluding) 40","Undergraduate student (BSc not yet finished)","Computer science","less than or equal 1 year","2",4,0,0,1,5,4,"False",1912,14,,1635.0,1951.0,316.0,687.0,2899.0,"OK"
"between 35 and (excluding) 40","Undergraduate student (BSc not yet finished)","Computer science","less than or equal 1 year","Dynamic",5,1,1,1,3,3,"True",881,14,,881.0,931.0,50.0,731.0,1081.0,"OK"
"between 35 and (excluding) 40","Undergraduate student (BSc not yet finished)","Computer science","less than or equal 1 year","Dynamic",7,3,1,1,3,3,"True",939,14,,842.0,965.0,123.0,473.0,1334.0,"OK"
"between 35 and (excluding) 40","Undergraduate student (BSc not yet finished)","Computer science","less than or equal 1 year","Dynamic",7,3,1,1,1,1,"True",791,14,,842.0,965.0,123.0,473.0,1334.0,"OK"
"between 35 and (excluding) 40","Undergraduate student (BSc not yet finished)","Computer science","less than or equal 1 year","Dynamic",7,3,1,1,2,2,"True",842,14,,842.0,965.0,123.0,473.0,1334.0,"OK"
"between 35 and (excluding) 40","Undergraduate student (BSc not yet finished)","Computer science","less than or equal 1 year","6",3,1,1,1,5,5,"True",1168,14,,1037.0,1109.0,72.0,821.0,1325.0,"OK"
"between 35 and (excluding) 40","Undergraduate student (BSc not yet finished)","Computer science","less than or equal 1 year","10",7,3,1,1,6,6,"True",928,14,,942.0,1006.0,64.0,750.0,1198.0,"OK"
"between 35 and (excluding) 40","Undergraduate student (BSc not yet finished)","Computer science","less than or equal 1 year","4",1,3,1,1,6,6,"True",1368,14,,1252.0,1455.0,203.0,643.0,2064.0,"OK"
"between 35 and (excluding) 40","Undergraduate student (BSc not yet finished)","Computer science","less than or equal 1 year","6",2,2,1,1,1,1,"True",1283,14,,1073.0,1300.0,227.0,392.0,1981.0,"OK"
"between 35 and (excluding) 40","Undergraduate student (BSc not yet finished)","Computer science","less than or equal 1 year","6",6,2,1,1,5,5,"True",903,14,,903.0,1065.0,162.0,417.0,1551.0,"OK"
"between 35 and (excluding) 40","Undergraduate student (BSc not yet finished)","Computer science","less than or equal 1 year","4",2,2,1,1,3,3,"True",1204,14,,1332.0,1490.0,158.0,858.0,1964.0,"OK"
"between 35 and (excluding) 40","Undergraduate student (BSc not yet finished)","Computer science","less than or equal 1 year","10",5,1,1,1,4,4,"True",813,14,,925.0,1017.0,92.0,649.0,1293.0,"OK"
"between 35 and (excluding) 40","Undergraduate student (BSc not yet finished)","Computer science","less than or equal 1 year","8",4,0,1,1,5,5,"True",859,14,,877.0,1114.0,237.0,166.0,1825.0,"OK"
"between 35 and (excluding) 40","Undergraduate student (BSc not yet finished)","Computer science","less than or equal 1 year","10",3,1,1,1,4,4,"True",1061,14,,1061.0,1098.0,37.0,950.0,1209.0,"OK"
"between 35 and (excluding) 40","Undergraduate student (BSc not yet finished)","Computer science","less than or equal 1 year","10",2,2,1,1,7,7,"True",1011,14,,1025.0,1109.0,84.0,773.0,1361.0,"OK"
"between 35 and (excluding) 40","Undergraduate student (BSc not yet finished)","Computer science","less than or equal 1 year","8",2,2,1,1,1,1,"True",729,14,,983.0,1213.0,230.0,293.0,1903.0,"OK"
"between 35 and (excluding) 40","Undergraduate student (BSc not yet finished)","Computer science","less than or equal 1 year","Dynamic",7,3,1,1,7,7,"True",1043,14,,842.0,965.0,123.0,473.0,1334.0,"OK"
"between 35 and (excluding) 40","Undergraduate student (BSc not yet finished)","Computer science","less than or equal 1 year","6",7,3,1,1,1,1,"True",860,14,,959.0,1054.0,95.0,674.0,1339.0,"OK"
"between 35 and (excluding) 40","Undergraduate student (BSc not yet finished)","Computer science","less than or equal 1 year","2",7,3,1,1,3,3,"True",971,14,,862.0,971.0,109.0,535.0,1298.0,"OK"
"between 35 and (excluding) 40","Undergraduate student (BSc not yet finished)","Computer science","less than or equal 1 year","Dynamic",4,0,1,1,5,5,"True",1217,14,,992.0,1078.0,86.0,734.0,1336.0,"OK"
"between 35 and (excluding) 40","Undergraduate student (BSc not yet finished)","Computer science","less than or equal 1 year","Dynamic",5,1,1,1,1,1,"True",864,14,,881.0,931.0,50.0,731.0,1081.0,"OK"
"between 35 and (excluding) 40","Undergraduate student (BSc not yet finished)","Computer science","less than or equal 1 year","Dynamic",3,1,1,1,2,2,"True",903,14,,903.0,925.0,22.0,837.0,991.0,"OK"
"between 35 and (excluding) 40","Undergraduate student (BSc not yet finished)","Computer science","less than or equal 1 year","2",2,2,1,1,5,5,"True",1640,14,,1475.0,1606.0,131.0,1082.0,1999.0,"OK"
"between 35 and (excluding) 40","Undergraduate student (BSc not yet finished)","Computer science","less than or equal 1 year","6",1,3,0,1,2,4,"False",849,14,,1058.0,1451.0,393.0,-121.0,2630.0,"OK"
"between 35 and (excluding) 40","Undergraduate student (BSc not yet finished)","Computer science","less than or equal 1 year","Dynamic",1,3,1,1,1,1,"True",1068,14,,921.0,1003.0,82.0,675.0,1249.0,"OK"
"between 35 and (excluding) 40","Undergraduate student (BSc not yet finished)","Computer science","less than or equal 1 year","Dynamic",3,1,1,1,4,4,"True",901,14,,903.0,925.0,22.0,837.0,991.0,"OK"
"between 35 and (excluding) 40","Undergraduate student (BSc not yet finished)","Computer science","less than or equal 1 year","10",4,0,1,1,2,2,"True",798,14,,852.0,1031.0,179.0,315.0,1568.0,"OK"
"between 35 and (excluding) 40","Undergraduate student (BSc not yet finished)","Computer science","less than or equal 1 year","Dynamic",4,0,1,1,3,3,"True",896,14,,992.0,1078.0,86.0,734.0,1336.0,"OK"
"between 35 and (excluding) 40","Undergraduate student (BSc not yet finished)","Computer science","less than or equal 1 year","2",1,3,1,1,2,2,"True",1660,14,,1330.0,1660.0,330.0,340.0,2650.0,"OK"
"between 35 and (excluding) 40","Undergraduate student (BSc not yet finished)","Computer science","less than or equal 1 year","6",4,0,1,1,2,2,"True",1224,14,,1224.0,1340.0,116.0,876.0,1688.0,"OK"
"between 35 and (excluding) 40","Undergraduate student (BSc not yet finished)","Computer science","less than or equal 1 year","8",6,2,1,1,7,7,"True",836,14,,836.0,917.0,81.0,593.0,1160.0,"OK"
"between 35 and (excluding) 40","Undergraduate student (BSc not yet finished)","Computer science","less than or equal 1 year","2",5,1,1,1,4,4,"True",1620,14,,1620.0,2258.0,638.0,-294.0,4172.0,"OK"
"between 35 and (excluding) 40","Undergraduate student (BSc not yet finished)","Computer science","less than or equal 1 year","6",6,2,1,1,2,2,"True",796,14,,903.0,1065.0,162.0,417.0,1551.0,"OK"
"between 35 and (excluding) 40","Undergraduate student (BSc not yet finished)","Computer science","less than or equal 1 year","8",2,2,1,1,2,2,"True",1009,14,,983.0,1213.0,230.0,293.0,1903.0,"OK"
"between 35 and (excluding) 40","Undergraduate student (BSc not yet finished)","Computer science","less than or equal 1 year","8",7,3,1,1,4,4,"True",918,14,,816.0,952.0,136.0,408.0,1360.0,"OK"
"between 35 and (excluding) 40","Undergraduate student (BSc not yet finished)","Computer science","less than or equal 1 year","Dynamic",6,2,1,1,5,5,"True",884,14,,950.0,1049.0,99.0,653.0,1346.0,"OK"
"between 35 and (excluding) 40","Undergraduate student (BSc not yet finished)","Computer science","less than or equal 1 year","4",4,0,1,1,7,7,"True",1476,14,,1290.0,1476.0,186.0,732.0,2034.0,"OK"
"between 35 and (excluding) 40","Undergraduate student (BSc not yet finished)","Computer science","less than or equal 1 year","4",2,2,1,1,2,2,"True",1383,14,,1332.0,1490.0,158.0,858.0,1964.0,"OK"
"between 35 and (excluding) 40","Undergraduate student (BSc not yet finished)","Computer science","less than or equal 1 year","4",5,1,1,1,1,1,"True",1274,14,,1305.0,1636.0,331.0,312.0,2629.0,"OK"
"between 35 and (excluding) 40","Undergraduate student (BSc not yet finished)","Computer science","less than or equal 1 year","8",1,3,1,1,6,6,"True",1045,14,,1037.0,1045.0,8.0,1013.0,1069.0,"OK"
"between 35 and (excluding) 40","Undergraduate student (BSc not yet finished)","Computer science","less than or equal 1 year","10",6,2,1,1,7,7,"True",990,14,,873.0,983.0,110.0,543.0,1313.0,"OK"
"between 35 and (excluding) 40","Undergraduate student (BSc not yet finished)","Computer science","less than or equal 1 year","10",2,2,1,1,4,4,"True",1029,14,,1025.0,1109.0,84.0,773.0,1361.0,"OK"
"between 35 and (excluding) 40","Undergraduate student (BSc not yet finished)","Computer science","less than or equal 1 year","2",3,1,1,1,2,2,"True",1558,14,,1629.0,2710.0,1081.0,-1614.0,5953.0,"OK"
"between 35 and (excluding) 40","Undergraduate student (BSc not yet finished)","Computer science","less than or equal 1 year","8",1,3,1,1,4,4,"True",1306,14,,1037.0,1045.0,8.0,1013.0,1069.0,"Outlier"
"between 35 and (excluding) 40","Undergraduate student (BSc not yet finished)","Computer science","less than or equal 1 year","2",3,1,1,1,7,7,"True",1629,14,,1629.0,2710.0,1081.0,-1614.0,5953.0,"OK"
"between 35 and (excluding) 40","Undergraduate student (BSc not yet finished)","Computer science","less than or equal 1 year","6",3,1,1,1,4,4,"True",1048,14,,1037.0,1109.0,72.0,821.0,1325.0,"OK"
"between 35 and (excluding) 40","Undergraduate student (BSc not yet finished)","Computer science","less than or equal 1 year","6",1,3,1,1,6,6,"True",1058,14,,1058.0,1451.0,393.0,-121.0,2630.0,"OK"
"between 35 and (excluding) 40","Undergraduate student (BSc not yet finished)","Computer science","less than or equal 1 year","6",2,2,1,1,5,5,"True",1007,14,,1073.0,1300.0,227.0,392.0,1981.0,"OK"
"between 35 and (excluding) 40","Undergraduate student (BSc not yet finished)","Computer science","less than or equal 1 year","Dynamic",3,1,1,1,3,3,"True",925,14,,903.0,925.0,22.0,837.0,991.0,"OK"
"between 35 and (excluding) 40","Undergraduate student (BSc not yet finished)","Computer science","less than or equal 1 year","4",1,3,1,1,3,3,"True",1528,14,,1252.0,1455.0,203.0,643.0,2064.0,"OK"
"between 35 and (excluding) 40","Undergraduate student (BSc not yet finished)","Computer science","less than or equal 1 year","6",3,1,1,1,4,4,"True",1037,14,,1037.0,1109.0,72.0,821.0,1325.0,"OK"
"between 35 and (excluding) 40","Undergraduate student (BSc not yet finished)","Computer science","less than or equal 1 year","Dynamic",1,3,1,1,7,7,"True",921,14,,921.0,1003.0,82.0,675.0,1249.0,"OK"
"between 35 and (excluding) 40","Undergraduate student (BSc not yet finished)","Computer science","less than or equal 1 year","6",3,1,1,1,3,3,"True",971,14,,1037.0,1109.0,72.0,821.0,1325.0,"OK"
"between 35 and (excluding) 40","Undergraduate student (BSc not yet finished)","Computer science","less than or equal 1 year","6",7,3,1,1,3,3,"True",987,14,,959.0,1054.0,95.0,674.0,1339.0,"OK"
"between 35 and (excluding) 40","Undergraduate student (BSc not yet finished)","Computer science","less than or equal 1 year","8",3,1,1,1,1,1,"True",1009,14,,1037.0,1080.0,43.0,908.0,1209.0,"OK"
"between 35 and (excluding) 40","Undergraduate student (BSc not yet finished)","Computer science","less than or equal 1 year","4",2,2,1,1,4,4,"True",1590,14,,1332.0,1490.0,158.0,858.0,1964.0,"OK"
"between 35 and (excluding) 40","Undergraduate student (BSc not yet finished)","Computer science","less than or equal 1 year","8",6,2,1,1,3,3,"True",917,14,,836.0,917.0,81.0,593.0,1160.0,"OK"
"between 35 and (excluding) 40","Undergraduate student (BSc not yet finished)","Computer science","less than or equal 1 year","4",7,3,1,1,6,6,"True",871,14,,943.0,1020.0,77.0,712.0,1251.0,"OK"
"between 35 and (excluding) 40","Undergraduate student (BSc not yet finished)","Computer science","less than or equal 1 year","Dynamic",5,1,1,1,1,1,"True",890,14,,881.0,931.0,50.0,731.0,1081.0,"OK"
"between 35 and (excluding) 40","Undergraduate student (BSc not yet finished)","Computer science","less than or equal 1 year","6",5,1,1,1,4,4,"True",874,14,,1059.0,1141.0,82.0,813.0,1387.0,"OK"
"between 35 and (excluding) 40","Undergraduate student (BSc not yet finished)","Computer science","less than or equal 1 year","8",2,2,1,1,5,5,"True",983,14,,983.0,1213.0,230.0,293.0,1903.0,"OK"
"between 35 and (excluding) 40","Undergraduate student (BSc not yet finished)","Computer science","less than or equal 1 year","6",4,0,1,1,4,4,"True",1030,14,,1224.0,1340.0,116.0,876.0,1688.0,"OK"
"between 35 and (excluding) 40","Professional software developer","undefined","more than 5 years","4",4,0,1,1,1,1,"True",9509,15,,6149.0,8746.0,2597.0,-1642.0,16537.0,"OK"
"between 35 and (excluding) 40","Professional software developer","undefined","more than 5 years","4",7,3,1,1,3,3,"True",1786,15,,1485.0,1949.0,464.0,93.0,3341.0,"OK"
"between 35 and (excluding) 40","Professional software developer","undefined","more than 5 years","2",7,3,1,1,2,2,"True",2595,15,,1646.0,2042.0,396.0,458.0,3230.0,"OK"
"between 35 and (excluding) 40","Professional software developer","undefined","more than 5 years","2",4,0,1,1,2,2,"True",8056,15,,5656.0,7846.0,2190.0,-914.0,14416.0,"OK"
"between 35 and (excluding) 40","Professional software developer","undefined","more than 5 years","8",4,0,1,1,5,5,"True",5941,15,,3976.0,4246.0,270.0,3166.0,5056.0,"Outlier"
"between 35 and (excluding) 40","Professional software developer","undefined","more than 5 years","10",1,3,1,1,3,3,"True",4634,15,,1740.0,2457.0,717.0,-411.0,4608.0,"Outlier"
"between 35 and (excluding) 40","Professional software developer","undefined","more than 5 years","8",5,1,1,1,3,3,"True",4392,15,,2506.0,3123.0,617.0,655.0,4974.0,"OK"
"between 35 and (excluding) 40","Professional software developer","undefined","more than 5 years","4",5,1,1,1,1,1,"True",4800,15,,2627.0,4352.0,1725.0,-2548.0,9527.0,"OK"
"between 35 and (excluding) 40","Professional software developer","undefined","more than 5 years","10",1,3,1,1,7,7,"True",1740,15,,1740.0,2457.0,717.0,-411.0,4608.0,"OK"
"between 35 and (excluding) 40","Professional software developer","undefined","more than 5 years","2",2,2,1,1,5,5,"True",2099,15,,1547.0,2099.0,552.0,-109.0,3755.0,"OK"
"between 35 and (excluding) 40","Professional software developer","undefined","more than 5 years","4",6,2,1,1,5,5,"True",2762,15,,1800.0,2762.0,962.0,-1086.0,5648.0,"OK"
"between 35 and (excluding) 40","Professional software developer","undefined","more than 5 years","2",6,2,1,1,6,6,"True",3539,15,,2132.0,3539.0,1407.0,-2089.0,7760.0,"OK"
"between 35 and (excluding) 40","Professional software developer","undefined","more than 5 years","6",5,1,1,1,3,3,"True",7112,15,,2639.0,3017.0,378.0,1505.0,4151.0,"Outlier"
"between 35 and (excluding) 40","Professional software developer","undefined","more than 5 years","10",2,2,1,1,6,6,"True",8417,15,,1501.0,1980.0,479.0,64.0,3417.0,"Outlier"
"between 35 and (excluding) 40","Professional software developer","undefined","more than 5 years","Dynamic",2,2,1,1,7,7,"True",3211,15,,1485.0,1932.0,447.0,144.0,3273.0,"OK"
"between 35 and (excluding) 40","Professional software developer","undefined","more than 5 years","2",6,2,1,1,6,6,"True",4482,15,,2132.0,3539.0,1407.0,-2089.0,7760.0,"OK"
"between 35 and (excluding) 40","Professional software developer","undefined","more than 5 years","4",4,0,1,1,6,6,"True",6149,15,,6149.0,8746.0,2597.0,-1642.0,16537.0,"OK"
"between 35 and (excluding) 40","Professional software developer","undefined","more than 5 years","2",5,1,1,1,2,2,"True",6602,15,,3463.0,4501.0,1038.0,349.0,7615.0,"OK"
"between 35 and (excluding) 40","Professional software developer","undefined","more than 5 years","2",4,0,1,1,7,7,"True",5656,15,,5656.0,7846.0,2190.0,-914.0,14416.0,"OK"
"between 35 and (excluding) 40","Professional software developer","undefined","more than 5 years","6",7,3,1,1,7,7,"True",2191,15,,1575.0,1977.0,402.0,369.0,3183.0,"OK"
"between 35 and (excluding) 40","Professional software developer","undefined","more than 5 years","6",6,2,1,1,2,2,"True",2699,15,,2112.0,2370.0,258.0,1338.0,3144.0,"OK"
"between 35 and (excluding) 40","Professional software developer","undefined","more than 5 years","10",4,0,1,1,1,1,"True",4622,15,,3208.0,5024.0,1816.0,-2240.0,10472.0,"OK"
"between 35 and (excluding) 40","Professional software developer","undefined","more than 5 years","10",1,3,1,1,4,4,"True",2054,15,,1740.0,2457.0,717.0,-411.0,4608.0,"OK"
"between 35 and (excluding) 40","Professional software developer","undefined","more than 5 years","2",4,0,1,1,1,1,"True",6231,15,,5656.0,7846.0,2190.0,-914.0,14416.0,"OK"
"between 35 and (excluding) 40","Professional software developer","undefined","more than 5 years","6",4,0,1,1,3,3,"True",7260,15,,2402.0,4367.0,1965.0,-3493.0,10262.0,"OK"
"between 35 and (excluding) 40","Professional software developer","undefined","more than 5 years","4",4,0,1,1,2,2,"True",7291,15,,6149.0,8746.0,2597.0,-1642.0,16537.0,"OK"
"between 35 and (excluding) 40","Professional software developer","undefined","more than 5 years","6",6,2,1,1,6,6,"True",2112,15,,2112.0,2370.0,258.0,1338.0,3144.0,"OK"
"between 35 and (excluding) 40","Professional software developer","undefined","more than 5 years","Dynamic",1,3,1,1,1,1,"True",1380,15,,1380.0,1711.0,331.0,387.0,2704.0,"OK"
"between 35 and (excluding) 40","Professional software developer","undefined","more than 5 years","4",6,2,1,1,1,1,"True",1364,15,,1800.0,2762.0,962.0,-1086.0,5648.0,"OK"
"between 35 and (excluding) 40","Professional software developer","undefined","more than 5 years","10",3,1,1,1,6,6,"True",2086,15,,1993.0,2086.0,93.0,1714.0,2365.0,"OK"
"between 35 and (excluding) 40","Professional software developer","undefined","more than 5 years","8",5,1,1,1,3,3,"True",1964,15,,2506.0,3123.0,617.0,655.0,4974.0,"OK"
"between 35 and (excluding) 40","Professional software developer","undefined","more than 5 years","8",1,3,1,1,2,2,"True",1817,15,,1622.0,1712.0,90.0,1352.0,1982.0,"OK"
"between 35 and (excluding) 40","Professional software developer","undefined","more than 5 years","10",5,1,1,1,7,7,"True",3585,15,,2910.0,3585.0,675.0,885.0,5610.0,"OK"
"between 35 and (excluding) 40","Professional software developer","undefined","more than 5 years","Dynamic",6,2,1,1,5,5,"True",2607,15,,1797.0,2607.0,810.0,-633.0,5037.0,"OK"
"between 35 and (excluding) 40","Professional software developer","undefined","more than 5 years","6",4,0,1,1,1,1,"True",4367,15,,2402.0,4367.0,1965.0,-3493.0,10262.0,"OK"
"between 35 and (excluding) 40","Professional software developer","undefined","more than 5 years","10",5,1,1,1,4,4,"True",3208,15,,2910.0,3585.0,675.0,885.0,5610.0,"OK"
"between 35 and (excluding) 40","Professional software developer","undefined","more than 5 years","2",4,0,1,1,1,1,"True",7846,15,,5656.0,7846.0,2190.0,-914.0,14416.0,"OK"
"between 35 and (excluding) 40","Professional software developer","undefined","more than 5 years","10",5,1,1,1,6,6,"True",4503,15,,2910.0,3585.0,675.0,885.0,5610.0,"OK"
"between 35 and (excluding) 40","Professional software developer","undefined","more than 5 years","Dynamic",1,3,1,1,5,5,"True",1711,15,,1380.0,1711.0,331.0,387.0,2704.0,"OK"
"between 35 and (excluding) 40","Professional software developer","undefined","more than 5 years","2",6,2,1,1,5,5,"True",2132,15,,2132.0,3539.0,1407.0,-2089.0,7760.0,"OK"
"between 35 and (excluding) 40","Professional software developer","undefined","more than 5 years","2",6,2,1,1,4,4,"True",2997,15,,2132.0,3539.0,1407.0,-2089.0,7760.0,"OK"
"between 35 and (excluding) 40","Professional software developer","undefined","more than 5 years","6",2,2,1,1,6,6,"True",1661,15,,1637.0,1752.0,115.0,1292.0,2097.0,"OK"
"between 35 and (excluding) 40","Professional software developer","undefined","more than 5 years","Dynamic",4,0,1,1,2,2,"True",3047,15,,2671.0,3047.0,376.0,1543.0,4175.0,"OK"
"between 35 and (excluding) 40","Professional software developer","undefined","more than 5 years","2",1,3,1,1,5,5,"True",1889,15,,1710.0,1859.0,149.0,1263.0,2306.0,"OK"
"between 35 and (excluding) 40","Professional software developer","undefined","more than 5 years","6",7,3,1,1,6,6,"True",1977,15,,1575.0,1977.0,402.0,369.0,3183.0,"OK"
"between 35 and (excluding) 40","Professional software developer","undefined","more than 5 years","10",1,3,1,1,5,5,"True",1560,15,,1740.0,2457.0,717.0,-411.0,4608.0,"OK"
"between 35 and (excluding) 40","Professional software developer","undefined","more than 5 years","4",3,1,1,1,5,5,"True",3288,15,,2206.0,3288.0,1082.0,-1040.0,6534.0,"OK"
"between 35 and (excluding) 40","Professional software developer","undefined","more than 5 years","6",1,3,1,1,3,3,"True",1515,15,,1468.0,1635.0,167.0,967.0,2136.0,"OK"
"between 35 and (excluding) 40","Professional software developer","undefined","more than 5 years","8",5,1,1,1,2,2,"True",2506,15,,2506.0,3123.0,617.0,655.0,4974.0,"OK"
"between 35 and (excluding) 40","Professional software developer","undefined","more than 5 years","6",2,2,1,1,7,7,"True",1637,15,,1637.0,1752.0,115.0,1292.0,2097.0,"OK"
"between 35 and (excluding) 40","Professional software developer","undefined","more than 5 years","8",3,1,1,1,2,2,"True",2368,15,,1832.0,2083.0,251.0,1079.0,2836.0,"OK"
"between 35 and (excluding) 40","Professional software developer","undefined","more than 5 years","8",4,0,1,1,2,2,"True",4054,15,,3976.0,4246.0,270.0,3166.0,5056.0,"OK"
"between 35 and (excluding) 40","Professional software developer","undefined","more than 5 years","8",1,3,1,1,1,1,"True",1036,15,,1622.0,1712.0,90.0,1352.0,1982.0,"Outlier"
"between 35 and (excluding) 40","Professional software developer","undefined","more than 5 years","8",6,2,1,1,4,4,"True",3616,15,,2235.0,2368.0,133.0,1836.0,2767.0,"Outlier"
"between 35 and (excluding) 40","Professional software developer","undefined","more than 5 years","8",7,3,1,1,3,3,"True",1663,15,,1455.0,1740.0,285.0,600.0,2595.0,"OK"
"between 35 and (excluding) 40","Professional software developer","undefined","more than 5 years","8",5,1,1,1,1,1,"True",3123,15,,2506.0,3123.0,617.0,655.0,4974.0,"OK"
"between 35 and (excluding) 40","Professional software developer","undefined","more than 5 years","4",6,2,1,1,3,3,"True",3721,15,,1800.0,2762.0,962.0,-1086.0,5648.0,"OK"
"between 35 and (excluding) 40","Professional software developer","undefined","more than 5 years","10",3,1,1,1,1,1,"True",1993,15,,1993.0,2086.0,93.0,1714.0,2365.0,"OK"
"between 35 and (excluding) 40","Professional software developer","undefined","more than 5 years","10",6,2,1,1,1,1,"True",1922,15,,1922.0,2805.0,883.0,-727.0,5454.0,"OK"
"between 35 and (excluding) 40","Professional software developer","undefined","more than 5 years","10",7,3,1,1,1,1,"True",1544,15,,1620.0,2414.0,794.0,-762.0,4796.0,"OK"
"between 35 and (excluding) 40","Professional software developer","undefined","more than 5 years","10",6,2,1,1,7,7,"True",3977,15,,1922.0,2805.0,883.0,-727.0,5454.0,"OK"
"between 35 and (excluding) 40","Professional software developer","undefined","more than 5 years","8",6,2,1,1,1,1,"True",2353,15,,2235.0,2368.0,133.0,1836.0,2767.0,"OK"
"between 35 and (excluding) 40","Professional software developer","undefined","more than 5 years","2",1,3,1,1,2,2,"True",1859,15,,1710.0,1859.0,149.0,1263.0,2306.0,"OK"
"between 35 and (excluding) 40","Professional software developer","undefined","more than 5 years","4",4,0,1,1,7,7,"True",8746,15,,6149.0,8746.0,2597.0,-1642.0,16537.0,"OK"
"between 35 and (excluding) 40","Professional software developer","undefined","more than 5 years","2",1,3,1,1,6,6,"True",1678,15,,1710.0,1859.0,149.0,1263.0,2306.0,"OK"
"between 35 and (excluding) 40","Professional software developer","undefined","more than 5 years","8",3,1,1,1,3,3,"True",1871,15,,1832.0,2083.0,251.0,1079.0,2836.0,"OK"
"between 35 and (excluding) 40","Professional software developer","undefined","more than 5 years","8",3,1,1,1,1,1,"True",1469,15,,1832.0,2083.0,251.0,1079.0,2836.0,"OK"
"between 35 and (excluding) 40","Professional software developer","undefined","more than 5 years","10",7,3,1,1,4,4,"True",1620,15,,1620.0,2414.0,794.0,-762.0,4796.0,"OK"
"between 35 and (excluding) 40","Professional software developer","undefined","more than 5 years","2",2,2,1,1,7,7,"True",2368,15,,1547.0,2099.0,552.0,-109.0,3755.0,"OK"
"between 35 and (excluding) 40","Professional software developer","undefined","more than 5 years","2",3,1,1,1,3,3,"True",4413,15,,2717.0,4413.0,1696.0,-2371.0,9501.0,"OK"
"between 35 and (excluding) 40","Professional software developer","undefined","more than 5 years","10",4,0,1,1,3,3,"True",7500,15,,3208.0,5024.0,1816.0,-2240.0,10472.0,"OK"
"between 35 and (excluding) 40","Professional software developer","undefined","more than 5 years","6",6,2,1,1,3,3,"True",1907,15,,2112.0,2370.0,258.0,1338.0,3144.0,"OK"
"between 35 and (excluding) 40","Professional software developer","undefined","more than 5 years","8",6,2,1,1,5,5,"True",2368,15,,2235.0,2368.0,133.0,1836.0,2767.0,"OK"
"between 35 and (excluding) 40","Professional software developer","undefined","more than 5 years","4",6,2,1,1,5,5,"True",1963,15,,1800.0,2762.0,962.0,-1086.0,5648.0,"OK"
"between 35 and (excluding) 40","Professional software developer","undefined","more than 5 years","4",3,1,1,1,1,1,"True",1996,15,,2206.0,3288.0,1082.0,-1040.0,6534.0,"OK"
"between 35 and (excluding) 40","Professional software developer","undefined","more than 5 years","2",5,1,1,1,4,4,"True",4501,15,,3463.0,4501.0,1038.0,349.0,7615.0,"OK"
"between 35 and (excluding) 40","Professional software developer","undefined","more than 5 years","4",1,3,1,1,5,5,"True",1605,15,,1546.0,1605.0,59.0,1369.0,1782.0,"OK"
"between 35 and (excluding) 40","Professional software developer","undefined","more than 5 years","4",1,3,1,1,6,6,"True",1558,15,,1546.0,1605.0,59.0,1369.0,1782.0,"OK"
"between 35 and (excluding) 40","Professional software developer","undefined","more than 5 years","10",2,2,1,1,3,3,"True",1425,15,,1501.0,1980.0,479.0,64.0,3417.0,"OK"
"between 35 and (excluding) 40","Professional software developer","undefined","more than 5 years","10",4,0,1,1,5,5,"True",5024,15,,3208.0,5024.0,1816.0,-2240.0,10472.0,"OK"
"between 35 and (excluding) 40","Professional software developer","undefined","more than 5 years","6",2,2,1,1,6,6,"True",1752,15,,1637.0,1752.0,115.0,1292.0,2097.0,"OK"
"between 35 and (excluding) 40","Professional software developer","undefined","more than 5 years","Dynamic",2,2,1,1,3,3,"True",1485,15,,1485.0,1932.0,447.0,144.0,3273.0,"OK"
"between 35 and (excluding) 40","Professional software developer","undefined","more than 5 years","4",5,1,1,1,4,4,"True",3043,15,,2627.0,4352.0,1725.0,-2548.0,9527.0,"OK"
"between 35 and (excluding) 40","Professional software developer","undefined","more than 5 years","10",6,2,1,1,4,4,"True",2805,15,,1922.0,2805.0,883.0,-727.0,5454.0,"OK"
"between 35 and (excluding) 40","Professional software developer","undefined","more than 5 years","6",5,1,1,1,1,1,"True",2956,15,,2639.0,3017.0,378.0,1505.0,4151.0,"OK"
"between 35 and (excluding) 40","Professional software developer","undefined","more than 5 years","2",2,2,1,1,1,1,"True",1491,15,,1547.0,2099.0,552.0,-109.0,3755.0,"OK"
"between 35 and (excluding) 40","Professional software developer","undefined","more than 5 years","2",1,3,1,1,5,5,"True",1710,15,,1710.0,1859.0,149.0,1263.0,2306.0,"OK"
"between 35 and (excluding) 40","Professional software developer","undefined","more than 5 years","6",5,1,1,1,6,6,"True",2639,15,,2639.0,3017.0,378.0,1505.0,4151.0,"OK"
"between 35 and (excluding) 40","Professional software developer","undefined","more than 5 years","10",4,0,1,1,1,1,"True",3208,15,,3208.0,5024.0,1816.0,-2240.0,10472.0,"OK"
"between 35 and (excluding) 40","Professional software developer","undefined","more than 5 years","4",7,3,1,1,1,1,"True",1107,15,,1485.0,1949.0,464.0,93.0,3341.0,"OK"
"between 35 and (excluding) 40","Professional software developer","undefined","more than 5 years","Dynamic",6,2,1,1,2,2,"True",1787,15,,1797.0,2607.0,810.0,-633.0,5037.0,"OK"
"between 35 and (excluding) 40","Professional software developer","undefined","more than 5 years","2",6,2,1,1,2,2,"True",1742,15,,2132.0,3539.0,1407.0,-2089.0,7760.0,"OK"
"between 35 and (excluding) 40","Professional software developer","undefined","more than 5 years","Dynamic",5,1,1,1,2,2,"True",2375,15,,2502.0,3405.0,903.0,-207.0,6114.0,"OK"
"between 35 and (excluding) 40","Professional software developer","undefined","more than 5 years","10",5,1,1,1,3,3,"True",2299,15,,2910.0,3585.0,675.0,885.0,5610.0,"OK"
"between 35 and (excluding) 40","Professional software developer","undefined","more than 5 years","Dynamic",4,0,1,1,2,2,"True",3241,15,,2671.0,3047.0,376.0,1543.0,4175.0,"OK"
"between 35 and (excluding) 40","Professional software developer","undefined","more than 5 years","6",1,3,1,1,2,2,"True",1365,15,,1468.0,1635.0,167.0,967.0,2136.0,"OK"
"between 35 and (excluding) 40","Professional software developer","undefined","more than 5 years","6",7,3,1,1,5,5,"True",1832,15,,1575.0,1977.0,402.0,369.0,3183.0,"OK"
"between 35 and (excluding) 40","Professional software developer","undefined","more than 5 years","10",7,3,1,1,4,4,"True",2414,15,,1620.0,2414.0,794.0,-762.0,4796.0,"OK"
"between 35 and (excluding) 40","Professional software developer","undefined","more than 5 years","10",2,2,1,1,4,4,"True",1980,15,,1501.0,1980.0,479.0,64.0,3417.0,"OK"
"between 35 and (excluding) 40","Professional software developer","undefined","more than 5 years","4",1,3,1,1,2,2,"True",1679,15,,1546.0,1605.0,59.0,1369.0,1782.0,"OK"
"between 35 and (excluding) 40","Professional software developer","undefined","more than 5 years","2",3,1,1,1,2,2,"True",4663,15,,2717.0,4413.0,1696.0,-2371.0,9501.0,"OK"
"between 35 and (excluding) 40","Professional software developer","undefined","more than 5 years","6",4,0,1,1,5,5,"True",2821,15,,2402.0,4367.0,1965.0,-3493.0,10262.0,"OK"
"between 35 and (excluding) 40","Professional software developer","undefined","more than 5 years","4",6,2,1,1,2,2,"True",1800,15,,1800.0,2762.0,962.0,-1086.0,5648.0,"OK"
"between 35 and (excluding) 40","Professional software developer","undefined","more than 5 years","10",3,1,1,1,1,1,"True",1517,15,,1993.0,2086.0,93.0,1714.0,2365.0,"Outlier"
"between 35 and (excluding) 40","Professional software developer","undefined","more than 5 years","Dynamic",2,2,1,1,3,3,"True",1531,15,,1485.0,1932.0,447.0,144.0,3273.0,"OK"
"between 35 and (excluding) 40","Professional software developer","undefined","more than 5 years","2",5,1,0,1,7,1,"False",4279,15,,3463.0,4501.0,1038.0,349.0,7615.0,"OK"
"between 35 and (excluding) 40","Professional software developer","undefined","more than 5 years","Dynamic",2,2,1,1,3,3,"True",1453,15,,1485.0,1932.0,447.0,144.0,3273.0,"OK"
"between 35 and (excluding) 40","Professional software developer","undefined","more than 5 years","Dynamic",6,2,1,1,7,7,"True",1797,15,,1797.0,2607.0,810.0,-633.0,5037.0,"OK"
"between 35 and (excluding) 40","Professional software developer","undefined","more than 5 years","2",3,1,1,1,4,4,"True",2717,15,,2717.0,4413.0,1696.0,-2371.0,9501.0,"OK"
"between 35 and (excluding) 40","Professional software developer","undefined","more than 5 years","Dynamic",3,1,1,1,4,4,"True",1995,15,,1742.0,2146.0,404.0,530.0,3358.0,"OK"
"between 35 and (excluding) 40","Professional software developer","undefined","more than 5 years","4",7,3,1,1,5,5,"True",1949,15,,1485.0,1949.0,464.0,93.0,3341.0,"OK"
"between 35 and (excluding) 40","Professional software developer","undefined","more than 5 years","8",2,2,1,1,6,6,"True",1621,15,,1441.0,1621.0,180.0,901.0,2161.0,"OK"
"between 35 and (excluding) 40","Professional software developer","undefined","more than 5 years","Dynamic",5,1,1,1,2,2,"True",3405,15,,2502.0,3405.0,903.0,-207.0,6114.0,"OK"
"between 35 and (excluding) 40","Professional software developer","undefined","more than 5 years","4",5,1,1,1,7,7,"True",4352,15,,2627.0,4352.0,1725.0,-2548.0,9527.0,"OK"
"between 35 and (excluding) 40","Professional software developer","undefined","more than 5 years","10",6,2,1,1,2,2,"True",2537,15,,1922.0,2805.0,883.0,-727.0,5454.0,"OK"
"between 35 and (excluding) 40","Professional software developer","undefined","more than 5 years","4",3,1,1,1,5,5,"True",2880,15,,2206.0,3288.0,1082.0,-1040.0,6534.0,"OK"
"between 35 and (excluding) 40","Professional software developer","undefined","more than 5 years","6",1,3,1,1,4,4,"True",1468,15,,1468.0,1635.0,167.0,967.0,2136.0,"OK"
"between 35 and (excluding) 40","Professional software developer","undefined","more than 5 years","8",7,3,1,1,1,1,"True",1289,15,,1455.0,1740.0,285.0,600.0,2595.0,"OK"
"between 35 and (excluding) 40","Professional software developer","undefined","more than 5 years","2",5,1,1,1,5,5,"True",3463,15,,3463.0,4501.0,1038.0,349.0,7615.0,"OK"
"between 35 and (excluding) 40","Professional software developer","undefined","more than 5 years","4",5,1,1,1,3,3,"True",2627,15,,2627.0,4352.0,1725.0,-2548.0,9527.0,"OK"
"between 35 and (excluding) 40","Professional software developer","undefined","more than 5 years","2",2,2,1,1,6,6,"True",1547,15,,1547.0,2099.0,552.0,-109.0,3755.0,"OK"
"between 35 and (excluding) 40","Professional software developer","undefined","more than 5 years","8",7,3,1,1,2,2,"True",1455,15,,1455.0,1740.0,285.0,600.0,2595.0,"OK"
"between 35 and (excluding) 40","Professional software developer","undefined","more than 5 years","8",1,3,1,1,1,1,"True",1695,15,,1622.0,1712.0,90.0,1352.0,1982.0,"OK"
"between 35 and (excluding) 40","Professional software developer","undefined","more than 5 years","10",7,3,1,1,7,7,"True",2683,15,,1620.0,2414.0,794.0,-762.0,4796.0,"OK"
"between 35 and (excluding) 40","Professional software developer","undefined","more than 5 years","Dynamic",3,1,1,1,7,7,"True",1742,15,,1742.0,2146.0,404.0,530.0,3358.0,"OK"
"between 35 and (excluding) 40","Professional software developer","undefined","more than 5 years","2",7,3,1,1,7,7,"True",1244,15,,1646.0,2042.0,396.0,458.0,3230.0,"OK"
"between 35 and (excluding) 40","Professional software developer","undefined","more than 5 years","4",2,2,1,1,2,2,"True",1500,15,,1712.0,1980.0,268.0,908.0,2784.0,"OK"
"between 35 and (excluding) 40","Professional software developer","undefined","more than 5 years","8",3,1,1,1,4,4,"True",1832,15,,1832.0,2083.0,251.0,1079.0,2836.0,"OK"
"between 35 and (excluding) 40","Professional software developer","undefined","more than 5 years","8",5,1,1,1,2,2,"True",2867,15,,2506.0,3123.0,617.0,655.0,4974.0,"OK"
"between 35 and (excluding) 40","Professional software developer","undefined","more than 5 years","Dynamic",1,3,1,1,7,7,"True",1757,15,,1380.0,1711.0,331.0,387.0,2704.0,"OK"
"between 35 and (excluding) 40","Professional software developer","undefined","more than 5 years","6",5,1,1,1,5,5,"True",3017,15,,2639.0,3017.0,378.0,1505.0,4151.0,"OK"
"between 35 and (excluding) 40","Professional software developer","undefined","more than 5 years","Dynamic",7,3,1,1,5,5,"True",1366,15,,1350.0,1424.0,74.0,1128.0,1646.0,"OK"
"between 35 and (excluding) 40","Professional software developer","undefined","more than 5 years","4",7,3,1,1,7,7,"True",2089,15,,1485.0,1949.0,464.0,93.0,3341.0,"OK"
"between 35 and (excluding) 40","Professional software developer","undefined","more than 5 years","2",7,3,1,1,7,7,"True",1700,15,,1646.0,2042.0,396.0,458.0,3230.0,"OK"
"between 35 and (excluding) 40","Professional software developer","undefined","more than 5 years","6",3,1,1,1,1,1,"True",2865,15,,2206.0,2566.0,360.0,1126.0,3646.0,"OK"
"between 35 and (excluding) 40","Professional software developer","undefined","more than 5 years","4",3,1,1,1,7,7,"True",2206,15,,2206.0,3288.0,1082.0,-1040.0,6534.0,"OK"
"between 35 and (excluding) 40","Professional software developer","undefined","more than 5 years","4",3,1,1,1,3,3,"True",5039,15,,2206.0,3288.0,1082.0,-1040.0,6534.0,"OK"
"between 35 and (excluding) 40","Professional software developer","undefined","more than 5 years","8",2,2,1,1,5,5,"True",1724,15,,1441.0,1621.0,180.0,901.0,2161.0,"OK"
"between 35 and (excluding) 40","Professional software developer","undefined","more than 5 years","Dynamic",2,2,1,1,7,7,"True",1932,15,,1485.0,1932.0,447.0,144.0,3273.0,"OK"
"between 35 and (excluding) 40","Professional software developer","undefined","more than 5 years","4",2,2,1,1,1,1,"True",4996,15,,1712.0,1980.0,268.0,908.0,2784.0,"Outlier"
"between 35 and (excluding) 40","Professional software developer","undefined","more than 5 years","10",1,3,1,1,7,7,"True",2457,15,,1740.0,2457.0,717.0,-411.0,4608.0,"OK"
"between 35 and (excluding) 40","Professional software developer","undefined","more than 5 years","Dynamic",6,2,1,1,7,7,"True",3497,15,,1797.0,2607.0,810.0,-633.0,5037.0,"OK"
"between 35 and (excluding) 40","Professional software developer","undefined","more than 5 years","8",4,0,1,1,1,1,"True",4246,15,,3976.0,4246.0,270.0,3166.0,5056.0,"OK"
"between 35 and (excluding) 40","Professional software developer","undefined","more than 5 years","8",4,0,1,1,3,3,"True",3976,15,,3976.0,4246.0,270.0,3166.0,5056.0,"OK"
"between 35 and (excluding) 40","Professional software developer","undefined","more than 5 years","10",3,1,1,1,5,5,"True",2070,15,,1993.0,2086.0,93.0,1714.0,2365.0,"OK"
"between 35 and (excluding) 40","Professional software developer","undefined","more than 5 years","Dynamic",4,0,1,1,3,3,"True",2671,15,,2671.0,3047.0,376.0,1543.0,4175.0,"OK"
"between 35 and (excluding) 40","Professional software developer","undefined","more than 5 years","2",7,3,1,1,6,6,"True",1646,15,,1646.0,2042.0,396.0,458.0,3230.0,"OK"
"between 35 and (excluding) 40","Professional software developer","undefined","more than 5 years","8",7,3,1,1,1,1,"True",1740,15,,1455.0,1740.0,285.0,600.0,2595.0,"OK"
"between 35 and (excluding) 40","Professional software developer","undefined","more than 5 years","2",4,0,1,1,5,5,"True",2676,15,,5656.0,7846.0,2190.0,-914.0,14416.0,"OK"
"between 35 and (excluding) 40","Professional software developer","undefined","more than 5 years","Dynamic",5,1,1,1,3,3,"True",2502,15,,2502.0,3405.0,903.0,-207.0,6114.0,"OK"
"between 35 and (excluding) 40","Professional software developer","undefined","more than 5 years","Dynamic",7,3,1,1,3,3,"True",1439,15,,1350.0,1424.0,74.0,1128.0,1646.0,"OK"
"between 35 and (excluding) 40","Professional software developer","undefined","more than 5 years","Dynamic",7,3,1,1,1,1,"True",1049,15,,1350.0,1424.0,74.0,1128.0,1646.0,"Outlier"
"between 35 and (excluding) 40","Professional software developer","undefined","more than 5 years","Dynamic",7,3,1,1,2,2,"True",1350,15,,1350.0,1424.0,74.0,1128.0,1646.0,"OK"
"between 35 and (excluding) 40","Professional software developer","undefined","more than 5 years","6",3,1,1,1,5,5,"True",2566,15,,2206.0,2566.0,360.0,1126.0,3646.0,"OK"
"between 35 and (excluding) 40","Professional software developer","undefined","more than 5 years","10",7,3,1,1,6,6,"True",1968,15,,1620.0,2414.0,794.0,-762.0,4796.0,"OK"
"between 35 and (excluding) 40","Professional software developer","undefined","more than 5 years","4",1,3,1,1,6,6,"True",1546,15,,1546.0,1605.0,59.0,1369.0,1782.0,"OK"
"between 35 and (excluding) 40","Professional software developer","undefined","more than 5 years","6",2,2,1,1,1,1,"True",1501,15,,1637.0,1752.0,115.0,1292.0,2097.0,"OK"
"between 35 and (excluding) 40","Professional software developer","undefined","more than 5 years","6",6,2,1,1,5,5,"True",2370,15,,2112.0,2370.0,258.0,1338.0,3144.0,"OK"
"between 35 and (excluding) 40","Professional software developer","undefined","more than 5 years","4",2,2,1,1,3,3,"True",1812,15,,1712.0,1980.0,268.0,908.0,2784.0,"OK"
"between 35 and (excluding) 40","Professional software developer","undefined","more than 5 years","10",5,1,1,1,4,4,"True",2910,15,,2910.0,3585.0,675.0,885.0,5610.0,"OK"
"between 35 and (excluding) 40","Professional software developer","undefined","more than 5 years","8",4,0,1,1,5,5,"True",2699,15,,3976.0,4246.0,270.0,3166.0,5056.0,"Outlier"
"between 35 and (excluding) 40","Professional software developer","undefined","more than 5 years","10",3,1,1,1,4,4,"True",5747,15,,1993.0,2086.0,93.0,1714.0,2365.0,"Outlier"
"between 35 and (excluding) 40","Professional software developer","undefined","more than 5 years","10",2,2,1,1,7,7,"True",1501,15,,1501.0,1980.0,479.0,64.0,3417.0,"OK"
"between 35 and (excluding) 40","Professional software developer","undefined","more than 5 years","8",2,2,1,1,1,1,"True",1441,15,,1441.0,1621.0,180.0,901.0,2161.0,"OK"
"between 35 and (excluding) 40","Professional software developer","undefined","more than 5 years","Dynamic",7,3,1,1,7,7,"True",1424,15,,1350.0,1424.0,74.0,1128.0,1646.0,"OK"
"between 35 and (excluding) 40","Professional software developer","undefined","more than 5 years","6",7,3,1,1,1,1,"True",1425,15,,1575.0,1977.0,402.0,369.0,3183.0,"OK"
"between 35 and (excluding) 40","Professional software developer","undefined","more than 5 years","2",7,3,1,1,3,3,"True",2042,15,,1646.0,2042.0,396.0,458.0,3230.0,"OK"
"between 35 and (excluding) 40","Professional software developer","undefined","more than 5 years","Dynamic",4,0,1,1,5,5,"True",1999,15,,2671.0,3047.0,376.0,1543.0,4175.0,"OK"
"between 35 and (excluding) 40","Professional software developer","undefined","more than 5 years","Dynamic",5,1,1,1,1,1,"True",5069,15,,2502.0,3405.0,903.0,-207.0,6114.0,"OK"
"between 35 and (excluding) 40","Professional software developer","undefined","more than 5 years","Dynamic",3,1,1,1,2,2,"True",2358,15,,1742.0,2146.0,404.0,530.0,3358.0,"OK"
"between 35 and (excluding) 40","Professional software developer","undefined","more than 5 years","2",2,2,1,1,5,5,"True",2054,15,,1547.0,2099.0,552.0,-109.0,3755.0,"OK"
"between 35 and (excluding) 40","Professional software developer","undefined","more than 5 years","6",1,3,1,1,2,2,"True",1635,15,,1468.0,1635.0,167.0,967.0,2136.0,"OK"
"between 35 and (excluding) 40","Professional software developer","undefined","more than 5 years","Dynamic",1,3,1,1,1,1,"True",1289,15,,1380.0,1711.0,331.0,387.0,2704.0,"OK"
"between 35 and (excluding) 40","Professional software developer","undefined","more than 5 years","Dynamic",3,1,1,1,4,4,"True",2146,15,,1742.0,2146.0,404.0,530.0,3358.0,"OK"
"between 35 and (excluding) 40","Professional software developer","undefined","more than 5 years","10",4,0,1,1,2,2,"True",2413,15,,3208.0,5024.0,1816.0,-2240.0,10472.0,"OK"
"between 35 and (excluding) 40","Professional software developer","undefined","more than 5 years","Dynamic",4,0,1,1,3,3,"True",2761,15,,2671.0,3047.0,376.0,1543.0,4175.0,"OK"
"between 35 and (excluding) 40","Professional software developer","undefined","more than 5 years","2",1,3,1,1,2,2,"True",1798,15,,1710.0,1859.0,149.0,1263.0,2306.0,"OK"
"between 35 and (excluding) 40","Professional software developer","undefined","more than 5 years","6",4,0,1,1,2,2,"True",2083,15,,2402.0,4367.0,1965.0,-3493.0,10262.0,"OK"
"between 35 and (excluding) 40","Professional software developer","undefined","more than 5 years","8",6,2,1,1,7,7,"True",2175,15,,2235.0,2368.0,133.0,1836.0,2767.0,"OK"
"between 35 and (excluding) 40","Professional software developer","undefined","more than 5 years","2",5,1,1,1,4,4,"True",2864,15,,3463.0,4501.0,1038.0,349.0,7615.0,"OK"
"between 35 and (excluding) 40","Professional software developer","undefined","more than 5 years","6",6,2,1,1,2,2,"True",2249,15,,2112.0,2370.0,258.0,1338.0,3144.0,"OK"
"between 35 and (excluding) 40","Professional software developer","undefined","more than 5 years","8",2,2,1,1,2,2,"True",1580,15,,1441.0,1621.0,180.0,901.0,2161.0,"OK"
"between 35 and (excluding) 40","Professional software developer","undefined","more than 5 years","8",7,3,1,1,4,4,"True",1743,15,,1455.0,1740.0,285.0,600.0,2595.0,"OK"
"between 35 and (excluding) 40","Professional software developer","undefined","more than 5 years","Dynamic",6,2,1,1,5,5,"True",2565,15,,1797.0,2607.0,810.0,-633.0,5037.0,"OK"
"between 35 and (excluding) 40","Professional software developer","undefined","more than 5 years","4",4,0,1,1,7,7,"True",4232,15,,6149.0,8746.0,2597.0,-1642.0,16537.0,"OK"
"between 35 and (excluding) 40","Professional software developer","undefined","more than 5 years","4",2,2,1,1,2,2,"True",1980,15,,1712.0,1980.0,268.0,908.0,2784.0,"OK"
"between 35 and (excluding) 40","Professional software developer","undefined","more than 5 years","4",5,1,1,1,1,1,"True",2481,15,,2627.0,4352.0,1725.0,-2548.0,9527.0,"OK"
"between 35 and (excluding) 40","Professional software developer","undefined","more than 5 years","8",1,3,1,1,6,6,"True",1712,15,,1622.0,1712.0,90.0,1352.0,1982.0,"OK"
"between 35 and (excluding) 40","Professional software developer","undefined","more than 5 years","10",6,2,1,1,7,7,"True",1879,15,,1922.0,2805.0,883.0,-727.0,5454.0,"OK"
"between 35 and (excluding) 40","Professional software developer","undefined","more than 5 years","10",2,2,1,1,4,4,"True",1571,15,,1501.0,1980.0,479.0,64.0,3417.0,"OK"
"between 35 and (excluding) 40","Professional software developer","undefined","more than 5 years","2",3,1,1,1,2,2,"True",2672,15,,2717.0,4413.0,1696.0,-2371.0,9501.0,"OK"
"between 35 and (excluding) 40","Professional software developer","undefined","more than 5 years","8",1,3,1,1,4,4,"True",1622,15,,1622.0,1712.0,90.0,1352.0,1982.0,"OK"
"between 35 and (excluding) 40","Professional software developer","undefined","more than 5 years","2",3,1,1,1,7,7,"True",4157,15,,2717.0,4413.0,1696.0,-2371.0,9501.0,"OK"
"between 35 and (excluding) 40","Professional software developer","undefined","more than 5 years","6",3,1,1,1,4,4,"True",1769,15,,2206.0,2566.0,360.0,1126.0,3646.0,"OK"
"between 35 and (excluding) 40","Professional software developer","undefined","more than 5 years","6",1,3,1,1,6,6,"True",1888,15,,1468.0,1635.0,167.0,967.0,2136.0,"OK"
"between 35 and (excluding) 40","Professional software developer","undefined","more than 5 years","6",2,2,1,1,5,5,"True",1833,15,,1637.0,1752.0,115.0,1292.0,2097.0,"OK"
"between 35 and (excluding) 40","Professional software developer","undefined","more than 5 years","Dynamic",3,1,1,1,3,3,"True",1425,15,,1742.0,2146.0,404.0,530.0,3358.0,"OK"
"between 35 and (excluding) 40","Professional software developer","undefined","more than 5 years","4",1,3,1,1,3,3,"True",1321,15,,1546.0,1605.0,59.0,1369.0,1782.0,"Outlier"
"between 35 and (excluding) 40","Professional software developer","undefined","more than 5 years","6",3,1,0,1,4,6,"False",2206,15,,2206.0,2566.0,360.0,1126.0,3646.0,"OK"
"between 35 and (excluding) 40","Professional software developer","undefined","more than 5 years","Dynamic",1,3,1,1,7,7,"True",1602,15,,1380.0,1711.0,331.0,387.0,2704.0,"OK"
"between 35 and (excluding) 40","Professional software developer","undefined","more than 5 years","6",3,1,1,1,3,3,"True",2267,15,,2206.0,2566.0,360.0,1126.0,3646.0,"OK"
"between 35 and (excluding) 40","Professional software developer","undefined","more than 5 years","6",7,3,1,1,3,3,"True",1575,15,,1575.0,1977.0,402.0,369.0,3183.0,"OK"
"between 35 and (excluding) 40","Professional software developer","undefined","more than 5 years","8",3,1,1,1,1,1,"True",2083,15,,1832.0,2083.0,251.0,1079.0,2836.0,"OK"
"between 35 and (excluding) 40","Professional software developer","undefined","more than 5 years","4",2,2,1,1,4,4,"True",1712,15,,1712.0,1980.0,268.0,908.0,2784.0,"OK"
"between 35 and (excluding) 40","Professional software developer","undefined","more than 5 years","8",6,2,1,1,3,3,"True",2235,15,,2235.0,2368.0,133.0,1836.0,2767.0,"OK"
"between 35 and (excluding) 40","Professional software developer","undefined","more than 5 years","4",7,3,1,1,6,6,"True",1485,15,,1485.0,1949.0,464.0,93.0,3341.0,"OK"
"between 35 and (excluding) 40","Professional software developer","undefined","more than 5 years","Dynamic",5,1,1,1,1,1,"True",2805,15,,2502.0,3405.0,903.0,-207.0,6114.0,"OK"
"between 35 and (excluding) 40","Professional software developer","undefined","more than 5 years","6",5,1,1,1,4,4,"True",2161,15,,2639.0,3017.0,378.0,1505.0,4151.0,"OK"
"between 35 and (excluding) 40","Professional software developer","undefined","more than 5 years","8",2,2,1,1,5,5,"True",1425,15,,1441.0,1621.0,180.0,901.0,2161.0,"OK"
"between 35 and (excluding) 40","Professional software developer","undefined","more than 5 years","6",4,0,1,1,4,4,"True",2402,15,,2402.0,4367.0,1965.0,-3493.0,10262.0,"OK"
"between 35 and (excluding) 40","Graduate student (at least BSc finished)","I do not study","more than 1 year, but less than or equal 3 years","4",4,0,1,1,1,1,"True",3505,16,,3505.0,5153.0,1648.0,-1439.0,10097.0,"OK"
"between 35 and (excluding) 40","Graduate student (at least BSc finished)","I do not study","more than 1 year, but less than or equal 3 years","4",7,3,1,1,3,3,"True",2497,16,,1532.0,2487.0,955.0,-1333.0,5352.0,"OK"
"between 35 and (excluding) 40","Graduate student (at least BSc finished)","I do not study","more than 1 year, but less than or equal 3 years","2",7,3,1,1,2,2,"True",3106,16,,1604.0,1832.0,228.0,920.0,2516.0,"Outlier"
"between 35 and (excluding) 40","Graduate student (at least BSc finished)","I do not study","more than 1 year, but less than or equal 3 years","2",4,0,0,1,2,1,"False",4484,16,,3391.0,5144.0,1753.0,-1868.0,10403.0,"OK"
"between 35 and (excluding) 40","Graduate student (at least BSc finished)","I do not study","more than 1 year, but less than or equal 3 years","8",4,0,1,1,5,5,"True",3051,16,,1653.0,2808.0,1155.0,-1812.0,6273.0,"OK"
"between 35 and (excluding) 40","Graduate student (at least BSc finished)","I do not study","more than 1 year, but less than or equal 3 years","10",1,3,1,1,3,3,"True",1619,16,,1830.0,3054.0,1224.0,-1842.0,6726.0,"OK"
"between 35 and (excluding) 40","Graduate student (at least BSc finished)","I do not study","more than 1 year, but less than or equal 3 years","8",5,1,1,1,3,3,"True",1660,16,,1660.0,2245.0,585.0,-95.0,4000.0,"OK"
"between 35 and (excluding) 40","Graduate student (at least BSc finished)","I do not study","more than 1 year, but less than or equal 3 years","4",5,1,1,1,1,1,"True",2409,16,,2383.0,2778.0,395.0,1198.0,3963.0,"OK"
"between 35 and (excluding) 40","Graduate student (at least BSc finished)","I do not study","more than 1 year, but less than or equal 3 years","10",1,3,1,1,7,7,"True",1830,16,,1830.0,3054.0,1224.0,-1842.0,6726.0,"OK"
"between 35 and (excluding) 40","Graduate student (at least BSc finished)","I do not study","more than 1 year, but less than or equal 3 years","2",2,2,1,1,5,5,"True",3221,16,,2041.0,3221.0,1180.0,-1499.0,6761.0,"OK"
"between 35 and (excluding) 40","Graduate student (at least BSc finished)","I do not study","more than 1 year, but less than or equal 3 years","4",6,2,1,1,5,5,"True",2258,16,,2258.0,3194.0,936.0,-550.0,6002.0,"OK"
"between 35 and (excluding) 40","Graduate student (at least BSc finished)","I do not study","more than 1 year, but less than or equal 3 years","2",6,2,1,1,6,6,"True",2882,16,,3517.0,3640.0,123.0,3148.0,4009.0,"Outlier"
"between 35 and (excluding) 40","Graduate student (at least BSc finished)","I do not study","more than 1 year, but less than or equal 3 years","6",5,1,1,1,3,3,"True",2596,16,,2006.0,2596.0,590.0,236.0,4366.0,"OK"
"between 35 and (excluding) 40","Graduate student (at least BSc finished)","I do not study","more than 1 year, but less than or equal 3 years","10",2,2,1,1,6,6,"True",2405,16,,1490.0,2273.0,783.0,-859.0,4622.0,"OK"
"between 35 and (excluding) 40","Graduate student (at least BSc finished)","I do not study","more than 1 year, but less than or equal 3 years","Dynamic",2,2,1,1,7,7,"True",1793,16,,1684.0,2077.0,393.0,505.0,3256.0,"OK"
"between 35 and (excluding) 40","Graduate student (at least BSc finished)","I do not study","more than 1 year, but less than or equal 3 years","2",6,2,0,1,6,4,"False",3640,16,,3517.0,3640.0,123.0,3148.0,4009.0,"OK"
"between 35 and (excluding) 40","Graduate student (at least BSc finished)","I do not study","more than 1 year, but less than or equal 3 years","4",4,0,1,1,6,6,"True",3734,16,,3505.0,5153.0,1648.0,-1439.0,10097.0,"OK"
"between 35 and (excluding) 40","Graduate student (at least BSc finished)","I do not study","more than 1 year, but less than or equal 3 years","2",5,1,0,1,2,1,"False",5404,16,,2866.0,5404.0,2538.0,-4748.0,13018.0,"OK"
"between 35 and (excluding) 40","Graduate student (at least BSc finished)","I do not study","more than 1 year, but less than or equal 3 years","2",4,0,0,1,7,4,"False",2525,16,,3391.0,5144.0,1753.0,-1868.0,10403.0,"OK"
"between 35 and (excluding) 40","Graduate student (at least BSc finished)","I do not study","more than 1 year, but less than or equal 3 years","6",7,3,1,1,7,7,"True",2776,16,,1490.0,1727.0,237.0,779.0,2438.0,"Outlier"
"between 35 and (excluding) 40","Graduate student (at least BSc finished)","I do not study","more than 1 year, but less than or equal 3 years","6",6,2,1,1,2,2,"True",2972,16,,1819.0,2262.0,443.0,490.0,3591.0,"OK"
"between 35 and (excluding) 40","Graduate student (at least BSc finished)","I do not study","more than 1 year, but less than or equal 3 years","10",4,0,1,1,1,1,"True",2011,16,,1658.0,2011.0,353.0,599.0,3070.0,"OK"
"between 35 and (excluding) 40","Graduate student (at least BSc finished)","I do not study","more than 1 year, but less than or equal 3 years","10",1,3,1,1,4,4,"True",3141,16,,1830.0,3054.0,1224.0,-1842.0,6726.0,"OK"
"between 35 and (excluding) 40","Graduate student (at least BSc finished)","I do not study","more than 1 year, but less than or equal 3 years","2",4,0,0,1,1,4,"False",8477,16,,3391.0,5144.0,1753.0,-1868.0,10403.0,"OK"
"between 35 and (excluding) 40","Graduate student (at least BSc finished)","I do not study","more than 1 year, but less than or equal 3 years","6",4,0,1,1,3,3,"True",3391,16,,1659.0,2260.0,601.0,-144.0,4063.0,"OK"
"between 35 and (excluding) 40","Graduate student (at least BSc finished)","I do not study","more than 1 year, but less than or equal 3 years","4",4,0,1,1,2,2,"True",6396,16,,3505.0,5153.0,1648.0,-1439.0,10097.0,"OK"
"between 35 and (excluding) 40","Graduate student (at least BSc finished)","I do not study","more than 1 year, but less than or equal 3 years","6",6,2,1,1,6,6,"True",2057,16,,1819.0,2262.0,443.0,490.0,3591.0,"OK"
"between 35 and (excluding) 40","Graduate student (at least BSc finished)","I do not study","more than 1 year, but less than or equal 3 years","Dynamic",1,3,1,1,1,1,"True",1577,16,,1435.0,1577.0,142.0,1009.0,2003.0,"OK"
"between 35 and (excluding) 40","Graduate student (at least BSc finished)","I do not study","more than 1 year, but less than or equal 3 years","4",6,2,1,1,1,1,"True",2362,16,,2258.0,3194.0,936.0,-550.0,6002.0,"OK"
"between 35 and (excluding) 40","Graduate student (at least BSc finished)","I do not study","more than 1 year, but less than or equal 3 years","10",3,1,1,1,6,6,"True",1744,16,,1637.0,1879.0,242.0,911.0,2605.0,"OK"
"between 35 and (excluding) 40","Graduate student (at least BSc finished)","I do not study","more than 1 year, but less than or equal 3 years","8",5,1,1,1,3,3,"True",1675,16,,1660.0,2245.0,585.0,-95.0,4000.0,"OK"
"between 35 and (excluding) 40","Graduate student (at least BSc finished)","I do not study","more than 1 year, but less than or equal 3 years","8",1,3,1,1,2,2,"True",1431,16,,1440.0,1503.0,63.0,1251.0,1692.0,"OK"
"between 35 and (excluding) 40","Graduate student (at least BSc finished)","I do not study","more than 1 year, but less than or equal 3 years","10",5,1,1,1,7,7,"True",1822,16,,1513.0,1822.0,309.0,586.0,2749.0,"OK"
"between 35 and (excluding) 40","Graduate student (at least BSc finished)","I do not study","more than 1 year, but less than or equal 3 years","Dynamic",6,2,1,1,5,5,"True",1580,16,,1444.0,1650.0,206.0,826.0,2268.0,"OK"
"between 35 and (excluding) 40","Graduate student (at least BSc finished)","I do not study","more than 1 year, but less than or equal 3 years","6",4,0,1,1,1,1,"True",2106,16,,1659.0,2260.0,601.0,-144.0,4063.0,"OK"
"between 35 and (excluding) 40","Graduate student (at least BSc finished)","I do not study","more than 1 year, but less than or equal 3 years","10",5,1,1,1,4,4,"True",2476,16,,1513.0,1822.0,309.0,586.0,2749.0,"OK"
"between 35 and (excluding) 40","Graduate student (at least BSc finished)","I do not study","more than 1 year, but less than or equal 3 years","2",4,0,0,1,1,5,"False",3391,16,,3391.0,5144.0,1753.0,-1868.0,10403.0,"OK"
"between 35 and (excluding) 40","Graduate student (at least BSc finished)","I do not study","more than 1 year, but less than or equal 3 years","10",5,1,1,1,6,6,"True",1513,16,,1513.0,1822.0,309.0,586.0,2749.0,"OK"
"between 35 and (excluding) 40","Graduate student (at least BSc finished)","I do not study","more than 1 year, but less than or equal 3 years","Dynamic",1,3,1,1,5,5,"True",1572,16,,1435.0,1577.0,142.0,1009.0,2003.0,"OK"
"between 35 and (excluding) 40","Graduate student (at least BSc finished)","I do not study","more than 1 year, but less than or equal 3 years","2",6,2,0,1,5,2,"False",3565,16,,3517.0,3640.0,123.0,3148.0,4009.0,"OK"
"between 35 and (excluding) 40","Graduate student (at least BSc finished)","I do not study","more than 1 year, but less than or equal 3 years","2",6,2,1,1,4,4,"True",3517,16,,3517.0,3640.0,123.0,3148.0,4009.0,"OK"
"between 35 and (excluding) 40","Graduate student (at least BSc finished)","I do not study","more than 1 year, but less than or equal 3 years","6",2,2,1,1,6,6,"True",2682,16,,1624.0,2388.0,764.0,-668.0,4680.0,"OK"
"between 35 and (excluding) 40","Graduate student (at least BSc finished)","I do not study","more than 1 year, but less than or equal 3 years","Dynamic",4,0,1,1,2,2,"True",2136,16,,1413.0,1565.0,152.0,957.0,2021.0,"Outlier"
"between 35 and (excluding) 40","Graduate student (at least BSc finished)","I do not study","more than 1 year, but less than or equal 3 years","2",1,3,1,1,5,5,"True",2510,16,,1988.0,2510.0,522.0,422.0,4076.0,"OK"
"between 35 and (excluding) 40","Graduate student (at least BSc finished)","I do not study","more than 1 year, but less than or equal 3 years","6",7,3,1,1,6,6,"True",1727,16,,1490.0,1727.0,237.0,779.0,2438.0,"OK"
"between 35 and (excluding) 40","Graduate student (at least BSc finished)","I do not study","more than 1 year, but less than or equal 3 years","10",1,3,1,1,5,5,"True",3054,16,,1830.0,3054.0,1224.0,-1842.0,6726.0,"OK"
"between 35 and (excluding) 40","Graduate student (at least BSc finished)","I do not study","more than 1 year, but less than or equal 3 years","4",3,1,1,1,5,5,"True",3228,16,,2410.0,2576.0,166.0,1912.0,3074.0,"Outlier"
"between 35 and (excluding) 40","Graduate student (at least BSc finished)","I do not study","more than 1 year, but less than or equal 3 years","6",1,3,1,1,3,3,"True",1498,16,,1424.0,1498.0,74.0,1202.0,1720.0,"OK"
"between 35 and (excluding) 40","Graduate student (at least BSc finished)","I do not study","more than 1 year, but less than or equal 3 years","8",5,1,1,1,2,2,"True",2585,16,,1660.0,2245.0,585.0,-95.0,4000.0,"OK"
"between 35 and (excluding) 40","Graduate student (at least BSc finished)","I do not study","more than 1 year, but less than or equal 3 years","6",2,2,1,1,7,7,"True",2388,16,,1624.0,2388.0,764.0,-668.0,4680.0,"OK"
"between 35 and (excluding) 40","Graduate student (at least BSc finished)","I do not study","more than 1 year, but less than or equal 3 years","8",3,1,1,1,2,2,"True",2111,16,,1633.0,2142.0,509.0,106.0,3669.0,"OK"
"between 35 and (excluding) 40","Graduate student (at least BSc finished)","I do not study","more than 1 year, but less than or equal 3 years","8",4,0,1,1,2,2,"True",2808,16,,1653.0,2808.0,1155.0,-1812.0,6273.0,"OK"
"between 35 and (excluding) 40","Graduate student (at least BSc finished)","I do not study","more than 1 year, but less than or equal 3 years","8",1,3,1,1,1,1,"True",1503,16,,1440.0,1503.0,63.0,1251.0,1692.0,"OK"
"between 35 and (excluding) 40","Graduate student (at least BSc finished)","I do not study","more than 1 year, but less than or equal 3 years","8",6,2,1,1,4,4,"True",1790,16,,1790.0,2941.0,1151.0,-1663.0,6394.0,"OK"
"between 35 and (excluding) 40","Graduate student (at least BSc finished)","I do not study","more than 1 year, but less than or equal 3 years","8",7,3,1,1,3,3,"True",2377,16,,1376.0,1553.0,177.0,845.0,2084.0,"Outlier"
"between 35 and (excluding) 40","Graduate student (at least BSc finished)","I do not study","more than 1 year, but less than or equal 3 years","8",5,1,1,1,1,1,"True",1271,16,,1660.0,2245.0,585.0,-95.0,4000.0,"OK"
"between 35 and (excluding) 40","Graduate student (at least BSc finished)","I do not study","more than 1 year, but less than or equal 3 years","4",6,2,1,1,3,3,"True",3194,16,,2258.0,3194.0,936.0,-550.0,6002.0,"OK"
"between 35 and (excluding) 40","Graduate student (at least BSc finished)","I do not study","more than 1 year, but less than or equal 3 years","10",3,1,1,1,1,1,"True",3201,16,,1637.0,1879.0,242.0,911.0,2605.0,"Outlier"
"between 35 and (excluding) 40","Graduate student (at least BSc finished)","I do not study","more than 1 year, but less than or equal 3 years","10",6,2,1,1,1,1,"True",2000,16,,1434.0,2000.0,566.0,-264.0,3698.0,"OK"
"between 35 and (excluding) 40","Graduate student (at least BSc finished)","I do not study","more than 1 year, but less than or equal 3 years","10",7,3,1,1,1,1,"True",1587,16,,1527.0,1716.0,189.0,960.0,2283.0,"OK"
"between 35 and (excluding) 40","Graduate student (at least BSc finished)","I do not study","more than 1 year, but less than or equal 3 years","10",6,2,1,1,7,7,"True",2087,16,,1434.0,2000.0,566.0,-264.0,3698.0,"OK"
"between 35 and (excluding) 40","Graduate student (at least BSc finished)","I do not study","more than 1 year, but less than or equal 3 years","8",6,2,1,1,1,1,"True",2941,16,,1790.0,2941.0,1151.0,-1663.0,6394.0,"OK"
"between 35 and (excluding) 40","Graduate student (at least BSc finished)","I do not study","more than 1 year, but less than or equal 3 years","2",1,3,1,1,2,2,"True",2945,16,,1988.0,2510.0,522.0,422.0,4076.0,"OK"
"between 35 and (excluding) 40","Graduate student (at least BSc finished)","I do not study","more than 1 year, but less than or equal 3 years","4",4,0,1,1,7,7,"True",5153,16,,3505.0,5153.0,1648.0,-1439.0,10097.0,"OK"
"between 35 and (excluding) 40","Graduate student (at least BSc finished)","I do not study","more than 1 year, but less than or equal 3 years","2",1,3,1,1,6,6,"True",1656,16,,1988.0,2510.0,522.0,422.0,4076.0,"OK"
"between 35 and (excluding) 40","Graduate student (at least BSc finished)","I do not study","more than 1 year, but less than or equal 3 years","8",3,1,1,1,3,3,"True",2142,16,,1633.0,2142.0,509.0,106.0,3669.0,"OK"
"between 35 and (excluding) 40","Graduate student (at least BSc finished)","I do not study","more than 1 year, but less than or equal 3 years","8",3,1,1,1,1,1,"True",1487,16,,1633.0,2142.0,509.0,106.0,3669.0,"OK"
"between 35 and (excluding) 40","Graduate student (at least BSc finished)","I do not study","more than 1 year, but less than or equal 3 years","10",7,3,1,1,4,4,"True",1527,16,,1527.0,1716.0,189.0,960.0,2283.0,"OK"
"between 35 and (excluding) 40","Graduate student (at least BSc finished)","I do not study","more than 1 year, but less than or equal 3 years","2",2,2,1,1,7,7,"True",3801,16,,2041.0,3221.0,1180.0,-1499.0,6761.0,"OK"
"between 35 and (excluding) 40","Graduate student (at least BSc finished)","I do not study","more than 1 year, but less than or equal 3 years","2",3,1,1,1,3,3,"True",4101,16,,2635.0,4317.0,1682.0,-2411.0,9363.0,"OK"
"between 35 and (excluding) 40","Graduate student (at least BSc finished)","I do not study","more than 1 year, but less than or equal 3 years","10",4,0,1,1,3,3,"True",1768,16,,1658.0,2011.0,353.0,599.0,3070.0,"OK"
"between 35 and (excluding) 40","Graduate student (at least BSc finished)","I do not study","more than 1 year, but less than or equal 3 years","6",6,2,1,1,3,3,"True",1692,16,,1819.0,2262.0,443.0,490.0,3591.0,"OK"
"between 35 and (excluding) 40","Graduate student (at least BSc finished)","I do not study","more than 1 year, but less than or equal 3 years","8",6,2,1,1,5,5,"True",1973,16,,1790.0,2941.0,1151.0,-1663.0,6394.0,"OK"
"between 35 and (excluding) 40","Graduate student (at least BSc finished)","I do not study","more than 1 year, but less than or equal 3 years","4",6,2,1,1,5,5,"True",3597,16,,2258.0,3194.0,936.0,-550.0,6002.0,"OK"
"between 35 and (excluding) 40","Graduate student (at least BSc finished)","I do not study","more than 1 year, but less than or equal 3 years","4",3,1,1,1,1,1,"True",2410,16,,2410.0,2576.0,166.0,1912.0,3074.0,"OK"
"between 35 and (excluding) 40","Graduate student (at least BSc finished)","I do not study","more than 1 year, but less than or equal 3 years","2",5,1,1,1,4,4,"True",2421,16,,2866.0,5404.0,2538.0,-4748.0,13018.0,"OK"
"between 35 and (excluding) 40","Graduate student (at least BSc finished)","I do not study","more than 1 year, but less than or equal 3 years","4",1,3,1,1,5,5,"True",1479,16,,1605.0,2206.0,601.0,-198.0,4009.0,"OK"
"between 35 and (excluding) 40","Graduate student (at least BSc finished)","I do not study","more than 1 year, but less than or equal 3 years","4",1,3,1,1,6,6,"True",3079,16,,1605.0,2206.0,601.0,-198.0,4009.0,"OK"
"between 35 and (excluding) 40","Graduate student (at least BSc finished)","I do not study","more than 1 year, but less than or equal 3 years","10",2,2,1,1,3,3,"True",1948,16,,1490.0,2273.0,783.0,-859.0,4622.0,"OK"
"between 35 and (excluding) 40","Graduate student (at least BSc finished)","I do not study","more than 1 year, but less than or equal 3 years","10",4,0,1,1,5,5,"True",1562,16,,1658.0,2011.0,353.0,599.0,3070.0,"OK"
"between 35 and (excluding) 40","Graduate student (at least BSc finished)","I do not study","more than 1 year, but less than or equal 3 years","6",2,2,1,1,6,6,"True",2072,16,,1624.0,2388.0,764.0,-668.0,4680.0,"OK"
"between 35 and (excluding) 40","Graduate student (at least BSc finished)","I do not study","more than 1 year, but less than or equal 3 years","Dynamic",2,2,1,1,3,3,"True",1459,16,,1684.0,2077.0,393.0,505.0,3256.0,"OK"
"between 35 and (excluding) 40","Graduate student (at least BSc finished)","I do not study","more than 1 year, but less than or equal 3 years","4",5,1,1,1,4,4,"True",2778,16,,2383.0,2778.0,395.0,1198.0,3963.0,"OK"
"between 35 and (excluding) 40","Graduate student (at least BSc finished)","I do not study","more than 1 year, but less than or equal 3 years","10",6,2,1,1,4,4,"True",1434,16,,1434.0,2000.0,566.0,-264.0,3698.0,"OK"
"between 35 and (excluding) 40","Graduate student (at least BSc finished)","I do not study","more than 1 year, but less than or equal 3 years","6",5,1,1,1,1,1,"True",2146,16,,2006.0,2596.0,590.0,236.0,4366.0,"OK"
"between 35 and (excluding) 40","Graduate student (at least BSc finished)","I do not study","more than 1 year, but less than or equal 3 years","2",2,2,1,1,1,1,"True",1564,16,,2041.0,3221.0,1180.0,-1499.0,6761.0,"OK"
"between 35 and (excluding) 40","Graduate student (at least BSc finished)","I do not study","more than 1 year, but less than or equal 3 years","2",1,3,1,1,5,5,"True",1988,16,,1988.0,2510.0,522.0,422.0,4076.0,"OK"
"between 35 and (excluding) 40","Graduate student (at least BSc finished)","I do not study","more than 1 year, but less than or equal 3 years","6",5,1,1,1,6,6,"True",2006,16,,2006.0,2596.0,590.0,236.0,4366.0,"OK"
"between 35 and (excluding) 40","Graduate student (at least BSc finished)","I do not study","more than 1 year, but less than or equal 3 years","10",4,0,1,1,1,1,"True",2177,16,,1658.0,2011.0,353.0,599.0,3070.0,"OK"
"between 35 and (excluding) 40","Graduate student (at least BSc finished)","I do not study","more than 1 year, but less than or equal 3 years","4",7,3,1,1,1,1,"True",1472,16,,1532.0,2487.0,955.0,-1333.0,5352.0,"OK"
"between 35 and (excluding) 40","Graduate student (at least BSc finished)","I do not study","more than 1 year, but less than or equal 3 years","Dynamic",6,2,1,1,2,2,"True",1318,16,,1444.0,1650.0,206.0,826.0,2268.0,"OK"
"between 35 and (excluding) 40","Graduate student (at least BSc finished)","I do not study","more than 1 year, but less than or equal 3 years","2",6,2,1,1,2,2,"True",5377,16,,3517.0,3640.0,123.0,3148.0,4009.0,"Outlier"
"between 35 and (excluding) 40","Graduate student (at least BSc finished)","I do not study","more than 1 year, but less than or equal 3 years","Dynamic",5,1,1,1,2,2,"True",1417,16,,1444.0,1637.0,193.0,865.0,2216.0,"OK"
"between 35 and (excluding) 40","Graduate student (at least BSc finished)","I do not study","more than 1 year, but less than or equal 3 years","10",5,1,1,1,3,3,"True",1611,16,,1513.0,1822.0,309.0,586.0,2749.0,"OK"
"between 35 and (excluding) 40","Graduate student (at least BSc finished)","I do not study","more than 1 year, but less than or equal 3 years","Dynamic",4,0,1,1,2,2,"True",1545,16,,1413.0,1565.0,152.0,957.0,2021.0,"OK"
"between 35 and (excluding) 40","Graduate student (at least BSc finished)","I do not study","more than 1 year, but less than or equal 3 years","6",1,3,1,1,2,2,"True",1424,16,,1424.0,1498.0,74.0,1202.0,1720.0,"OK"
"between 35 and (excluding) 40","Graduate student (at least BSc finished)","I do not study","more than 1 year, but less than or equal 3 years","6",7,3,1,1,5,5,"True",1510,16,,1490.0,1727.0,237.0,779.0,2438.0,"OK"
"between 35 and (excluding) 40","Graduate student (at least BSc finished)","I do not study","more than 1 year, but less than or equal 3 years","10",7,3,1,1,4,4,"True",2056,16,,1527.0,1716.0,189.0,960.0,2283.0,"OK"
"between 35 and (excluding) 40","Graduate student (at least BSc finished)","I do not study","more than 1 year, but less than or equal 3 years","10",2,2,1,1,4,4,"True",1490,16,,1490.0,2273.0,783.0,-859.0,4622.0,"OK"
"between 35 and (excluding) 40","Graduate student (at least BSc finished)","I do not study","more than 1 year, but less than or equal 3 years","4",1,3,1,1,2,2,"True",2206,16,,1605.0,2206.0,601.0,-198.0,4009.0,"OK"
"between 35 and (excluding) 40","Graduate student (at least BSc finished)","I do not study","more than 1 year, but less than or equal 3 years","2",3,1,1,1,2,2,"True",4317,16,,2635.0,4317.0,1682.0,-2411.0,9363.0,"OK"
"between 35 and (excluding) 40","Graduate student (at least BSc finished)","I do not study","more than 1 year, but less than or equal 3 years","6",4,0,1,1,5,5,"True",2260,16,,1659.0,2260.0,601.0,-144.0,4063.0,"OK"
"between 35 and (excluding) 40","Graduate student (at least BSc finished)","I do not study","more than 1 year, but less than or equal 3 years","4",6,2,1,1,2,2,"True",1773,16,,2258.0,3194.0,936.0,-550.0,6002.0,"OK"
"between 35 and (excluding) 40","Graduate student (at least BSc finished)","I do not study","more than 1 year, but less than or equal 3 years","10",3,1,1,1,1,1,"True",1879,16,,1637.0,1879.0,242.0,911.0,2605.0,"OK"
"between 35 and (excluding) 40","Graduate student (at least BSc finished)","I do not study","more than 1 year, but less than or equal 3 years","Dynamic",2,2,1,1,3,3,"True",1684,16,,1684.0,2077.0,393.0,505.0,3256.0,"OK"
"between 35 and (excluding) 40","Graduate student (at least BSc finished)","I do not study","more than 1 year, but less than or equal 3 years","2",5,1,0,1,7,1,"False",3244,16,,2866.0,5404.0,2538.0,-4748.0,13018.0,"OK"
"between 35 and (excluding) 40","Graduate student (at least BSc finished)","I do not study","more than 1 year, but less than or equal 3 years","Dynamic",2,2,1,1,3,3,"True",2571,16,,1684.0,2077.0,393.0,505.0,3256.0,"OK"
"between 35 and (excluding) 40","Graduate student (at least BSc finished)","I do not study","more than 1 year, but less than or equal 3 years","Dynamic",6,2,1,1,7,7,"True",2166,16,,1444.0,1650.0,206.0,826.0,2268.0,"OK"
"between 35 and (excluding) 40","Graduate student (at least BSc finished)","I do not study","more than 1 year, but less than or equal 3 years","2",3,1,1,1,4,4,"True",5633,16,,2635.0,4317.0,1682.0,-2411.0,9363.0,"OK"
"between 35 and (excluding) 40","Graduate student (at least BSc finished)","I do not study","more than 1 year, but less than or equal 3 years","Dynamic",3,1,1,1,4,4,"True",1370,16,,1361.0,1471.0,110.0,1031.0,1801.0,"OK"
"between 35 and (excluding) 40","Graduate student (at least BSc finished)","I do not study","more than 1 year, but less than or equal 3 years","4",7,3,1,1,5,5,"True",1532,16,,1532.0,2487.0,955.0,-1333.0,5352.0,"OK"
"between 35 and (excluding) 40","Graduate student (at least BSc finished)","I do not study","more than 1 year, but less than or equal 3 years","8",2,2,1,1,6,6,"True",1647,16,,1444.0,1833.0,389.0,277.0,3000.0,"OK"
"between 35 and (excluding) 40","Graduate student (at least BSc finished)","I do not study","more than 1 year, but less than or equal 3 years","Dynamic",5,1,1,1,2,2,"True",1468,16,,1444.0,1637.0,193.0,865.0,2216.0,"OK"
"between 35 and (excluding) 40","Graduate student (at least BSc finished)","I do not study","more than 1 year, but less than or equal 3 years","4",5,1,1,1,7,7,"True",3745,16,,2383.0,2778.0,395.0,1198.0,3963.0,"OK"
"between 35 and (excluding) 40","Graduate student (at least BSc finished)","I do not study","more than 1 year, but less than or equal 3 years","10",6,2,1,1,2,2,"True",1369,16,,1434.0,2000.0,566.0,-264.0,3698.0,"OK"
"between 35 and (excluding) 40","Graduate student (at least BSc finished)","I do not study","more than 1 year, but less than or equal 3 years","4",3,1,1,1,5,5,"True",2576,16,,2410.0,2576.0,166.0,1912.0,3074.0,"OK"
"between 35 and (excluding) 40","Graduate student (at least BSc finished)","I do not study","more than 1 year, but less than or equal 3 years","6",1,3,1,1,4,4,"True",1849,16,,1424.0,1498.0,74.0,1202.0,1720.0,"Outlier"
"between 35 and (excluding) 40","Graduate student (at least BSc finished)","I do not study","more than 1 year, but less than or equal 3 years","8",7,3,1,1,1,1,"True",1425,16,,1376.0,1553.0,177.0,845.0,2084.0,"OK"
"between 35 and (excluding) 40","Graduate student (at least BSc finished)","I do not study","more than 1 year, but less than or equal 3 years","2",5,1,0,1,5,2,"False",2866,16,,2866.0,5404.0,2538.0,-4748.0,13018.0,"OK"
"between 35 and (excluding) 40","Graduate student (at least BSc finished)","I do not study","more than 1 year, but less than or equal 3 years","4",5,1,1,1,3,3,"True",2383,16,,2383.0,2778.0,395.0,1198.0,3963.0,"OK"
"between 35 and (excluding) 40","Graduate student (at least BSc finished)","I do not study","more than 1 year, but less than or equal 3 years","2",2,2,1,1,6,6,"True",2041,16,,2041.0,3221.0,1180.0,-1499.0,6761.0,"OK"
"between 35 and (excluding) 40","Graduate student (at least BSc finished)","I do not study","more than 1 year, but less than or equal 3 years","8",7,3,1,1,2,2,"True",1376,16,,1376.0,1553.0,177.0,845.0,2084.0,"OK"
"between 35 and (excluding) 40","Graduate student (at least BSc finished)","I do not study","more than 1 year, but less than or equal 3 years","8",1,3,1,1,1,1,"True",1440,16,,1440.0,1503.0,63.0,1251.0,1692.0,"OK"
"between 35 and (excluding) 40","Graduate student (at least BSc finished)","I do not study","more than 1 year, but less than or equal 3 years","10",7,3,1,1,7,7,"True",1716,16,,1527.0,1716.0,189.0,960.0,2283.0,"OK"
"between 35 and (excluding) 40","Graduate student (at least BSc finished)","I do not study","more than 1 year, but less than or equal 3 years","Dynamic",3,1,1,1,7,7,"True",3107,16,,1361.0,1471.0,110.0,1031.0,1801.0,"Outlier"
"between 35 and (excluding) 40","Graduate student (at least BSc finished)","I do not study","more than 1 year, but less than or equal 3 years","2",7,3,1,1,7,7,"True",1704,16,,1604.0,1832.0,228.0,920.0,2516.0,"OK"
"between 35 and (excluding) 40","Graduate student (at least BSc finished)","I do not study","more than 1 year, but less than or equal 3 years","4",2,2,1,1,2,2,"True",1544,16,,1544.0,1868.0,324.0,572.0,2840.0,"OK"
"between 35 and (excluding) 40","Graduate student (at least BSc finished)","I do not study","more than 1 year, but less than or equal 3 years","8",3,1,1,1,4,4,"True",1633,16,,1633.0,2142.0,509.0,106.0,3669.0,"OK"
"between 35 and (excluding) 40","Graduate student (at least BSc finished)","I do not study","more than 1 year, but less than or equal 3 years","8",5,1,1,1,2,2,"True",2245,16,,1660.0,2245.0,585.0,-95.0,4000.0,"OK"
"between 35 and (excluding) 40","Graduate student (at least BSc finished)","I do not study","more than 1 year, but less than or equal 3 years","Dynamic",1,3,1,1,7,7,"True",1653,16,,1435.0,1577.0,142.0,1009.0,2003.0,"OK"
"between 35 and (excluding) 40","Graduate student (at least BSc finished)","I do not study","more than 1 year, but less than or equal 3 years","6",5,1,1,1,5,5,"True",1755,16,,2006.0,2596.0,590.0,236.0,4366.0,"OK"
"between 35 and (excluding) 40","Graduate student (at least BSc finished)","I do not study","more than 1 year, but less than or equal 3 years","Dynamic",7,3,1,1,5,5,"True",1689,16,,1358.0,1689.0,331.0,365.0,2682.0,"OK"
"between 35 and (excluding) 40","Graduate student (at least BSc finished)","I do not study","more than 1 year, but less than or equal 3 years","4",7,3,1,1,7,7,"True",2487,16,,1532.0,2487.0,955.0,-1333.0,5352.0,"OK"
"between 35 and (excluding) 40","Graduate student (at least BSc finished)","I do not study","more than 1 year, but less than or equal 3 years","2",7,3,1,1,7,7,"True",1604,16,,1604.0,1832.0,228.0,920.0,2516.0,"OK"
"between 35 and (excluding) 40","Graduate student (at least BSc finished)","I do not study","more than 1 year, but less than or equal 3 years","6",3,1,1,1,1,1,"True",2911,16,,1847.0,2911.0,1064.0,-1345.0,6103.0,"OK"
"between 35 and (excluding) 40","Graduate student (at least BSc finished)","I do not study","more than 1 year, but less than or equal 3 years","4",3,1,1,1,7,7,"True",2498,16,,2410.0,2576.0,166.0,1912.0,3074.0,"OK"
"between 35 and (excluding) 40","Graduate student (at least BSc finished)","I do not study","more than 1 year, but less than or equal 3 years","4",3,1,1,1,3,3,"True",1672,16,,2410.0,2576.0,166.0,1912.0,3074.0,"Outlier"
"between 35 and (excluding) 40","Graduate student (at least BSc finished)","I do not study","more than 1 year, but less than or equal 3 years","8",2,2,1,1,5,5,"True",1833,16,,1444.0,1833.0,389.0,277.0,3000.0,"OK"
"between 35 and (excluding) 40","Graduate student (at least BSc finished)","I do not study","more than 1 year, but less than or equal 3 years","Dynamic",2,2,1,1,7,7,"True",2077,16,,1684.0,2077.0,393.0,505.0,3256.0,"OK"
"between 35 and (excluding) 40","Graduate student (at least BSc finished)","I do not study","more than 1 year, but less than or equal 3 years","4",2,2,1,1,1,1,"True",1511,16,,1544.0,1868.0,324.0,572.0,2840.0,"OK"
"between 35 and (excluding) 40","Graduate student (at least BSc finished)","I do not study","more than 1 year, but less than or equal 3 years","10",1,3,1,1,7,7,"True",2367,16,,1830.0,3054.0,1224.0,-1842.0,6726.0,"OK"
"between 35 and (excluding) 40","Graduate student (at least BSc finished)","I do not study","more than 1 year, but less than or equal 3 years","Dynamic",6,2,1,1,7,7,"True",1650,16,,1444.0,1650.0,206.0,826.0,2268.0,"OK"
"between 35 and (excluding) 40","Graduate student (at least BSc finished)","I do not study","more than 1 year, but less than or equal 3 years","8",4,0,1,1,1,1,"True",1869,16,,1653.0,2808.0,1155.0,-1812.0,6273.0,"OK"
"between 35 and (excluding) 40","Graduate student (at least BSc finished)","I do not study","more than 1 year, but less than or equal 3 years","8",4,0,1,1,3,3,"True",1653,16,,1653.0,2808.0,1155.0,-1812.0,6273.0,"OK"
"between 35 and (excluding) 40","Graduate student (at least BSc finished)","I do not study","more than 1 year, but less than or equal 3 years","10",3,1,1,1,5,5,"True",1431,16,,1637.0,1879.0,242.0,911.0,2605.0,"OK"
"between 35 and (excluding) 40","Graduate student (at least BSc finished)","I do not study","more than 1 year, but less than or equal 3 years","Dynamic",4,0,1,1,3,3,"True",1413,16,,1413.0,1565.0,152.0,957.0,2021.0,"OK"
"between 35 and (excluding) 40","Graduate student (at least BSc finished)","I do not study","more than 1 year, but less than or equal 3 years","2",7,3,1,1,6,6,"True",1832,16,,1604.0,1832.0,228.0,920.0,2516.0,"OK"
"between 35 and (excluding) 40","Graduate student (at least BSc finished)","I do not study","more than 1 year, but less than or equal 3 years","8",7,3,1,1,1,1,"True",1553,16,,1376.0,1553.0,177.0,845.0,2084.0,"OK"
"between 35 and (excluding) 40","Graduate student (at least BSc finished)","I do not study","more than 1 year, but less than or equal 3 years","2",4,0,0,1,5,1,"False",5144,16,,3391.0,5144.0,1753.0,-1868.0,10403.0,"OK"
"between 35 and (excluding) 40","Graduate student (at least BSc finished)","I do not study","more than 1 year, but less than or equal 3 years","Dynamic",5,1,1,1,3,3,"True",1637,16,,1444.0,1637.0,193.0,865.0,2216.0,"OK"
"between 35 and (excluding) 40","Graduate student (at least BSc finished)","I do not study","more than 1 year, but less than or equal 3 years","Dynamic",7,3,1,1,3,3,"True",1358,16,,1358.0,1689.0,331.0,365.0,2682.0,"OK"
"between 35 and (excluding) 40","Graduate student (at least BSc finished)","I do not study","more than 1 year, but less than or equal 3 years","Dynamic",7,3,1,1,1,1,"True",1252,16,,1358.0,1689.0,331.0,365.0,2682.0,"OK"
"between 35 and (excluding) 40","Graduate student (at least BSc finished)","I do not study","more than 1 year, but less than or equal 3 years","Dynamic",7,3,1,1,2,2,"True",1378,16,,1358.0,1689.0,331.0,365.0,2682.0,"OK"
"between 35 and (excluding) 40","Graduate student (at least BSc finished)","I do not study","more than 1 year, but less than or equal 3 years","6",3,1,1,1,5,5,"True",3059,16,,1847.0,2911.0,1064.0,-1345.0,6103.0,"OK"
"between 35 and (excluding) 40","Graduate student (at least BSc finished)","I do not study","more than 1 year, but less than or equal 3 years","10",7,3,1,1,6,6,"True",1454,16,,1527.0,1716.0,189.0,960.0,2283.0,"OK"
"between 35 and (excluding) 40","Graduate student (at least BSc finished)","I do not study","more than 1 year, but less than or equal 3 years","4",1,3,1,1,6,6,"True",1665,16,,1605.0,2206.0,601.0,-198.0,4009.0,"OK"
"between 35 and (excluding) 40","Graduate student (at least BSc finished)","I do not study","more than 1 year, but less than or equal 3 years","6",2,2,1,1,1,1,"True",1504,16,,1624.0,2388.0,764.0,-668.0,4680.0,"OK"
"between 35 and (excluding) 40","Graduate student (at least BSc finished)","I do not study","more than 1 year, but less than or equal 3 years","6",6,2,1,1,5,5,"True",1819,16,,1819.0,2262.0,443.0,490.0,3591.0,"OK"
"between 35 and (excluding) 40","Graduate student (at least BSc finished)","I do not study","more than 1 year, but less than or equal 3 years","4",2,2,1,1,3,3,"True",1904,16,,1544.0,1868.0,324.0,572.0,2840.0,"OK"
"between 35 and (excluding) 40","Graduate student (at least BSc finished)","I do not study","more than 1 year, but less than or equal 3 years","10",5,1,1,1,4,4,"True",1400,16,,1513.0,1822.0,309.0,586.0,2749.0,"OK"
"between 35 and (excluding) 40","Graduate student (at least BSc finished)","I do not study","more than 1 year, but less than or equal 3 years","8",4,0,1,1,5,5,"True",1511,16,,1653.0,2808.0,1155.0,-1812.0,6273.0,"OK"
"between 35 and (excluding) 40","Graduate student (at least BSc finished)","I do not study","more than 1 year, but less than or equal 3 years","10",3,1,1,1,4,4,"True",1637,16,,1637.0,1879.0,242.0,911.0,2605.0,"OK"
"between 35 and (excluding) 40","Graduate student (at least BSc finished)","I do not study","more than 1 year, but less than or equal 3 years","10",2,2,1,1,7,7,"True",2273,16,,1490.0,2273.0,783.0,-859.0,4622.0,"OK"
"between 35 and (excluding) 40","Graduate student (at least BSc finished)","I do not study","more than 1 year, but less than or equal 3 years","8",2,2,1,1,1,1,"True",2701,16,,1444.0,1833.0,389.0,277.0,3000.0,"OK"
"between 35 and (excluding) 40","Graduate student (at least BSc finished)","I do not study","more than 1 year, but less than or equal 3 years","Dynamic",7,3,1,1,7,7,"True",1774,16,,1358.0,1689.0,331.0,365.0,2682.0,"OK"
"between 35 and (excluding) 40","Graduate student (at least BSc finished)","I do not study","more than 1 year, but less than or equal 3 years","6",7,3,1,1,1,1,"True",1490,16,,1490.0,1727.0,237.0,779.0,2438.0,"OK"
"between 35 and (excluding) 40","Graduate student (at least BSc finished)","I do not study","more than 1 year, but less than or equal 3 years","2",7,3,1,1,3,3,"True",1362,16,,1604.0,1832.0,228.0,920.0,2516.0,"OK"
"between 35 and (excluding) 40","Graduate student (at least BSc finished)","I do not study","more than 1 year, but less than or equal 3 years","Dynamic",4,0,1,1,5,5,"True",1390,16,,1413.0,1565.0,152.0,957.0,2021.0,"OK"
"between 35 and (excluding) 40","Graduate student (at least BSc finished)","I do not study","more than 1 year, but less than or equal 3 years","Dynamic",5,1,1,1,1,1,"True",1651,16,,1444.0,1637.0,193.0,865.0,2216.0,"OK"
"between 35 and (excluding) 40","Graduate student (at least BSc finished)","I do not study","more than 1 year, but less than or equal 3 years","Dynamic",3,1,1,1,2,2,"True",1471,16,,1361.0,1471.0,110.0,1031.0,1801.0,"OK"
"between 35 and (excluding) 40","Graduate student (at least BSc finished)","I do not study","more than 1 year, but less than or equal 3 years","2",2,2,1,1,5,5,"True",2918,16,,2041.0,3221.0,1180.0,-1499.0,6761.0,"OK"
"between 35 and (excluding) 40","Graduate student (at least BSc finished)","I do not study","more than 1 year, but less than or equal 3 years","6",1,3,1,1,2,2,"True",1467,16,,1424.0,1498.0,74.0,1202.0,1720.0,"OK"
"between 35 and (excluding) 40","Graduate student (at least BSc finished)","I do not study","more than 1 year, but less than or equal 3 years","Dynamic",1,3,1,1,1,1,"True",1214,16,,1435.0,1577.0,142.0,1009.0,2003.0,"OK"
"between 35 and (excluding) 40","Graduate student (at least BSc finished)","I do not study","more than 1 year, but less than or equal 3 years","Dynamic",3,1,1,1,4,4,"True",1361,16,,1361.0,1471.0,110.0,1031.0,1801.0,"OK"
"between 35 and (excluding) 40","Graduate student (at least BSc finished)","I do not study","more than 1 year, but less than or equal 3 years","10",4,0,1,1,2,2,"True",1658,16,,1658.0,2011.0,353.0,599.0,3070.0,"OK"
"between 35 and (excluding) 40","Graduate student (at least BSc finished)","I do not study","more than 1 year, but less than or equal 3 years","Dynamic",4,0,1,1,3,3,"True",1565,16,,1413.0,1565.0,152.0,957.0,2021.0,"OK"
"between 35 and (excluding) 40","Graduate student (at least BSc finished)","I do not study","more than 1 year, but less than or equal 3 years","2",1,3,1,1,2,2,"True",2035,16,,1988.0,2510.0,522.0,422.0,4076.0,"OK"
"between 35 and (excluding) 40","Graduate student (at least BSc finished)","I do not study","more than 1 year, but less than or equal 3 years","6",4,0,1,1,2,2,"True",1659,16,,1659.0,2260.0,601.0,-144.0,4063.0,"OK"
"between 35 and (excluding) 40","Graduate student (at least BSc finished)","I do not study","more than 1 year, but less than or equal 3 years","8",6,2,1,1,7,7,"True",3089,16,,1790.0,2941.0,1151.0,-1663.0,6394.0,"OK"
"between 35 and (excluding) 40","Graduate student (at least BSc finished)","I do not study","more than 1 year, but less than or equal 3 years","2",5,1,1,1,4,4,"True",7250,16,,2866.0,5404.0,2538.0,-4748.0,13018.0,"OK"
"between 35 and (excluding) 40","Graduate student (at least BSc finished)","I do not study","more than 1 year, but less than or equal 3 years","6",6,2,1,1,2,2,"True",2262,16,,1819.0,2262.0,443.0,490.0,3591.0,"OK"
"between 35 and (excluding) 40","Graduate student (at least BSc finished)","I do not study","more than 1 year, but less than or equal 3 years","8",2,2,1,1,2,2,"True",1299,16,,1444.0,1833.0,389.0,277.0,3000.0,"OK"
"between 35 and (excluding) 40","Graduate student (at least BSc finished)","I do not study","more than 1 year, but less than or equal 3 years","8",7,3,1,1,4,4,"True",1276,16,,1376.0,1553.0,177.0,845.0,2084.0,"OK"
"between 35 and (excluding) 40","Graduate student (at least BSc finished)","I do not study","more than 1 year, but less than or equal 3 years","Dynamic",6,2,1,1,5,5,"True",1444,16,,1444.0,1650.0,206.0,826.0,2268.0,"OK"
"between 35 and (excluding) 40","Graduate student (at least BSc finished)","I do not study","more than 1 year, but less than or equal 3 years","4",4,0,1,1,7,7,"True",3402,16,,3505.0,5153.0,1648.0,-1439.0,10097.0,"OK"
"between 35 and (excluding) 40","Graduate student (at least BSc finished)","I do not study","more than 1 year, but less than or equal 3 years","4",2,2,1,1,2,2,"True",1605,16,,1544.0,1868.0,324.0,572.0,2840.0,"OK"
"between 35 and (excluding) 40","Graduate student (at least BSc finished)","I do not study","more than 1 year, but less than or equal 3 years","4",5,1,1,1,1,1,"True",2009,16,,2383.0,2778.0,395.0,1198.0,3963.0,"OK"
"between 35 and (excluding) 40","Graduate student (at least BSc finished)","I do not study","more than 1 year, but less than or equal 3 years","8",1,3,1,1,6,6,"True",1601,16,,1440.0,1503.0,63.0,1251.0,1692.0,"OK"
"between 35 and (excluding) 40","Graduate student (at least BSc finished)","I do not study","more than 1 year, but less than or equal 3 years","10",6,2,1,1,7,7,"True",1554,16,,1434.0,2000.0,566.0,-264.0,3698.0,"OK"
"between 35 and (excluding) 40","Graduate student (at least BSc finished)","I do not study","more than 1 year, but less than or equal 3 years","10",2,2,1,1,4,4,"True",1442,16,,1490.0,2273.0,783.0,-859.0,4622.0,"OK"
"between 35 and (excluding) 40","Graduate student (at least BSc finished)","I do not study","more than 1 year, but less than or equal 3 years","2",3,1,1,1,2,2,"True",2635,16,,2635.0,4317.0,1682.0,-2411.0,9363.0,"OK"
"between 35 and (excluding) 40","Graduate student (at least BSc finished)","I do not study","more than 1 year, but less than or equal 3 years","8",1,3,1,1,4,4,"True",1442,16,,1440.0,1503.0,63.0,1251.0,1692.0,"OK"
"between 35 and (excluding) 40","Graduate student (at least BSc finished)","I do not study","more than 1 year, but less than or equal 3 years","2",3,1,1,1,7,7,"True",2350,16,,2635.0,4317.0,1682.0,-2411.0,9363.0,"OK"
"between 35 and (excluding) 40","Graduate student (at least BSc finished)","I do not study","more than 1 year, but less than or equal 3 years","6",3,1,1,1,4,4,"True",2122,16,,1847.0,2911.0,1064.0,-1345.0,6103.0,"OK"
"between 35 and (excluding) 40","Graduate student (at least BSc finished)","I do not study","more than 1 year, but less than or equal 3 years","6",1,3,1,1,6,6,"True",1418,16,,1424.0,1498.0,74.0,1202.0,1720.0,"OK"
"between 35 and (excluding) 40","Graduate student (at least BSc finished)","I do not study","more than 1 year, but less than or equal 3 years","6",2,2,1,1,5,5,"True",1624,16,,1624.0,2388.0,764.0,-668.0,4680.0,"OK"
"between 35 and (excluding) 40","Graduate student (at least BSc finished)","I do not study","more than 1 year, but less than or equal 3 years","Dynamic",3,1,1,1,3,3,"True",1267,16,,1361.0,1471.0,110.0,1031.0,1801.0,"OK"
"between 35 and (excluding) 40","Graduate student (at least BSc finished)","I do not study","more than 1 year, but less than or equal 3 years","4",1,3,1,1,3,3,"True",1605,16,,1605.0,2206.0,601.0,-198.0,4009.0,"OK"
"between 35 and (excluding) 40","Graduate student (at least BSc finished)","I do not study","more than 1 year, but less than or equal 3 years","6",3,1,1,1,4,4,"True",1847,16,,1847.0,2911.0,1064.0,-1345.0,6103.0,"OK"
"between 35 and (excluding) 40","Graduate student (at least BSc finished)","I do not study","more than 1 year, but less than or equal 3 years","Dynamic",1,3,1,1,7,7,"True",1435,16,,1435.0,1577.0,142.0,1009.0,2003.0,"OK"
"between 35 and (excluding) 40","Graduate student (at least BSc finished)","I do not study","more than 1 year, but less than or equal 3 years","6",3,1,1,1,3,3,"True",1511,16,,1847.0,2911.0,1064.0,-1345.0,6103.0,"OK"
"between 35 and (excluding) 40","Graduate student (at least BSc finished)","I do not study","more than 1 year, but less than or equal 3 years","6",7,3,1,1,3,3,"True",1275,16,,1490.0,1727.0,237.0,779.0,2438.0,"OK"
"between 35 and (excluding) 40","Graduate student (at least BSc finished)","I do not study","more than 1 year, but less than or equal 3 years","8",3,1,1,1,1,1,"True",3130,16,,1633.0,2142.0,509.0,106.0,3669.0,"OK"
"between 35 and (excluding) 40","Graduate student (at least BSc finished)","I do not study","more than 1 year, but less than or equal 3 years","4",2,2,1,1,4,4,"True",1868,16,,1544.0,1868.0,324.0,572.0,2840.0,"OK"
"between 35 and (excluding) 40","Graduate student (at least BSc finished)","I do not study","more than 1 year, but less than or equal 3 years","8",6,2,1,1,3,3,"True",1339,16,,1790.0,2941.0,1151.0,-1663.0,6394.0,"OK"
"between 35 and (excluding) 40","Graduate student (at least BSc finished)","I do not study","more than 1 year, but less than or equal 3 years","4",7,3,1,1,6,6,"True",1853,16,,1532.0,2487.0,955.0,-1333.0,5352.0,"OK"
"between 35 and (excluding) 40","Graduate student (at least BSc finished)","I do not study","more than 1 year, but less than or equal 3 years","Dynamic",5,1,1,1,1,1,"True",1444,16,,1444.0,1637.0,193.0,865.0,2216.0,"OK"
"between 35 and (excluding) 40","Graduate student (at least BSc finished)","I do not study","more than 1 year, but less than or equal 3 years","6",5,1,1,1,4,4,"True",3880,16,,2006.0,2596.0,590.0,236.0,4366.0,"OK"
"between 35 and (excluding) 40","Graduate student (at least BSc finished)","I do not study","more than 1 year, but less than or equal 3 years","8",2,2,1,1,5,5,"True",1444,16,,1444.0,1833.0,389.0,277.0,3000.0,"OK"
"between 35 and (excluding) 40","Graduate student (at least BSc finished)","I do not study","more than 1 year, but less than or equal 3 years","6",4,0,1,1,4,4,"True",1618,16,,1659.0,2260.0,601.0,-144.0,4063.0,"OK"
"40 or older","Professional software developer","Computer science","more than 5 years","4",4,0,0,1,1,2,"False",2995,17,,3235.0,4756.0,1521.0,-1328.0,9319.0,"OK"
"40 or older","Professional software developer","Computer science","more than 5 years","4",7,3,1,1,3,3,"True",3065,17,,1290.0,1911.0,621.0,-573.0,3774.0,"OK"
"40 or older","Professional software developer","Computer science","more than 5 years","2",7,3,1,1,2,2,"True",1931,17,,1321.0,1770.0,449.0,-26.0,3117.0,"OK"
"40 or older","Professional software developer","Computer science","more than 5 years","2",4,0,1,1,2,2,"True",6316,17,,3321.0,4045.0,724.0,1149.0,6217.0,"Outlier"
"40 or older","Professional software developer","Computer science","more than 5 years","8",4,0,1,1,5,5,"True",3915,17,,1410.0,1534.0,124.0,1038.0,1906.0,"Outlier"
"40 or older","Professional software developer","Computer science","more than 5 years","10",1,3,1,1,3,3,"True",1791,17,,1691.0,1791.0,100.0,1391.0,2091.0,"OK"
"40 or older","Professional software developer","Computer science","more than 5 years","8",5,1,1,1,3,3,"True",3760,17,,1470.0,2901.0,1431.0,-2823.0,7194.0,"OK"
"40 or older","Professional software developer","Computer science","more than 5 years","4",5,1,1,1,1,1,"True",2359,17,,2359.0,2481.0,122.0,1993.0,2847.0,"OK"
"40 or older","Professional software developer","Computer science","more than 5 years","10",1,3,1,1,7,7,"True",1701,17,,1691.0,1791.0,100.0,1391.0,2091.0,"OK"
"40 or older","Professional software developer","Computer science","more than 5 years","2",2,2,1,1,5,5,"True",2196,17,,1991.0,2196.0,205.0,1376.0,2811.0,"OK"
"40 or older","Professional software developer","Computer science","more than 5 years","4",6,2,1,1,5,5,"True",2905,17,,2630.0,2905.0,275.0,1805.0,3730.0,"OK"
"40 or older","Professional software developer","Computer science","more than 5 years","2",6,2,1,1,6,6,"True",2291,17,,2251.0,2415.0,164.0,1759.0,2907.0,"OK"
"40 or older","Professional software developer","Computer science","more than 5 years","6",5,1,1,1,3,3,"True",2125,17,,1466.0,1610.0,144.0,1034.0,2042.0,"Outlier"
"40 or older","Professional software developer","Computer science","more than 5 years","10",2,2,1,1,6,6,"True",2061,17,,1485.0,2061.0,576.0,-243.0,3789.0,"OK"
"40 or older","Professional software developer","Computer science","more than 5 years","Dynamic",2,2,1,1,7,7,"True",1821,17,,1261.0,1531.0,270.0,451.0,2341.0,"OK"
"40 or older","Professional software developer","Computer science","more than 5 years","2",6,2,1,1,6,6,"True",2415,17,,2251.0,2415.0,164.0,1759.0,2907.0,"OK"
"40 or older","Professional software developer","Computer science","more than 5 years","4",4,0,1,1,6,6,"True",5111,17,,3235.0,4756.0,1521.0,-1328.0,9319.0,"OK"
"40 or older","Professional software developer","Computer science","more than 5 years","2",5,1,1,1,2,2,"True",2232,17,,2232.0,4445.0,2213.0,-4407.0,11084.0,"OK"
"40 or older","Professional software developer","Computer science","more than 5 years","2",4,0,1,1,7,7,"True",3321,17,,3321.0,4045.0,724.0,1149.0,6217.0,"OK"
"40 or older","Professional software developer","Computer science","more than 5 years","6",7,3,1,1,7,7,"True",1905,17,,1046.0,1672.0,626.0,-832.0,3550.0,"OK"
"40 or older","Professional software developer","Computer science","more than 5 years","6",6,2,1,1,2,2,"True",2586,17,,1780.0,2186.0,406.0,562.0,3404.0,"OK"
"40 or older","Professional software developer","Computer science","more than 5 years","10",4,0,1,1,1,1,"True",3820,17,,1135.0,1755.0,620.0,-725.0,3615.0,"Outlier"
"40 or older","Professional software developer","Computer science","more than 5 years","10",1,3,1,1,4,4,"True",1991,17,,1691.0,1791.0,100.0,1391.0,2091.0,"OK"
"40 or older","Professional software developer","Computer science","more than 5 years","2",4,0,1,1,1,1,"True",3296,17,,3321.0,4045.0,724.0,1149.0,6217.0,"OK"
"40 or older","Professional software developer","Computer science","more than 5 years","6",4,0,1,1,3,3,"True",4591,17,,1782.0,2036.0,254.0,1020.0,2798.0,"Outlier"
"40 or older","Professional software developer","Computer science","more than 5 years","4",4,0,1,1,2,2,"True",3791,17,,3235.0,4756.0,1521.0,-1328.0,9319.0,"OK"
"40 or older","Professional software developer","Computer science","more than 5 years","6",6,2,1,1,6,6,"True",1981,17,,1780.0,2186.0,406.0,562.0,3404.0,"OK"
"40 or older","Professional software developer","Computer science","more than 5 years","Dynamic",1,3,1,1,1,1,"True",1210,17,,1210.0,1706.0,496.0,-278.0,3194.0,"OK"
"40 or older","Professional software developer","Computer science","more than 5 years","4",6,2,1,1,1,1,"True",2630,17,,2630.0,2905.0,275.0,1805.0,3730.0,"OK"
"40 or older","Professional software developer","Computer science","more than 5 years","10",3,1,1,1,6,6,"True",2616,17,,1396.0,1580.0,184.0,844.0,2132.0,"Outlier"
"40 or older","Professional software developer","Computer science","more than 5 years","8",5,1,1,1,3,3,"True",2901,17,,1470.0,2901.0,1431.0,-2823.0,7194.0,"OK"
"40 or older","Professional software developer","Computer science","more than 5 years","8",1,3,1,1,2,2,"True",1236,17,,1145.0,1587.0,442.0,-181.0,2913.0,"OK"
"40 or older","Professional software developer","Computer science","more than 5 years","10",5,1,1,1,7,7,"True",2222,17,,1565.0,1895.0,330.0,575.0,2885.0,"OK"
"40 or older","Professional software developer","Computer science","more than 5 years","Dynamic",6,2,1,1,5,5,"True",2045,17,,1356.0,1625.0,269.0,549.0,2432.0,"OK"
"40 or older","Professional software developer","Computer science","more than 5 years","6",4,0,1,1,1,1,"True",2036,17,,1782.0,2036.0,254.0,1020.0,2798.0,"OK"
"40 or older","Professional software developer","Computer science","more than 5 years","10",5,1,1,1,4,4,"True",1730,17,,1565.0,1895.0,330.0,575.0,2885.0,"OK"
"40 or older","Professional software developer","Computer science","more than 5 years","2",4,0,1,1,1,1,"True",3971,17,,3321.0,4045.0,724.0,1149.0,6217.0,"OK"
"40 or older","Professional software developer","Computer science","more than 5 years","10",5,1,1,1,6,6,"True",1895,17,,1565.0,1895.0,330.0,575.0,2885.0,"OK"
"40 or older","Professional software developer","Computer science","more than 5 years","Dynamic",1,3,1,1,5,5,"True",1820,17,,1210.0,1706.0,496.0,-278.0,3194.0,"OK"
"40 or older","Professional software developer","Computer science","more than 5 years","2",6,2,1,1,5,5,"True",3116,17,,2251.0,2415.0,164.0,1759.0,2907.0,"Outlier"
"40 or older","Professional software developer","Computer science","more than 5 years","2",6,2,1,1,4,4,"True",2251,17,,2251.0,2415.0,164.0,1759.0,2907.0,"OK"
"40 or older","Professional software developer","Computer science","more than 5 years","6",2,2,1,1,6,6,"True",2141,17,,1981.0,2141.0,160.0,1501.0,2621.0,"OK"
"40 or older","Professional software developer","Computer science","more than 5 years","Dynamic",4,0,1,1,2,2,"True",1461,17,,1176.0,1390.0,214.0,534.0,2032.0,"OK"
"40 or older","Professional software developer","Computer science","more than 5 years","2",1,3,1,1,5,5,"True",1770,17,,1731.0,1801.0,70.0,1521.0,2011.0,"OK"
"40 or older","Professional software developer","Computer science","more than 5 years","6",7,3,1,1,6,6,"True",1672,17,,1046.0,1672.0,626.0,-832.0,3550.0,"OK"
"40 or older","Professional software developer","Computer science","more than 5 years","10",1,3,1,1,5,5,"True",1642,17,,1691.0,1791.0,100.0,1391.0,2091.0,"OK"
"40 or older","Professional software developer","Computer science","more than 5 years","4",3,1,1,1,5,5,"True",2571,17,,2535.0,3120.0,585.0,780.0,4875.0,"OK"
"40 or older","Professional software developer","Computer science","more than 5 years","6",1,3,1,1,3,3,"True",1950,17,,1760.0,1940.0,180.0,1220.0,2480.0,"OK"
"40 or older","Professional software developer","Computer science","more than 5 years","8",5,1,1,1,2,2,"True",1470,17,,1470.0,2901.0,1431.0,-2823.0,7194.0,"OK"
"40 or older","Professional software developer","Computer science","more than 5 years","6",2,2,1,1,7,7,"True",2046,17,,1981.0,2141.0,160.0,1501.0,2621.0,"OK"
"40 or older","Professional software developer","Computer science","more than 5 years","8",3,1,1,1,2,2,"True",1506,17,,1500.0,1656.0,156.0,1032.0,2124.0,"OK"
"40 or older","Professional software developer","Computer science","more than 5 years","8",4,0,1,1,2,2,"True",1410,17,,1410.0,1534.0,124.0,1038.0,1906.0,"OK"
"40 or older","Professional software developer","Computer science","more than 5 years","8",1,3,1,1,1,1,"True",1145,17,,1145.0,1587.0,442.0,-181.0,2913.0,"OK"
"40 or older","Professional software developer","Computer science","more than 5 years","8",6,2,1,1,4,4,"True",1760,17,,1411.0,1551.0,140.0,991.0,1971.0,"OK"
"40 or older","Professional software developer","Computer science","more than 5 years","8",7,3,1,1,3,3,"True",1781,17,,1006.0,1781.0,775.0,-1319.0,4106.0,"OK"
"40 or older","Professional software developer","Computer science","more than 5 years","8",5,1,1,1,1,1,"True",1476,17,,1470.0,2901.0,1431.0,-2823.0,7194.0,"OK"
"40 or older","Professional software developer","Computer science","more than 5 years","4",6,2,1,1,3,3,"True",2790,17,,2630.0,2905.0,275.0,1805.0,3730.0,"OK"
"40 or older","Professional software developer","Computer science","more than 5 years","10",3,1,1,1,1,1,"True",1580,17,,1396.0,1580.0,184.0,844.0,2132.0,"OK"
"40 or older","Professional software developer","Computer science","more than 5 years","10",6,2,1,1,1,1,"True",1106,17,,1166.0,1606.0,440.0,-154.0,2926.0,"OK"
"40 or older","Professional software developer","Computer science","more than 5 years","10",7,3,1,1,1,1,"True",1241,17,,1381.0,1630.0,249.0,634.0,2377.0,"OK"
"40 or older","Professional software developer","Computer science","more than 5 years","10",6,2,1,1,7,7,"True",1556,17,,1166.0,1606.0,440.0,-154.0,2926.0,"OK"
"40 or older","Professional software developer","Computer science","more than 5 years","8",6,2,1,1,1,1,"True",1265,17,,1411.0,1551.0,140.0,991.0,1971.0,"OK"
"40 or older","Professional software developer","Computer science","more than 5 years","2",1,3,1,1,2,2,"True",1801,17,,1731.0,1801.0,70.0,1521.0,2011.0,"OK"
"40 or older","Professional software developer","Computer science","more than 5 years","4",4,0,1,1,7,7,"True",3235,17,,3235.0,4756.0,1521.0,-1328.0,9319.0,"OK"
"40 or older","Professional software developer","Computer science","more than 5 years","2",1,3,1,1,6,6,"True",1686,17,,1731.0,1801.0,70.0,1521.0,2011.0,"OK"
"40 or older","Professional software developer","Computer science","more than 5 years","8",3,1,1,1,3,3,"True",1656,17,,1500.0,1656.0,156.0,1032.0,2124.0,"OK"
"40 or older","Professional software developer","Computer science","more than 5 years","8",3,1,1,1,1,1,"True",1216,17,,1500.0,1656.0,156.0,1032.0,2124.0,"OK"
"40 or older","Professional software developer","Computer science","more than 5 years","10",7,3,1,1,4,4,"True",1535,17,,1381.0,1630.0,249.0,634.0,2377.0,"OK"
"40 or older","Professional software developer","Computer science","more than 5 years","2",2,2,1,1,7,7,"True",2646,17,,1991.0,2196.0,205.0,1376.0,2811.0,"OK"
"40 or older","Professional software developer","Computer science","more than 5 years","2",3,1,1,1,3,3,"True",2051,17,,2125.0,2541.0,416.0,877.0,3789.0,"OK"
"40 or older","Professional software developer","Computer science","more than 5 years","10",4,0,1,1,3,3,"True",1446,17,,1135.0,1755.0,620.0,-725.0,3615.0,"OK"
"40 or older","Professional software developer","Computer science","more than 5 years","6",6,2,1,1,3,3,"True",1780,17,,1780.0,2186.0,406.0,562.0,3404.0,"OK"
"40 or older","Professional software developer","Computer science","more than 5 years","8",6,2,1,1,5,5,"True",1551,17,,1411.0,1551.0,140.0,991.0,1971.0,"OK"
"40 or older","Professional software developer","Computer science","more than 5 years","4",6,2,1,1,5,5,"True",3036,17,,2630.0,2905.0,275.0,1805.0,3730.0,"OK"
"40 or older","Professional software developer","Computer science","more than 5 years","4",3,1,1,1,1,1,"True",2535,17,,2535.0,3120.0,585.0,780.0,4875.0,"OK"
"40 or older","Professional software developer","Computer science","more than 5 years","2",5,1,1,1,4,4,"True",4756,17,,2232.0,4445.0,2213.0,-4407.0,11084.0,"OK"
"40 or older","Professional software developer","Computer science","more than 5 years","4",1,3,1,1,5,5,"True",2601,17,,1526.0,1825.0,299.0,629.0,2722.0,"OK"
"40 or older","Professional software developer","Computer science","more than 5 years","4",1,3,1,1,6,6,"True",1755,17,,1526.0,1825.0,299.0,629.0,2722.0,"OK"
"40 or older","Professional software developer","Computer science","more than 5 years","10",2,2,1,1,3,3,"True",2220,17,,1485.0,2061.0,576.0,-243.0,3789.0,"OK"
"40 or older","Professional software developer","Computer science","more than 5 years","10",4,0,1,1,5,5,"True",1755,17,,1135.0,1755.0,620.0,-725.0,3615.0,"OK"
"40 or older","Professional software developer","Computer science","more than 5 years","6",2,2,1,1,6,6,"True",1981,17,,1981.0,2141.0,160.0,1501.0,2621.0,"OK"
"40 or older","Professional software developer","Computer science","more than 5 years","Dynamic",2,2,1,1,3,3,"True",1405,17,,1261.0,1531.0,270.0,451.0,2341.0,"OK"
"40 or older","Professional software developer","Computer science","more than 5 years","4",5,1,1,1,4,4,"True",3411,17,,2359.0,2481.0,122.0,1993.0,2847.0,"Outlier"
"40 or older","Professional software developer","Computer science","more than 5 years","10",6,2,1,1,4,4,"True",1606,17,,1166.0,1606.0,440.0,-154.0,2926.0,"OK"
"40 or older","Professional software developer","Computer science","more than 5 years","6",5,1,1,1,1,1,"True",1215,17,,1466.0,1610.0,144.0,1034.0,2042.0,"OK"
"40 or older","Professional software developer","Computer science","more than 5 years","2",2,2,1,1,1,1,"True",1750,17,,1991.0,2196.0,205.0,1376.0,2811.0,"OK"
"40 or older","Professional software developer","Computer science","more than 5 years","2",1,3,1,1,5,5,"True",1731,17,,1731.0,1801.0,70.0,1521.0,2011.0,"OK"
"40 or older","Professional software developer","Computer science","more than 5 years","6",5,1,1,1,6,6,"True",1546,17,,1466.0,1610.0,144.0,1034.0,2042.0,"OK"
"40 or older","Professional software developer","Computer science","more than 5 years","10",4,0,1,1,1,1,"True",1050,17,,1135.0,1755.0,620.0,-725.0,3615.0,"OK"
"40 or older","Professional software developer","Computer science","more than 5 years","4",7,3,1,1,1,1,"True",1031,17,,1290.0,1911.0,621.0,-573.0,3774.0,"OK"
"40 or older","Professional software developer","Computer science","more than 5 years","Dynamic",6,2,1,1,2,2,"True",1026,17,,1356.0,1625.0,269.0,549.0,2432.0,"OK"
"40 or older","Professional software developer","Computer science","more than 5 years","2",6,2,1,1,2,2,"True",2016,17,,2251.0,2415.0,164.0,1759.0,2907.0,"OK"
"40 or older","Professional software developer","Computer science","more than 5 years","Dynamic",5,1,1,1,2,2,"True",1476,17,,1231.0,1476.0,245.0,496.0,2211.0,"OK"
"40 or older","Professional software developer","Computer science","more than 5 years","10",5,1,1,1,3,3,"True",1145,17,,1565.0,1895.0,330.0,575.0,2885.0,"OK"
"40 or older","Professional software developer","Computer science","more than 5 years","Dynamic",4,0,1,1,2,2,"True",1176,17,,1176.0,1390.0,214.0,534.0,2032.0,"OK"
"40 or older","Professional software developer","Computer science","more than 5 years","6",1,3,1,1,2,2,"True",1940,17,,1760.0,1940.0,180.0,1220.0,2480.0,"OK"
"40 or older","Professional software developer","Computer science","more than 5 years","6",7,3,1,1,5,5,"True",1576,17,,1046.0,1672.0,626.0,-832.0,3550.0,"OK"
"40 or older","Professional software developer","Computer science","more than 5 years","10",7,3,1,1,4,4,"True",1856,17,,1381.0,1630.0,249.0,634.0,2377.0,"OK"
"40 or older","Professional software developer","Computer science","more than 5 years","10",2,2,1,1,4,4,"True",1391,17,,1485.0,2061.0,576.0,-243.0,3789.0,"OK"
"40 or older","Professional software developer","Computer science","more than 5 years","4",1,3,1,1,2,2,"True",1825,17,,1526.0,1825.0,299.0,629.0,2722.0,"OK"
"40 or older","Professional software developer","Computer science","more than 5 years","2",3,1,1,1,2,2,"True",2541,17,,2125.0,2541.0,416.0,877.0,3789.0,"OK"
"40 or older","Professional software developer","Computer science","more than 5 years","6",4,0,1,1,5,5,"True",1782,17,,1782.0,2036.0,254.0,1020.0,2798.0,"OK"
"40 or older","Professional software developer","Computer science","more than 5 years","4",6,2,1,1,2,2,"True",1665,17,,2630.0,2905.0,275.0,1805.0,3730.0,"Outlier"
"40 or older","Professional software developer","Computer science","more than 5 years","10",3,1,1,1,1,1,"True",1036,17,,1396.0,1580.0,184.0,844.0,2132.0,"OK"
"40 or older","Professional software developer","Computer science","more than 5 years","Dynamic",2,2,1,1,3,3,"True",1240,17,,1261.0,1531.0,270.0,451.0,2341.0,"OK"
"40 or older","Professional software developer","Computer science","more than 5 years","2",5,1,1,1,7,7,"True",4445,17,,2232.0,4445.0,2213.0,-4407.0,11084.0,"OK"
"40 or older","Professional software developer","Computer science","more than 5 years","Dynamic",2,2,1,1,3,3,"True",1261,17,,1261.0,1531.0,270.0,451.0,2341.0,"OK"
"40 or older","Professional software developer","Computer science","more than 5 years","Dynamic",6,2,1,1,7,7,"True",1625,17,,1356.0,1625.0,269.0,549.0,2432.0,"OK"
"40 or older","Professional software developer","Computer science","more than 5 years","2",3,1,1,1,4,4,"True",2277,17,,2125.0,2541.0,416.0,877.0,3789.0,"OK"
"40 or older","Professional software developer","Computer science","more than 5 years","Dynamic",3,1,1,1,4,4,"True",1376,17,,1276.0,1391.0,115.0,931.0,1736.0,"OK"
"40 or older","Professional software developer","Computer science","more than 5 years","4",7,3,1,1,5,5,"True",1290,17,,1290.0,1911.0,621.0,-573.0,3774.0,"OK"
"40 or older","Professional software developer","Computer science","more than 5 years","8",2,2,1,1,6,6,"True",1751,17,,1636.0,1899.0,263.0,847.0,2688.0,"OK"
"40 or older","Professional software developer","Computer science","more than 5 years","Dynamic",5,1,1,1,2,2,"True",1231,17,,1231.0,1476.0,245.0,496.0,2211.0,"OK"
"40 or older","Professional software developer","Computer science","more than 5 years","4",5,1,1,1,7,7,"True",2481,17,,2359.0,2481.0,122.0,1993.0,2847.0,"OK"
"40 or older","Professional software developer","Computer science","more than 5 years","10",6,2,1,1,2,2,"True",1166,17,,1166.0,1606.0,440.0,-154.0,2926.0,"OK"
"40 or older","Professional software developer","Computer science","more than 5 years","4",3,1,1,1,5,5,"True",3505,17,,2535.0,3120.0,585.0,780.0,4875.0,"OK"
"40 or older","Professional software developer","Computer science","more than 5 years","6",1,3,1,1,4,4,"True",1882,17,,1760.0,1940.0,180.0,1220.0,2480.0,"OK"
"40 or older","Professional software developer","Computer science","more than 5 years","8",7,3,1,1,1,1,"True",1171,17,,1006.0,1781.0,775.0,-1319.0,4106.0,"OK"
"40 or older","Professional software developer","Computer science","more than 5 years","2",5,1,1,1,5,5,"True",1996,17,,2232.0,4445.0,2213.0,-4407.0,11084.0,"OK"
"40 or older","Professional software developer","Computer science","more than 5 years","4",5,1,1,1,3,3,"True",1585,17,,2359.0,2481.0,122.0,1993.0,2847.0,"Outlier"
"40 or older","Professional software developer","Computer science","more than 5 years","2",2,2,1,1,6,6,"True",1991,17,,1991.0,2196.0,205.0,1376.0,2811.0,"OK"
"40 or older","Professional software developer","Computer science","more than 5 years","8",7,3,1,1,2,2,"True",1006,17,,1006.0,1781.0,775.0,-1319.0,4106.0,"OK"
"40 or older","Professional software developer","Computer science","more than 5 years","8",1,3,1,1,1,1,"True",1076,17,,1145.0,1587.0,442.0,-181.0,2913.0,"OK"
"40 or older","Professional software developer","Computer science","more than 5 years","10",7,3,1,1,7,7,"True",1630,17,,1381.0,1630.0,249.0,634.0,2377.0,"OK"
"40 or older","Professional software developer","Computer science","more than 5 years","Dynamic",3,1,1,1,7,7,"True",1391,17,,1276.0,1391.0,115.0,931.0,1736.0,"OK"
"40 or older","Professional software developer","Computer science","more than 5 years","2",7,3,1,1,7,7,"True",1321,17,,1321.0,1770.0,449.0,-26.0,3117.0,"OK"
"40 or older","Professional software developer","Computer science","more than 5 years","4",2,2,1,1,2,2,"True",2645,17,,1691.0,2645.0,954.0,-1171.0,5507.0,"OK"
"40 or older","Professional software developer","Computer science","more than 5 years","8",3,1,1,1,4,4,"True",1961,17,,1500.0,1656.0,156.0,1032.0,2124.0,"OK"
"40 or older","Professional software developer","Computer science","more than 5 years","8",5,1,1,1,2,2,"True",935,17,,1470.0,2901.0,1431.0,-2823.0,7194.0,"OK"
"40 or older","Professional software developer","Computer science","more than 5 years","Dynamic",1,3,1,1,7,7,"True",1541,17,,1210.0,1706.0,496.0,-278.0,3194.0,"OK"
"40 or older","Professional software developer","Computer science","more than 5 years","6",5,1,1,1,5,5,"True",1466,17,,1466.0,1610.0,144.0,1034.0,2042.0,"OK"
"40 or older","Professional software developer","Computer science","more than 5 years","Dynamic",7,3,1,1,5,5,"True",1576,17,,931.0,1480.0,549.0,-716.0,3127.0,"OK"
"40 or older","Professional software developer","Computer science","more than 5 years","4",7,3,1,1,7,7,"True",1346,17,,1290.0,1911.0,621.0,-573.0,3774.0,"OK"
"40 or older","Professional software developer","Computer science","more than 5 years","2",7,3,1,1,7,7,"True",1011,17,,1321.0,1770.0,449.0,-26.0,3117.0,"OK"
"40 or older","Professional software developer","Computer science","more than 5 years","6",3,1,1,1,1,1,"True",1920,17,,1920.0,1985.0,65.0,1725.0,2180.0,"OK"
"40 or older","Professional software developer","Computer science","more than 5 years","4",3,1,1,1,7,7,"True",3120,17,,2535.0,3120.0,585.0,780.0,4875.0,"OK"
"40 or older","Professional software developer","Computer science","more than 5 years","4",3,1,1,1,3,3,"True",1990,17,,2535.0,3120.0,585.0,780.0,4875.0,"OK"
"40 or older","Professional software developer","Computer science","more than 5 years","8",2,2,1,1,5,5,"True",2471,17,,1636.0,1899.0,263.0,847.0,2688.0,"OK"
"40 or older","Professional software developer","Computer science","more than 5 years","Dynamic",2,2,1,1,7,7,"True",1531,17,,1261.0,1531.0,270.0,451.0,2341.0,"OK"
"40 or older","Professional software developer","Computer science","more than 5 years","4",2,2,1,1,1,1,"True",1351,17,,1691.0,2645.0,954.0,-1171.0,5507.0,"OK"
"40 or older","Professional software developer","Computer science","more than 5 years","10",1,3,1,1,7,7,"True",1691,17,,1691.0,1791.0,100.0,1391.0,2091.0,"OK"
"40 or older","Professional software developer","Computer science","more than 5 years","Dynamic",6,2,1,1,7,7,"True",1580,17,,1356.0,1625.0,269.0,549.0,2432.0,"OK"
"40 or older","Professional software developer","Computer science","more than 5 years","8",4,0,1,1,1,1,"True",1456,17,,1410.0,1534.0,124.0,1038.0,1906.0,"OK"
"40 or older","Professional software developer","Computer science","more than 5 years","8",4,0,1,1,3,3,"True",1356,17,,1410.0,1534.0,124.0,1038.0,1906.0,"OK"
"40 or older","Professional software developer","Computer science","more than 5 years","10",3,1,0,1,5,6,"False",1396,17,,1396.0,1580.0,184.0,844.0,2132.0,"OK"
"40 or older","Professional software developer","Computer science","more than 5 years","Dynamic",4,0,1,1,3,3,"True",1390,17,,1176.0,1390.0,214.0,534.0,2032.0,"OK"
"40 or older","Professional software developer","Computer science","more than 5 years","2",7,3,1,1,6,6,"True",1770,17,,1321.0,1770.0,449.0,-26.0,3117.0,"OK"
"40 or older","Professional software developer","Computer science","more than 5 years","8",7,3,1,1,1,1,"True",811,17,,1006.0,1781.0,775.0,-1319.0,4106.0,"OK"
"40 or older","Professional software developer","Computer science","more than 5 years","2",4,0,1,1,5,5,"True",4045,17,,3321.0,4045.0,724.0,1149.0,6217.0,"OK"
"40 or older","Professional software developer","Computer science","more than 5 years","Dynamic",5,1,1,1,3,3,"True",1751,17,,1231.0,1476.0,245.0,496.0,2211.0,"OK"
"40 or older","Professional software developer","Computer science","more than 5 years","Dynamic",7,3,1,1,3,3,"True",1100,17,,931.0,1480.0,549.0,-716.0,3127.0,"OK"
"40 or older","Professional software developer","Computer science","more than 5 years","Dynamic",7,3,1,1,1,1,"True",855,17,,931.0,1480.0,549.0,-716.0,3127.0,"OK"
"40 or older","Professional software developer","Computer science","more than 5 years","Dynamic",7,3,1,1,2,2,"True",931,17,,931.0,1480.0,549.0,-716.0,3127.0,"OK"
"40 or older","Professional software developer","Computer science","more than 5 years","6",3,1,1,1,5,5,"True",2785,17,,1920.0,1985.0,65.0,1725.0,2180.0,"Outlier"
"40 or older","Professional software developer","Computer science","more than 5 years","10",7,3,1,1,6,6,"True",1381,17,,1381.0,1630.0,249.0,634.0,2377.0,"OK"
"40 or older","Professional software developer","Computer science","more than 5 years","4",1,3,1,1,6,6,"True",1526,17,,1526.0,1825.0,299.0,629.0,2722.0,"OK"
"40 or older","Professional software developer","Computer science","more than 5 years","6",2,2,1,1,1,1,"True",1816,17,,1981.0,2141.0,160.0,1501.0,2621.0,"OK"
"40 or older","Professional software developer","Computer science","more than 5 years","6",6,2,1,1,5,5,"True",2186,17,,1780.0,2186.0,406.0,562.0,3404.0,"OK"
"40 or older","Professional software developer","Computer science","more than 5 years","4",2,2,1,1,3,3,"True",1691,17,,1691.0,2645.0,954.0,-1171.0,5507.0,"OK"
"40 or older","Professional software developer","Computer science","more than 5 years","10",5,1,1,1,4,4,"True",1565,17,,1565.0,1895.0,330.0,575.0,2885.0,"OK"
"40 or older","Professional software developer","Computer science","more than 5 years","8",4,0,1,1,5,5,"True",1534,17,,1410.0,1534.0,124.0,1038.0,1906.0,"OK"
"40 or older","Professional software developer","Computer science","more than 5 years","10",3,1,1,1,4,4,"True",1515,17,,1396.0,1580.0,184.0,844.0,2132.0,"OK"
"40 or older","Professional software developer","Computer science","more than 5 years","10",2,2,1,1,7,7,"True",1836,17,,1485.0,2061.0,576.0,-243.0,3789.0,"OK"
"40 or older","Professional software developer","Computer science","more than 5 years","8",2,2,1,1,1,1,"True",1899,17,,1636.0,1899.0,263.0,847.0,2688.0,"OK"
"40 or older","Professional software developer","Computer science","more than 5 years","Dynamic",7,3,1,1,7,7,"True",1480,17,,931.0,1480.0,549.0,-716.0,3127.0,"OK"
"40 or older","Professional software developer","Computer science","more than 5 years","6",7,3,1,1,1,1,"True",1046,17,,1046.0,1672.0,626.0,-832.0,3550.0,"OK"
"40 or older","Professional software developer","Computer science","more than 5 years","2",7,3,1,1,3,3,"True",1379,17,,1321.0,1770.0,449.0,-26.0,3117.0,"OK"
"40 or older","Professional software developer","Computer science","more than 5 years","Dynamic",4,0,1,1,5,5,"True",1321,17,,1176.0,1390.0,214.0,534.0,2032.0,"OK"
"40 or older","Professional software developer","Computer science","more than 5 years","Dynamic",5,1,1,1,1,1,"True",1066,17,,1231.0,1476.0,245.0,496.0,2211.0,"OK"
"40 or older","Professional software developer","Computer science","more than 5 years","Dynamic",3,1,1,1,2,2,"True",1191,17,,1276.0,1391.0,115.0,931.0,1736.0,"OK"
"40 or older","Professional software developer","Computer science","more than 5 years","2",2,2,1,1,5,5,"True",2156,17,,1991.0,2196.0,205.0,1376.0,2811.0,"OK"
"40 or older","Professional software developer","Computer science","more than 5 years","6",1,3,1,1,2,2,"True",1280,17,,1760.0,1940.0,180.0,1220.0,2480.0,"OK"
"40 or older","Professional software developer","Computer science","more than 5 years","Dynamic",1,3,1,1,1,1,"True",766,17,,1210.0,1706.0,496.0,-278.0,3194.0,"OK"
"40 or older","Professional software developer","Computer science","more than 5 years","Dynamic",3,1,1,1,4,4,"True",1276,17,,1276.0,1391.0,115.0,931.0,1736.0,"OK"
"40 or older","Professional software developer","Computer science","more than 5 years","10",4,0,1,1,2,2,"True",1135,17,,1135.0,1755.0,620.0,-725.0,3615.0,"OK"
"40 or older","Professional software developer","Computer science","more than 5 years","Dynamic",4,0,1,1,3,3,"True",936,17,,1176.0,1390.0,214.0,534.0,2032.0,"OK"
"40 or older","Professional software developer","Computer science","more than 5 years","2",1,3,1,1,2,2,"True",2542,17,,1731.0,1801.0,70.0,1521.0,2011.0,"Outlier"
"40 or older","Professional software developer","Computer science","more than 5 years","6",4,0,1,1,2,2,"True",1610,17,,1782.0,2036.0,254.0,1020.0,2798.0,"OK"
"40 or older","Professional software developer","Computer science","more than 5 years","8",6,2,1,1,7,7,"True",1411,17,,1411.0,1551.0,140.0,991.0,1971.0,"OK"
"40 or older","Professional software developer","Computer science","more than 5 years","2",5,1,1,1,4,4,"True",3770,17,,2232.0,4445.0,2213.0,-4407.0,11084.0,"OK"
"40 or older","Professional software developer","Computer science","more than 5 years","6",6,2,1,1,2,2,"True",1156,17,,1780.0,2186.0,406.0,562.0,3404.0,"OK"
"40 or older","Professional software developer","Computer science","more than 5 years","8",2,2,1,1,2,2,"True",1636,17,,1636.0,1899.0,263.0,847.0,2688.0,"OK"
"40 or older","Professional software developer","Computer science","more than 5 years","8",7,3,1,1,4,4,"True",2160,17,,1006.0,1781.0,775.0,-1319.0,4106.0,"OK"
"40 or older","Professional software developer","Computer science","more than 5 years","Dynamic",6,2,1,1,5,5,"True",1356,17,,1356.0,1625.0,269.0,549.0,2432.0,"OK"
"40 or older","Professional software developer","Computer science","more than 5 years","4",4,0,1,1,7,7,"True",4756,17,,3235.0,4756.0,1521.0,-1328.0,9319.0,"OK"
"40 or older","Professional software developer","Computer science","more than 5 years","4",2,2,1,1,2,2,"True",2935,17,,1691.0,2645.0,954.0,-1171.0,5507.0,"OK"
"40 or older","Professional software developer","Computer science","more than 5 years","4",5,1,1,1,1,1,"True",2395,17,,2359.0,2481.0,122.0,1993.0,2847.0,"OK"
"40 or older","Professional software developer","Computer science","more than 5 years","8",1,3,1,1,6,6,"True",1587,17,,1145.0,1587.0,442.0,-181.0,2913.0,"OK"
"40 or older","Professional software developer","Computer science","more than 5 years","10",6,2,1,1,7,7,"True",2071,17,,1166.0,1606.0,440.0,-154.0,2926.0,"OK"
"40 or older","Professional software developer","Computer science","more than 5 years","10",2,2,1,1,4,4,"True",1485,17,,1485.0,2061.0,576.0,-243.0,3789.0,"OK"
"40 or older","Professional software developer","Computer science","more than 5 years","2",3,1,1,1,2,2,"True",2125,17,,2125.0,2541.0,416.0,877.0,3789.0,"OK"
"40 or older","Professional software developer","Computer science","more than 5 years","8",1,3,1,1,4,4,"True",1635,17,,1145.0,1587.0,442.0,-181.0,2913.0,"OK"
"40 or older","Professional software developer","Computer science","more than 5 years","2",3,1,1,1,7,7,"True",3020,17,,2125.0,2541.0,416.0,877.0,3789.0,"OK"
"40 or older","Professional software developer","Computer science","more than 5 years","6",3,1,1,1,4,4,"True",1985,17,,1920.0,1985.0,65.0,1725.0,2180.0,"OK"
"40 or older","Professional software developer","Computer science","more than 5 years","6",1,3,1,1,6,6,"True",1760,17,,1760.0,1940.0,180.0,1220.0,2480.0,"OK"
"40 or older","Professional software developer","Computer science","more than 5 years","6",2,2,1,1,5,5,"True",2345,17,,1981.0,2141.0,160.0,1501.0,2621.0,"OK"
"40 or older","Professional software developer","Computer science","more than 5 years","Dynamic",3,1,1,1,3,3,"True",1530,17,,1276.0,1391.0,115.0,931.0,1736.0,"OK"
"40 or older","Professional software developer","Computer science","more than 5 years","4",1,3,1,1,3,3,"True",1125,17,,1526.0,1825.0,299.0,629.0,2722.0,"OK"
"40 or older","Professional software developer","Computer science","more than 5 years","6",3,1,1,1,4,4,"True",1920,17,,1920.0,1985.0,65.0,1725.0,2180.0,"OK"
"40 or older","Professional software developer","Computer science","more than 5 years","Dynamic",1,3,1,1,7,7,"True",1706,17,,1210.0,1706.0,496.0,-278.0,3194.0,"OK"
"40 or older","Professional software developer","Computer science","more than 5 years","6",3,1,1,1,3,3,"True",1566,17,,1920.0,1985.0,65.0,1725.0,2180.0,"Outlier"
"40 or older","Professional software developer","Computer science","more than 5 years","6",7,3,1,1,3,3,"True",1001,17,,1046.0,1672.0,626.0,-832.0,3550.0,"OK"
"40 or older","Professional software developer","Computer science","more than 5 years","8",3,1,1,1,1,1,"True",1500,17,,1500.0,1656.0,156.0,1032.0,2124.0,"OK"
"40 or older","Professional software developer","Computer science","more than 5 years","4",2,2,1,1,4,4,"True",2231,17,,1691.0,2645.0,954.0,-1171.0,5507.0,"OK"
"40 or older","Professional software developer","Computer science","more than 5 years","8",6,2,1,1,3,3,"True",1500,17,,1411.0,1551.0,140.0,991.0,1971.0,"OK"
"40 or older","Professional software developer","Computer science","more than 5 years","4",7,3,1,1,6,6,"True",1911,17,,1290.0,1911.0,621.0,-573.0,3774.0,"OK"
"40 or older","Professional software developer","Computer science","more than 5 years","Dynamic",5,1,1,1,1,1,"True",1386,17,,1231.0,1476.0,245.0,496.0,2211.0,"OK"
"40 or older","Professional software developer","Computer science","more than 5 years","6",5,1,1,1,4,4,"True",1610,17,,1466.0,1610.0,144.0,1034.0,2042.0,"OK"
"40 or older","Professional software developer","Computer science","more than 5 years","8",2,2,1,1,5,5,"True",1601,17,,1636.0,1899.0,263.0,847.0,2688.0,"OK"
"40 or older","Professional software developer","Computer science","more than 5 years","6",4,0,1,1,4,4,"True",1825,17,,1782.0,2036.0,254.0,1020.0,2798.0,"OK"
"between 35 and (excluding) 40","Professional software developer","I do not study","more than 5 years","4",4,0,1,1,1,1,"True",2271,18,,2835.0,4929.0,2094.0,-3447.0,11211.0,"OK"
"between 35 and (excluding) 40","Professional software developer","I do not study","more than 5 years","4",7,3,1,1,3,3,"True",1327,18,,1327.0,1462.0,135.0,922.0,1867.0,"OK"
"between 35 and (excluding) 40","Professional software developer","I do not study","more than 5 years","2",7,3,1,1,2,2,"True",1008,18,,1125.0,1620.0,495.0,-360.0,3105.0,"OK"
"between 35 and (excluding) 40","Professional software developer","I do not study","more than 5 years","2",4,0,1,1,2,2,"True",5175,18,,3167.0,4840.0,1673.0,-1852.0,9859.0,"OK"
"between 35 and (excluding) 40","Professional software developer","I do not study","more than 5 years","8",4,0,1,1,5,5,"True",2232,18,,1260.0,1440.0,180.0,720.0,1980.0,"Outlier"
"between 35 and (excluding) 40","Professional software developer","I do not study","more than 5 years","10",1,3,1,1,3,3,"True",1282,18,,1507.0,1977.0,470.0,97.0,3387.0,"OK"
"between 35 and (excluding) 40","Professional software developer","I do not study","more than 5 years","8",5,1,1,1,3,3,"True",1508,18,,1327.0,1445.0,118.0,973.0,1799.0,"OK"
"between 35 and (excluding) 40","Professional software developer","I do not study","more than 5 years","4",5,1,1,1,1,1,"True",3131,18,,1746.0,2384.0,638.0,-168.0,4298.0,"OK"
"between 35 and (excluding) 40","Professional software developer","I do not study","more than 5 years","10",1,3,1,1,7,7,"True",1977,18,,1507.0,1977.0,470.0,97.0,3387.0,"OK"
"between 35 and (excluding) 40","Professional software developer","I do not study","more than 5 years","2",2,2,1,1,5,5,"True",1938,18,,1734.0,1970.0,236.0,1026.0,2678.0,"OK"
"between 35 and (excluding) 40","Professional software developer","I do not study","more than 5 years","4",6,2,1,1,5,5,"True",1963,18,,1845.0,2049.0,204.0,1233.0,2661.0,"OK"
"between 35 and (excluding) 40","Professional software developer","I do not study","more than 5 years","2",6,2,1,1,6,6,"True",1953,18,,1953.0,2868.0,915.0,-792.0,5613.0,"OK"
"between 35 and (excluding) 40","Professional software developer","I do not study","more than 5 years","6",5,1,1,1,3,3,"True",1865,18,,1865.0,3078.0,1213.0,-1774.0,6717.0,"OK"
"between 35 and (excluding) 40","Professional software developer","I do not study","more than 5 years","10",2,2,1,1,6,6,"True",1668,18,,1668.0,1754.0,86.0,1410.0,2012.0,"OK"
"between 35 and (excluding) 40","Professional software developer","I do not study","more than 5 years","Dynamic",2,2,1,1,7,7,"True",1553,18,,1328.0,1488.0,160.0,848.0,1968.0,"OK"
"between 35 and (excluding) 40","Professional software developer","I do not study","more than 5 years","2",6,2,1,1,6,6,"True",2676,18,,1953.0,2868.0,915.0,-792.0,5613.0,"OK"
"between 35 and (excluding) 40","Professional software developer","I do not study","more than 5 years","4",4,0,1,1,6,6,"True",4301,18,,2835.0,4929.0,2094.0,-3447.0,11211.0,"OK"
"between 35 and (excluding) 40","Professional software developer","I do not study","more than 5 years","2",5,1,1,1,2,2,"True",2453,18,,2453.0,3308.0,855.0,-112.0,5873.0,"OK"
"between 35 and (excluding) 40","Professional software developer","I do not study","more than 5 years","2",4,0,1,1,7,7,"True",4840,18,,3167.0,4840.0,1673.0,-1852.0,9859.0,"OK"
"between 35 and (excluding) 40","Professional software developer","I do not study","more than 5 years","6",7,3,1,1,7,7,"True",1846,18,,1326.0,1598.0,272.0,510.0,2414.0,"OK"
"between 35 and (excluding) 40","Professional software developer","I do not study","more than 5 years","6",6,2,1,1,2,2,"True",2319,18,,1438.0,2319.0,881.0,-1205.0,4962.0,"OK"
"between 35 and (excluding) 40","Professional software developer","I do not study","more than 5 years","10",4,0,1,1,1,1,"True",1757,18,,1505.0,1757.0,252.0,749.0,2513.0,"OK"
"between 35 and (excluding) 40","Professional software developer","I do not study","more than 5 years","10",1,3,1,1,4,4,"True",2135,18,,1507.0,1977.0,470.0,97.0,3387.0,"OK"
"between 35 and (excluding) 40","Professional software developer","I do not study","more than 5 years","2",4,0,1,1,1,1,"True",3167,18,,3167.0,4840.0,1673.0,-1852.0,9859.0,"OK"
"between 35 and (excluding) 40","Professional software developer","I do not study","more than 5 years","6",4,0,1,1,3,3,"True",2318,18,,1780.0,2408.0,628.0,-104.0,4292.0,"OK"
"between 35 and (excluding) 40","Professional software developer","I do not study","more than 5 years","4",4,0,1,1,2,2,"True",2835,18,,2835.0,4929.0,2094.0,-3447.0,11211.0,"OK"
"between 35 and (excluding) 40","Professional software developer","I do not study","more than 5 years","6",6,2,1,1,6,6,"True",2246,18,,1438.0,2319.0,881.0,-1205.0,4962.0,"OK"
"between 35 and (excluding) 40","Professional software developer","I do not study","more than 5 years","Dynamic",1,3,1,1,1,1,"True",1034,18,,1034.0,1623.0,589.0,-733.0,3390.0,"OK"
"between 35 and (excluding) 40","Professional software developer","I do not study","more than 5 years","4",6,2,1,1,1,1,"True",2226,18,,1845.0,2049.0,204.0,1233.0,2661.0,"OK"
"between 35 and (excluding) 40","Professional software developer","I do not study","more than 5 years","10",3,1,1,1,6,6,"True",2093,18,,1328.0,1822.0,494.0,-154.0,3304.0,"OK"
"between 35 and (excluding) 40","Professional software developer","I do not study","more than 5 years","8",5,1,1,1,3,3,"True",1442,18,,1327.0,1445.0,118.0,973.0,1799.0,"OK"
"between 35 and (excluding) 40","Professional software developer","I do not study","more than 5 years","8",1,3,1,1,2,2,"True",1394,18,,1324.0,1508.0,184.0,772.0,2060.0,"OK"
"between 35 and (excluding) 40","Professional software developer","I do not study","more than 5 years","10",5,1,1,1,7,7,"True",1868,18,,1597.0,1979.0,382.0,451.0,3125.0,"OK"
"between 35 and (excluding) 40","Professional software developer","I do not study","more than 5 years","Dynamic",6,2,1,1,5,5,"True",1465,18,,1305.0,1505.0,200.0,705.0,2105.0,"OK"
"between 35 and (excluding) 40","Professional software developer","I do not study","more than 5 years","6",4,0,1,1,1,1,"True",3036,18,,1780.0,2408.0,628.0,-104.0,4292.0,"OK"
"between 35 and (excluding) 40","Professional software developer","I do not study","more than 5 years","10",5,1,1,1,4,4,"True",1979,18,,1597.0,1979.0,382.0,451.0,3125.0,"OK"
"between 35 and (excluding) 40","Professional software developer","I do not study","more than 5 years","2",4,0,1,1,1,1,"True",3082,18,,3167.0,4840.0,1673.0,-1852.0,9859.0,"OK"
"between 35 and (excluding) 40","Professional software developer","I do not study","more than 5 years","10",5,1,1,1,6,6,"True",3151,18,,1597.0,1979.0,382.0,451.0,3125.0,"Outlier"
"between 35 and (excluding) 40","Professional software developer","I do not study","more than 5 years","Dynamic",1,3,1,1,5,5,"True",1623,18,,1034.0,1623.0,589.0,-733.0,3390.0,"OK"
"between 35 and (excluding) 40","Professional software developer","I do not study","more than 5 years","2",6,2,1,1,5,5,"True",2868,18,,1953.0,2868.0,915.0,-792.0,5613.0,"OK"
"between 35 and (excluding) 40","Professional software developer","I do not study","more than 5 years","2",6,2,1,1,4,4,"True",2994,18,,1953.0,2868.0,915.0,-792.0,5613.0,"OK"
"between 35 and (excluding) 40","Professional software developer","I do not study","more than 5 years","6",2,2,1,1,6,6,"True",3261,18,,1753.0,1888.0,135.0,1348.0,2293.0,"Outlier"
"between 35 and (excluding) 40","Professional software developer","I do not study","more than 5 years","Dynamic",4,0,1,1,2,2,"True",1554,18,,1059.0,1463.0,404.0,-153.0,2675.0,"OK"
"between 35 and (excluding) 40","Professional software developer","I do not study","more than 5 years","2",1,3,1,1,5,5,"True",1824,18,,1532.0,1799.0,267.0,731.0,2600.0,"OK"
"between 35 and (excluding) 40","Professional software developer","I do not study","more than 5 years","6",7,3,1,1,6,6,"True",1554,18,,1326.0,1598.0,272.0,510.0,2414.0,"OK"
"between 35 and (excluding) 40","Professional software developer","I do not study","more than 5 years","10",1,3,1,1,5,5,"True",1528,18,,1507.0,1977.0,470.0,97.0,3387.0,"OK"
"between 35 and (excluding) 40","Professional software developer","I do not study","more than 5 years","4",3,1,1,1,5,5,"True",2162,18,,2115.0,2248.0,133.0,1716.0,2647.0,"OK"
"between 35 and (excluding) 40","Professional software developer","I do not study","more than 5 years","6",1,3,1,1,3,3,"True",1511,18,,1511.0,1666.0,155.0,1046.0,2131.0,"OK"
"between 35 and (excluding) 40","Professional software developer","I do not study","more than 5 years","8",5,1,1,1,2,2,"True",1445,18,,1327.0,1445.0,118.0,973.0,1799.0,"OK"
"between 35 and (excluding) 40","Professional software developer","I do not study","more than 5 years","6",2,2,1,1,7,7,"True",1888,18,,1753.0,1888.0,135.0,1348.0,2293.0,"OK"
"between 35 and (excluding) 40","Professional software developer","I do not study","more than 5 years","8",3,1,1,1,2,2,"True",1396,18,,1438.0,1554.0,116.0,1090.0,1902.0,"OK"
"between 35 and (excluding) 40","Professional software developer","I do not study","more than 5 years","8",4,0,1,1,2,2,"True",1363,18,,1260.0,1440.0,180.0,720.0,1980.0,"OK"
"between 35 and (excluding) 40","Professional software developer","I do not study","more than 5 years","8",1,3,1,1,1,1,"True",1324,18,,1324.0,1508.0,184.0,772.0,2060.0,"OK"
"between 35 and (excluding) 40","Professional software developer","I do not study","more than 5 years","8",6,2,1,1,4,4,"True",1684,18,,1644.0,1958.0,314.0,702.0,2900.0,"OK"
"between 35 and (excluding) 40","Professional software developer","I do not study","more than 5 years","8",7,3,1,1,3,3,"True",1234,18,,1034.0,1234.0,200.0,434.0,1834.0,"OK"
"between 35 and (excluding) 40","Professional software developer","I do not study","more than 5 years","8",5,1,1,1,1,1,"True",1282,18,,1327.0,1445.0,118.0,973.0,1799.0,"OK"
"between 35 and (excluding) 40","Professional software developer","I do not study","more than 5 years","4",6,2,1,1,3,3,"True",2049,18,,1845.0,2049.0,204.0,1233.0,2661.0,"OK"
"between 35 and (excluding) 40","Professional software developer","I do not study","more than 5 years","10",3,1,1,1,1,1,"True",1121,18,,1328.0,1822.0,494.0,-154.0,3304.0,"OK"
"between 35 and (excluding) 40","Professional software developer","I do not study","more than 5 years","10",6,2,1,1,1,1,"True",1190,18,,1190.0,1667.0,477.0,-241.0,3098.0,"OK"
"between 35 and (excluding) 40","Professional software developer","I do not study","more than 5 years","10",7,3,1,1,1,1,"True",1125,18,,1373.0,1464.0,91.0,1100.0,1737.0,"OK"
"between 35 and (excluding) 40","Professional software developer","I do not study","more than 5 years","10",6,2,1,1,7,7,"True",1938,18,,1190.0,1667.0,477.0,-241.0,3098.0,"OK"
"between 35 and (excluding) 40","Professional software developer","I do not study","more than 5 years","8",6,2,1,1,1,1,"True",2001,18,,1644.0,1958.0,314.0,702.0,2900.0,"OK"
"between 35 and (excluding) 40","Professional software developer","I do not study","more than 5 years","2",1,3,1,1,2,2,"True",1482,18,,1532.0,1799.0,267.0,731.0,2600.0,"OK"
"between 35 and (excluding) 40","Professional software developer","I do not study","more than 5 years","4",4,0,1,1,7,7,"True",5447,18,,2835.0,4929.0,2094.0,-3447.0,11211.0,"OK"
"between 35 and (excluding) 40","Professional software developer","I do not study","more than 5 years","2",1,3,1,1,6,6,"True",1799,18,,1532.0,1799.0,267.0,731.0,2600.0,"OK"
"between 35 and (excluding) 40","Professional software developer","I do not study","more than 5 years","8",3,1,1,1,3,3,"True",1438,18,,1438.0,1554.0,116.0,1090.0,1902.0,"OK"
"between 35 and (excluding) 40","Professional software developer","I do not study","more than 5 years","8",3,1,1,1,1,1,"True",1554,18,,1438.0,1554.0,116.0,1090.0,1902.0,"OK"
"between 35 and (excluding) 40","Professional software developer","I do not study","more than 5 years","10",7,3,1,1,4,4,"True",1374,18,,1373.0,1464.0,91.0,1100.0,1737.0,"OK"
"between 35 and (excluding) 40","Professional software developer","I do not study","more than 5 years","2",2,2,1,1,7,7,"True",1970,18,,1734.0,1970.0,236.0,1026.0,2678.0,"OK"
"between 35 and (excluding) 40","Professional software developer","I do not study","more than 5 years","2",3,1,1,1,3,3,"True",1594,18,,1935.0,2121.0,186.0,1377.0,2679.0,"OK"
"between 35 and (excluding) 40","Professional software developer","I do not study","more than 5 years","10",4,0,1,1,3,3,"True",1260,18,,1505.0,1757.0,252.0,749.0,2513.0,"OK"
"between 35 and (excluding) 40","Professional software developer","I do not study","more than 5 years","6",6,2,1,1,3,3,"True",1416,18,,1438.0,2319.0,881.0,-1205.0,4962.0,"OK"
"between 35 and (excluding) 40","Professional software developer","I do not study","more than 5 years","8",6,2,1,1,5,5,"True",1644,18,,1644.0,1958.0,314.0,702.0,2900.0,"OK"
"between 35 and (excluding) 40","Professional software developer","I do not study","more than 5 years","4",6,2,1,1,5,5,"True",1845,18,,1845.0,2049.0,204.0,1233.0,2661.0,"OK"
"between 35 and (excluding) 40","Professional software developer","I do not study","more than 5 years","4",3,1,1,1,1,1,"True",2115,18,,2115.0,2248.0,133.0,1716.0,2647.0,"OK"
"between 35 and (excluding) 40","Professional software developer","I do not study","more than 5 years","2",5,1,1,1,4,4,"True",4363,18,,2453.0,3308.0,855.0,-112.0,5873.0,"OK"
"between 35 and (excluding) 40","Professional software developer","I do not study","more than 5 years","4",1,3,1,1,5,5,"True",1913,18,,1481.0,1709.0,228.0,797.0,2393.0,"OK"
"between 35 and (excluding) 40","Professional software developer","I do not study","more than 5 years","4",1,3,1,1,6,6,"True",1577,18,,1481.0,1709.0,228.0,797.0,2393.0,"OK"
"between 35 and (excluding) 40","Professional software developer","I do not study","more than 5 years","10",2,2,1,1,3,3,"True",1351,18,,1668.0,1754.0,86.0,1410.0,2012.0,"Outlier"
"between 35 and (excluding) 40","Professional software developer","I do not study","more than 5 years","10",4,0,1,1,5,5,"True",2680,18,,1505.0,1757.0,252.0,749.0,2513.0,"Outlier"
"between 35 and (excluding) 40","Professional software developer","I do not study","more than 5 years","6",2,2,1,1,6,6,"True",1753,18,,1753.0,1888.0,135.0,1348.0,2293.0,"OK"
"between 35 and (excluding) 40","Professional software developer","I do not study","more than 5 years","Dynamic",2,2,1,1,3,3,"True",1488,18,,1328.0,1488.0,160.0,848.0,1968.0,"OK"
"between 35 and (excluding) 40","Professional software developer","I do not study","more than 5 years","4",5,1,1,1,4,4,"True",2003,18,,1746.0,2384.0,638.0,-168.0,4298.0,"OK"
"between 35 and (excluding) 40","Professional software developer","I do not study","more than 5 years","10",6,2,1,1,4,4,"True",1667,18,,1190.0,1667.0,477.0,-241.0,3098.0,"OK"
"between 35 and (excluding) 40","Professional software developer","I do not study","more than 5 years","6",5,1,1,1,1,1,"True",1800,18,,1865.0,3078.0,1213.0,-1774.0,6717.0,"OK"
"between 35 and (excluding) 40","Professional software developer","I do not study","more than 5 years","2",2,2,1,1,1,1,"True",1422,18,,1734.0,1970.0,236.0,1026.0,2678.0,"OK"
"between 35 and (excluding) 40","Professional software developer","I do not study","more than 5 years","2",1,3,1,1,5,5,"True",1754,18,,1532.0,1799.0,267.0,731.0,2600.0,"OK"
"between 35 and (excluding) 40","Professional software developer","I do not study","more than 5 years","6",5,1,1,1,6,6,"True",3147,18,,1865.0,3078.0,1213.0,-1774.0,6717.0,"OK"
"between 35 and (excluding) 40","Professional software developer","I do not study","more than 5 years","10",4,0,1,1,1,1,"True",1505,18,,1505.0,1757.0,252.0,749.0,2513.0,"OK"
"between 35 and (excluding) 40","Professional software developer","I do not study","more than 5 years","4",7,3,1,1,1,1,"True",1081,18,,1327.0,1462.0,135.0,922.0,1867.0,"OK"
"between 35 and (excluding) 40","Professional software developer","I do not study","more than 5 years","Dynamic",6,2,1,1,2,2,"True",1126,18,,1305.0,1505.0,200.0,705.0,2105.0,"OK"
"between 35 and (excluding) 40","Professional software developer","I do not study","more than 5 years","2",6,2,1,1,2,2,"True",1283,18,,1953.0,2868.0,915.0,-792.0,5613.0,"OK"
"between 35 and (excluding) 40","Professional software developer","I do not study","more than 5 years","Dynamic",5,1,1,1,2,2,"True",941,18,,1081.0,1233.0,152.0,625.0,1689.0,"OK"
"between 35 and (excluding) 40","Professional software developer","I do not study","more than 5 years","10",5,1,1,1,3,3,"True",1597,18,,1597.0,1979.0,382.0,451.0,3125.0,"OK"
"between 35 and (excluding) 40","Professional software developer","I do not study","more than 5 years","Dynamic",4,0,1,1,2,2,"True",1059,18,,1059.0,1463.0,404.0,-153.0,2675.0,"OK"
"between 35 and (excluding) 40","Professional software developer","I do not study","more than 5 years","6",1,3,1,1,2,2,"True",1259,18,,1511.0,1666.0,155.0,1046.0,2131.0,"OK"
"between 35 and (excluding) 40","Professional software developer","I do not study","more than 5 years","6",7,3,1,1,5,5,"True",1598,18,,1326.0,1598.0,272.0,510.0,2414.0,"OK"
"between 35 and (excluding) 40","Professional software developer","I do not study","more than 5 years","10",7,3,1,1,4,4,"True",1373,18,,1373.0,1464.0,91.0,1100.0,1737.0,"OK"
"between 35 and (excluding) 40","Professional software developer","I do not study","more than 5 years","10",2,2,1,1,4,4,"True",1689,18,,1668.0,1754.0,86.0,1410.0,2012.0,"OK"
"between 35 and (excluding) 40","Professional software developer","I do not study","more than 5 years","4",1,3,1,1,2,2,"True",1394,18,,1481.0,1709.0,228.0,797.0,2393.0,"OK"
"between 35 and (excluding) 40","Professional software developer","I do not study","more than 5 years","2",3,1,1,1,2,2,"True",2002,18,,1935.0,2121.0,186.0,1377.0,2679.0,"OK"
"between 35 and (excluding) 40","Professional software developer","I do not study","more than 5 years","6",4,0,1,1,5,5,"True",2408,18,,1780.0,2408.0,628.0,-104.0,4292.0,"OK"
"between 35 and (excluding) 40","Professional software developer","I do not study","more than 5 years","4",6,2,1,1,2,2,"True",1464,18,,1845.0,2049.0,204.0,1233.0,2661.0,"OK"
"between 35 and (excluding) 40","Professional software developer","I do not study","more than 5 years","10",3,1,1,1,1,1,"True",1328,18,,1328.0,1822.0,494.0,-154.0,3304.0,"OK"
"between 35 and (excluding) 40","Professional software developer","I do not study","more than 5 years","Dynamic",2,2,1,1,3,3,"True",1194,18,,1328.0,1488.0,160.0,848.0,1968.0,"OK"
"between 35 and (excluding) 40","Professional software developer","I do not study","more than 5 years","2",5,1,1,1,7,7,"True",3013,18,,2453.0,3308.0,855.0,-112.0,5873.0,"OK"
"between 35 and (excluding) 40","Professional software developer","I do not study","more than 5 years","Dynamic",2,2,1,1,3,3,"True",1328,18,,1328.0,1488.0,160.0,848.0,1968.0,"OK"
"between 35 and (excluding) 40","Professional software developer","I do not study","more than 5 years","Dynamic",6,2,1,1,7,7,"True",1641,18,,1305.0,1505.0,200.0,705.0,2105.0,"OK"
"between 35 and (excluding) 40","Professional software developer","I do not study","more than 5 years","2",3,1,1,1,4,4,"True",2121,18,,1935.0,2121.0,186.0,1377.0,2679.0,"OK"
"between 35 and (excluding) 40","Professional software developer","I do not study","more than 5 years","Dynamic",3,1,1,1,4,4,"True",1801,18,,1057.0,1573.0,516.0,-491.0,3121.0,"OK"
"between 35 and (excluding) 40","Professional software developer","I do not study","more than 5 years","4",7,3,1,1,5,5,"True",1372,18,,1327.0,1462.0,135.0,922.0,1867.0,"OK"
"between 35 and (excluding) 40","Professional software developer","I do not study","more than 5 years","8",2,2,1,1,6,6,"True",1866,18,,1328.0,1866.0,538.0,-286.0,3480.0,"OK"
"between 35 and (excluding) 40","Professional software developer","I do not study","more than 5 years","Dynamic",5,1,1,1,2,2,"True",1233,18,,1081.0,1233.0,152.0,625.0,1689.0,"OK"
"between 35 and (excluding) 40","Professional software developer","I do not study","more than 5 years","4",5,1,1,1,7,7,"True",2384,18,,1746.0,2384.0,638.0,-168.0,4298.0,"OK"
"between 35 and (excluding) 40","Professional software developer","I do not study","more than 5 years","10",6,2,1,1,2,2,"True",1171,18,,1190.0,1667.0,477.0,-241.0,3098.0,"OK"
"between 35 and (excluding) 40","Professional software developer","I do not study","more than 5 years","4",3,1,1,1,5,5,"True",3334,18,,2115.0,2248.0,133.0,1716.0,2647.0,"Outlier"
"between 35 and (excluding) 40","Professional software developer","I do not study","more than 5 years","6",1,3,1,1,4,4,"True",1665,18,,1511.0,1666.0,155.0,1046.0,2131.0,"OK"
"between 35 and (excluding) 40","Professional software developer","I do not study","more than 5 years","8",7,3,1,1,1,1,"True",1124,18,,1034.0,1234.0,200.0,434.0,1834.0,"OK"
"between 35 and (excluding) 40","Professional software developer","I do not study","more than 5 years","2",5,1,1,1,5,5,"True",2292,18,,2453.0,3308.0,855.0,-112.0,5873.0,"OK"
"between 35 and (excluding) 40","Professional software developer","I do not study","more than 5 years","4",5,1,1,1,3,3,"True",1746,18,,1746.0,2384.0,638.0,-168.0,4298.0,"OK"
"between 35 and (excluding) 40","Professional software developer","I do not study","more than 5 years","2",2,2,1,1,6,6,"True",2070,18,,1734.0,1970.0,236.0,1026.0,2678.0,"OK"
"between 35 and (excluding) 40","Professional software developer","I do not study","more than 5 years","8",7,3,1,1,2,2,"True",1034,18,,1034.0,1234.0,200.0,434.0,1834.0,"OK"
"between 35 and (excluding) 40","Professional software developer","I do not study","more than 5 years","8",1,3,1,1,1,1,"True",990,18,,1324.0,1508.0,184.0,772.0,2060.0,"OK"
"between 35 and (excluding) 40","Professional software developer","I do not study","more than 5 years","10",7,3,1,1,7,7,"True",1509,18,,1373.0,1464.0,91.0,1100.0,1737.0,"OK"
"between 35 and (excluding) 40","Professional software developer","I do not study","more than 5 years","Dynamic",3,1,1,1,7,7,"True",1528,18,,1057.0,1573.0,516.0,-491.0,3121.0,"OK"
"between 35 and (excluding) 40","Professional software developer","I do not study","more than 5 years","2",7,3,1,1,7,7,"True",1711,18,,1125.0,1620.0,495.0,-360.0,3105.0,"OK"
"between 35 and (excluding) 40","Professional software developer","I do not study","more than 5 years","4",2,2,1,1,2,2,"True",1417,18,,1417.0,1801.0,384.0,265.0,2953.0,"OK"
"between 35 and (excluding) 40","Professional software developer","I do not study","more than 5 years","8",3,1,1,1,4,4,"True",1618,18,,1438.0,1554.0,116.0,1090.0,1902.0,"OK"
"between 35 and (excluding) 40","Professional software developer","I do not study","more than 5 years","8",5,1,1,1,2,2,"True",1327,18,,1327.0,1445.0,118.0,973.0,1799.0,"OK"
"between 35 and (excluding) 40","Professional software developer","I do not study","more than 5 years","Dynamic",1,3,1,1,7,7,"True",1327,18,,1034.0,1623.0,589.0,-733.0,3390.0,"OK"
"between 35 and (excluding) 40","Professional software developer","I do not study","more than 5 years","6",5,1,1,1,5,5,"True",1912,18,,1865.0,3078.0,1213.0,-1774.0,6717.0,"OK"
"between 35 and (excluding) 40","Professional software developer","I do not study","more than 5 years","Dynamic",7,3,1,1,5,5,"True",1352,18,,921.0,1352.0,431.0,-372.0,2645.0,"OK"
"between 35 and (excluding) 40","Professional software developer","I do not study","more than 5 years","4",7,3,1,1,7,7,"True",1486,18,,1327.0,1462.0,135.0,922.0,1867.0,"OK"
"between 35 and (excluding) 40","Professional software developer","I do not study","more than 5 years","2",7,3,1,1,7,7,"True",1416,18,,1125.0,1620.0,495.0,-360.0,3105.0,"OK"
"between 35 and (excluding) 40","Professional software developer","I do not study","more than 5 years","6",3,1,1,1,1,1,"True",1642,18,,1642.0,2091.0,449.0,295.0,3438.0,"OK"
"between 35 and (excluding) 40","Professional software developer","I do not study","more than 5 years","4",3,1,1,1,7,7,"True",2248,18,,2115.0,2248.0,133.0,1716.0,2647.0,"OK"
"between 35 and (excluding) 40","Professional software developer","I do not study","more than 5 years","4",3,1,1,1,3,3,"True",1507,18,,2115.0,2248.0,133.0,1716.0,2647.0,"Outlier"
"between 35 and (excluding) 40","Professional software developer","I do not study","more than 5 years","8",2,2,1,1,5,5,"True",2092,18,,1328.0,1866.0,538.0,-286.0,3480.0,"OK"
"between 35 and (excluding) 40","Professional software developer","I do not study","more than 5 years","Dynamic",2,2,1,1,7,7,"True",1351,18,,1328.0,1488.0,160.0,848.0,1968.0,"OK"
"between 35 and (excluding) 40","Professional software developer","I do not study","more than 5 years","4",2,2,1,1,1,1,"True",1418,18,,1417.0,1801.0,384.0,265.0,2953.0,"OK"
"between 35 and (excluding) 40","Professional software developer","I do not study","more than 5 years","10",1,3,1,1,7,7,"True",1507,18,,1507.0,1977.0,470.0,97.0,3387.0,"OK"
"between 35 and (excluding) 40","Professional software developer","I do not study","more than 5 years","Dynamic",6,2,1,1,7,7,"True",1505,18,,1305.0,1505.0,200.0,705.0,2105.0,"OK"
"between 35 and (excluding) 40","Professional software developer","I do not study","more than 5 years","8",4,0,1,1,1,1,"True",1440,18,,1260.0,1440.0,180.0,720.0,1980.0,"OK"
"between 35 and (excluding) 40","Professional software developer","I do not study","more than 5 years","8",4,0,1,1,3,3,"True",1214,18,,1260.0,1440.0,180.0,720.0,1980.0,"OK"
"between 35 and (excluding) 40","Professional software developer","I do not study","more than 5 years","10",3,1,1,1,5,5,"True",1710,18,,1328.0,1822.0,494.0,-154.0,3304.0,"OK"
"between 35 and (excluding) 40","Professional software developer","I do not study","more than 5 years","Dynamic",4,0,1,1,3,3,"True",1369,18,,1059.0,1463.0,404.0,-153.0,2675.0,"OK"
"between 35 and (excluding) 40","Professional software developer","I do not study","more than 5 years","2",7,3,1,1,6,6,"True",1620,18,,1125.0,1620.0,495.0,-360.0,3105.0,"OK"
"between 35 and (excluding) 40","Professional software developer","I do not study","more than 5 years","8",7,3,1,1,1,1,"True",947,18,,1034.0,1234.0,200.0,434.0,1834.0,"OK"
"between 35 and (excluding) 40","Professional software developer","I do not study","more than 5 years","2",4,0,1,1,5,5,"True",4028,18,,3167.0,4840.0,1673.0,-1852.0,9859.0,"OK"
"between 35 and (excluding) 40","Professional software developer","I do not study","more than 5 years","Dynamic",5,1,1,1,3,3,"True",1331,18,,1081.0,1233.0,152.0,625.0,1689.0,"OK"
"between 35 and (excluding) 40","Professional software developer","I do not study","more than 5 years","Dynamic",7,3,1,1,3,3,"True",1031,18,,921.0,1352.0,431.0,-372.0,2645.0,"OK"
"between 35 and (excluding) 40","Professional software developer","I do not study","more than 5 years","Dynamic",7,3,1,1,1,1,"True",921,18,,921.0,1352.0,431.0,-372.0,2645.0,"OK"
"between 35 and (excluding) 40","Professional software developer","I do not study","more than 5 years","Dynamic",7,3,1,1,2,2,"True",877,18,,921.0,1352.0,431.0,-372.0,2645.0,"OK"
"between 35 and (excluding) 40","Professional software developer","I do not study","more than 5 years","6",3,1,1,1,5,5,"True",2159,18,,1642.0,2091.0,449.0,295.0,3438.0,"OK"
"between 35 and (excluding) 40","Professional software developer","I do not study","more than 5 years","10",7,3,1,1,6,6,"True",1464,18,,1373.0,1464.0,91.0,1100.0,1737.0,"OK"
"between 35 and (excluding) 40","Professional software developer","I do not study","more than 5 years","4",1,3,1,1,6,6,"True",1709,18,,1481.0,1709.0,228.0,797.0,2393.0,"OK"
"between 35 and (excluding) 40","Professional software developer","I do not study","more than 5 years","6",2,2,1,1,1,1,"True",1144,18,,1753.0,1888.0,135.0,1348.0,2293.0,"Outlier"
"between 35 and (excluding) 40","Professional software developer","I do not study","more than 5 years","6",6,2,1,1,5,5,"True",2365,18,,1438.0,2319.0,881.0,-1205.0,4962.0,"OK"
"between 35 and (excluding) 40","Professional software developer","I do not study","more than 5 years","4",2,2,1,1,3,3,"True",1283,18,,1417.0,1801.0,384.0,265.0,2953.0,"OK"
"between 35 and (excluding) 40","Professional software developer","I do not study","more than 5 years","10",5,1,1,1,4,4,"True",1548,18,,1597.0,1979.0,382.0,451.0,3125.0,"OK"
"between 35 and (excluding) 40","Professional software developer","I do not study","more than 5 years","8",4,0,1,1,5,5,"True",1260,18,,1260.0,1440.0,180.0,720.0,1980.0,"OK"
"between 35 and (excluding) 40","Professional software developer","I do not study","more than 5 years","10",3,1,1,1,4,4,"True",1822,18,,1328.0,1822.0,494.0,-154.0,3304.0,"OK"
"between 35 and (excluding) 40","Professional software developer","I do not study","more than 5 years","10",2,2,1,1,7,7,"True",1759,18,,1668.0,1754.0,86.0,1410.0,2012.0,"OK"
"between 35 and (excluding) 40","Professional software developer","I do not study","more than 5 years","8",2,2,1,1,1,1,"True",1080,18,,1328.0,1866.0,538.0,-286.0,3480.0,"OK"
"between 35 and (excluding) 40","Professional software developer","I do not study","more than 5 years","Dynamic",7,3,1,1,7,7,"True",1486,18,,921.0,1352.0,431.0,-372.0,2645.0,"OK"
"between 35 and (excluding) 40","Professional software developer","I do not study","more than 5 years","6",7,3,1,1,1,1,"True",992,18,,1326.0,1598.0,272.0,510.0,2414.0,"OK"
"between 35 and (excluding) 40","Professional software developer","I do not study","more than 5 years","2",7,3,1,1,3,3,"True",1125,18,,1125.0,1620.0,495.0,-360.0,3105.0,"OK"
"between 35 and (excluding) 40","Professional software developer","I do not study","more than 5 years","Dynamic",4,0,1,1,5,5,"True",1463,18,,1059.0,1463.0,404.0,-153.0,2675.0,"OK"
"between 35 and (excluding) 40","Professional software developer","I do not study","more than 5 years","Dynamic",5,1,1,1,1,1,"True",1081,18,,1081.0,1233.0,152.0,625.0,1689.0,"OK"
"between 35 and (excluding) 40","Professional software developer","I do not study","more than 5 years","Dynamic",3,1,1,1,2,2,"True",927,18,,1057.0,1573.0,516.0,-491.0,3121.0,"OK"
"between 35 and (excluding) 40","Professional software developer","I do not study","more than 5 years","2",2,2,1,1,5,5,"True",1734,18,,1734.0,1970.0,236.0,1026.0,2678.0,"OK"
"between 35 and (excluding) 40","Professional software developer","I do not study","more than 5 years","6",1,3,1,1,2,2,"True",1712,18,,1511.0,1666.0,155.0,1046.0,2131.0,"OK"
"between 35 and (excluding) 40","Professional software developer","I do not study","more than 5 years","Dynamic",1,3,1,1,1,1,"True",923,18,,1034.0,1623.0,589.0,-733.0,3390.0,"OK"
"between 35 and (excluding) 40","Professional software developer","I do not study","more than 5 years","Dynamic",3,1,1,1,4,4,"True",1573,18,,1057.0,1573.0,516.0,-491.0,3121.0,"OK"
"between 35 and (excluding) 40","Professional software developer","I do not study","more than 5 years","10",4,0,1,1,2,2,"True",1665,18,,1505.0,1757.0,252.0,749.0,2513.0,"OK"
"between 35 and (excluding) 40","Professional software developer","I do not study","more than 5 years","Dynamic",4,0,1,1,3,3,"True",1033,18,,1059.0,1463.0,404.0,-153.0,2675.0,"OK"
"between 35 and (excluding) 40","Professional software developer","I do not study","more than 5 years","2",1,3,1,1,2,2,"True",1532,18,,1532.0,1799.0,267.0,731.0,2600.0,"OK"
"between 35 and (excluding) 40","Professional software developer","I do not study","more than 5 years","6",4,0,1,1,2,2,"True",1618,18,,1780.0,2408.0,628.0,-104.0,4292.0,"OK"
"between 35 and (excluding) 40","Professional software developer","I do not study","more than 5 years","8",6,2,1,1,7,7,"True",1958,18,,1644.0,1958.0,314.0,702.0,2900.0,"OK"
"between 35 and (excluding) 40","Professional software developer","I do not study","more than 5 years","2",5,1,1,1,4,4,"True",3308,18,,2453.0,3308.0,855.0,-112.0,5873.0,"OK"
"between 35 and (excluding) 40","Professional software developer","I do not study","more than 5 years","6",6,2,1,1,2,2,"True",1438,18,,1438.0,2319.0,881.0,-1205.0,4962.0,"OK"
"between 35 and (excluding) 40","Professional software developer","I do not study","more than 5 years","8",2,2,1,1,2,2,"True",1328,18,,1328.0,1866.0,538.0,-286.0,3480.0,"OK"
"between 35 and (excluding) 40","Professional software developer","I do not study","more than 5 years","8",7,3,1,1,4,4,"True",1713,18,,1034.0,1234.0,200.0,434.0,1834.0,"OK"
"between 35 and (excluding) 40","Professional software developer","I do not study","more than 5 years","Dynamic",6,2,1,1,5,5,"True",1305,18,,1305.0,1505.0,200.0,705.0,2105.0,"OK"
"between 35 and (excluding) 40","Professional software developer","I do not study","more than 5 years","4",4,0,1,1,7,7,"True",4929,18,,2835.0,4929.0,2094.0,-3447.0,11211.0,"OK"
"between 35 and (excluding) 40","Professional software developer","I do not study","more than 5 years","4",2,2,1,1,2,2,"True",1889,18,,1417.0,1801.0,384.0,265.0,2953.0,"OK"
"between 35 and (excluding) 40","Professional software developer","I do not study","more than 5 years","4",5,1,1,1,1,1,"True",1645,18,,1746.0,2384.0,638.0,-168.0,4298.0,"OK"
"between 35 and (excluding) 40","Professional software developer","I do not study","more than 5 years","8",1,3,1,1,6,6,"True",1510,18,,1324.0,1508.0,184.0,772.0,2060.0,"OK"
"between 35 and (excluding) 40","Professional software developer","I do not study","more than 5 years","10",6,2,1,1,7,7,"True",1575,18,,1190.0,1667.0,477.0,-241.0,3098.0,"OK"
"between 35 and (excluding) 40","Professional software developer","I do not study","more than 5 years","10",2,2,1,1,4,4,"True",1754,18,,1668.0,1754.0,86.0,1410.0,2012.0,"OK"
"between 35 and (excluding) 40","Professional software developer","I do not study","more than 5 years","2",3,1,1,1,2,2,"True",1935,18,,1935.0,2121.0,186.0,1377.0,2679.0,"OK"
"between 35 and (excluding) 40","Professional software developer","I do not study","more than 5 years","8",1,3,1,1,4,4,"True",1508,18,,1324.0,1508.0,184.0,772.0,2060.0,"OK"
"between 35 and (excluding) 40","Professional software developer","I do not study","more than 5 years","2",3,1,1,1,7,7,"True",2362,18,,1935.0,2121.0,186.0,1377.0,2679.0,"OK"
"between 35 and (excluding) 40","Professional software developer","I do not study","more than 5 years","6",3,1,1,1,4,4,"True",2091,18,,1642.0,2091.0,449.0,295.0,3438.0,"OK"
"between 35 and (excluding) 40","Professional software developer","I do not study","more than 5 years","6",1,3,1,1,6,6,"True",1666,18,,1511.0,1666.0,155.0,1046.0,2131.0,"OK"
"between 35 and (excluding) 40","Professional software developer","I do not study","more than 5 years","6",2,2,1,1,5,5,"True",1845,18,,1753.0,1888.0,135.0,1348.0,2293.0,"OK"
"between 35 and (excluding) 40","Professional software developer","I do not study","more than 5 years","Dynamic",3,1,1,1,3,3,"True",1057,18,,1057.0,1573.0,516.0,-491.0,3121.0,"OK"
"between 35 and (excluding) 40","Professional software developer","I do not study","more than 5 years","4",1,3,1,1,3,3,"True",1481,18,,1481.0,1709.0,228.0,797.0,2393.0,"OK"
"between 35 and (excluding) 40","Professional software developer","I do not study","more than 5 years","6",3,1,1,1,4,4,"True",2000,18,,1642.0,2091.0,449.0,295.0,3438.0,"OK"
"between 35 and (excluding) 40","Professional software developer","I do not study","more than 5 years","Dynamic",1,3,1,1,7,7,"True",1800,18,,1034.0,1623.0,589.0,-733.0,3390.0,"OK"
"between 35 and (excluding) 40","Professional software developer","I do not study","more than 5 years","6",3,1,1,1,3,3,"True",1394,18,,1642.0,2091.0,449.0,295.0,3438.0,"OK"
"between 35 and (excluding) 40","Professional software developer","I do not study","more than 5 years","6",7,3,1,1,3,3,"True",1326,18,,1326.0,1598.0,272.0,510.0,2414.0,"OK"
"between 35 and (excluding) 40","Professional software developer","I do not study","more than 5 years","8",3,1,1,1,1,1,"True",1459,18,,1438.0,1554.0,116.0,1090.0,1902.0,"OK"
"between 35 and (excluding) 40","Professional software developer","I do not study","more than 5 years","4",2,2,1,1,4,4,"True",1801,18,,1417.0,1801.0,384.0,265.0,2953.0,"OK"
"between 35 and (excluding) 40","Professional software developer","I do not study","more than 5 years","8",6,2,1,1,3,3,"True",1417,18,,1644.0,1958.0,314.0,702.0,2900.0,"OK"
"between 35 and (excluding) 40","Professional software developer","I do not study","more than 5 years","4",7,3,1,1,6,6,"True",1462,18,,1327.0,1462.0,135.0,922.0,1867.0,"OK"
"between 35 and (excluding) 40","Professional software developer","I do not study","more than 5 years","Dynamic",5,1,1,1,1,1,"True",1103,18,,1081.0,1233.0,152.0,625.0,1689.0,"OK"
"between 35 and (excluding) 40","Professional software developer","I do not study","more than 5 years","6",5,1,1,1,4,4,"True",3078,18,,1865.0,3078.0,1213.0,-1774.0,6717.0,"OK"
"between 35 and (excluding) 40","Professional software developer","I do not study","more than 5 years","8",2,2,1,1,5,5,"True",1485,18,,1328.0,1866.0,538.0,-286.0,3480.0,"OK"
"between 35 and (excluding) 40","Professional software developer","I do not study","more than 5 years","6",4,0,1,1,4,4,"True",1780,18,,1780.0,2408.0,628.0,-104.0,4292.0,"OK"
"between 25 and (excluding) 30","Graduate student (at least BSc finished)","I do not study","less than or equal 1 year","4",4,0,1,1,1,1,"True",3479,19,,2109.0,3479.0,1370.0,-2001.0,7589.0,"OK"
"between 25 and (excluding) 30","Graduate student (at least BSc finished)","I do not study","less than or equal 1 year","4",7,3,1,1,3,3,"True",1043,19,,1043.0,1214.0,171.0,530.0,1727.0,"OK"
"between 25 and (excluding) 30","Graduate student (at least BSc finished)","I do not study","less than or equal 1 year","2",7,3,1,1,2,2,"True",1165,19,,1165.0,1328.0,163.0,676.0,1817.0,"OK"
"between 25 and (excluding) 30","Graduate student (at least BSc finished)","I do not study","less than or equal 1 year","2",4,0,1,1,2,2,"True",2574,19,,3298.0,3546.0,248.0,2554.0,4290.0,"OK"
"between 25 and (excluding) 30","Graduate student (at least BSc finished)","I do not study","less than or equal 1 year","8",4,0,1,1,5,5,"True",3001,19,,1436.0,3001.0,1565.0,-3259.0,7696.0,"OK"
"between 25 and (excluding) 30","Graduate student (at least BSc finished)","I do not study","less than or equal 1 year","10",1,3,1,1,3,3,"True",1095,19,,1245.0,1397.0,152.0,789.0,1853.0,"OK"
"between 25 and (excluding) 30","Graduate student (at least BSc finished)","I do not study","less than or equal 1 year","8",5,1,1,1,3,3,"True",1948,19,,1828.0,2689.0,861.0,-755.0,5272.0,"OK"
"between 25 and (excluding) 30","Graduate student (at least BSc finished)","I do not study","less than or equal 1 year","4",5,1,1,1,1,1,"True",2023,19,,1581.0,2194.0,613.0,-258.0,4033.0,"OK"
"between 25 and (excluding) 30","Graduate student (at least BSc finished)","I do not study","less than or equal 1 year","10",1,3,1,1,7,7,"True",1397,19,,1245.0,1397.0,152.0,789.0,1853.0,"OK"
"between 25 and (excluding) 30","Graduate student (at least BSc finished)","I do not study","less than or equal 1 year","2",2,2,1,1,5,5,"True",1764,19,,1596.0,1764.0,168.0,1092.0,2268.0,"OK"
"between 25 and (excluding) 30","Graduate student (at least BSc finished)","I do not study","less than or equal 1 year","4",6,2,1,1,5,5,"True",1636,19,,1347.0,1790.0,443.0,18.0,3119.0,"OK"
"between 25 and (excluding) 30","Graduate student (at least BSc finished)","I do not study","less than or equal 1 year","2",6,2,1,1,6,6,"True",1373,19,,1375.0,1706.0,331.0,382.0,2699.0,"OK"
"between 25 and (excluding) 30","Graduate student (at least BSc finished)","I do not study","less than or equal 1 year","6",5,1,1,1,3,3,"True",1913,19,,1594.0,2370.0,776.0,-734.0,4698.0,"OK"
"between 25 and (excluding) 30","Graduate student (at least BSc finished)","I do not study","less than or equal 1 year","10",2,2,1,1,6,6,"True",1437,19,,1281.0,1648.0,367.0,180.0,2749.0,"OK"
"between 25 and (excluding) 30","Graduate student (at least BSc finished)","I do not study","less than or equal 1 year","Dynamic",2,2,1,1,7,7,"True",1108,19,,978.0,1108.0,130.0,588.0,1498.0,"OK"
"between 25 and (excluding) 30","Graduate student (at least BSc finished)","I do not study","less than or equal 1 year","2",6,2,1,1,6,6,"True",1375,19,,1375.0,1706.0,331.0,382.0,2699.0,"OK"
"between 25 and (excluding) 30","Graduate student (at least BSc finished)","I do not study","less than or equal 1 year","4",4,0,1,1,6,6,"True",2112,19,,2109.0,3479.0,1370.0,-2001.0,7589.0,"OK"
"between 25 and (excluding) 30","Graduate student (at least BSc finished)","I do not study","less than or equal 1 year","2",5,1,1,1,2,2,"True",2692,19,,1930.0,2327.0,397.0,739.0,3518.0,"OK"
"between 25 and (excluding) 30","Graduate student (at least BSc finished)","I do not study","less than or equal 1 year","2",4,0,1,1,7,7,"True",4593,19,,3298.0,3546.0,248.0,2554.0,4290.0,"Outlier"
"between 25 and (excluding) 30","Graduate student (at least BSc finished)","I do not study","less than or equal 1 year","6",7,3,1,1,7,7,"True",1515,19,,1092.0,1476.0,384.0,-60.0,2628.0,"OK"
"between 25 and (excluding) 30","Graduate student (at least BSc finished)","I do not study","less than or equal 1 year","6",6,2,1,1,2,2,"True",1415,19,,1247.0,1609.0,362.0,161.0,2695.0,"OK"
"between 25 and (excluding) 30","Graduate student (at least BSc finished)","I do not study","less than or equal 1 year","10",4,0,0,1,1,5,"False",2375,19,,1335.0,2375.0,1040.0,-1785.0,5495.0,"OK"
"between 25 and (excluding) 30","Graduate student (at least BSc finished)","I do not study","less than or equal 1 year","10",1,3,1,1,4,4,"True",1497,19,,1245.0,1397.0,152.0,789.0,1853.0,"OK"
"between 25 and (excluding) 30","Graduate student (at least BSc finished)","I do not study","less than or equal 1 year","2",4,0,1,1,1,1,"True",3546,19,,3298.0,3546.0,248.0,2554.0,4290.0,"OK"
"between 25 and (excluding) 30","Graduate student (at least BSc finished)","I do not study","less than or equal 1 year","6",4,0,1,1,3,3,"True",3826,19,,1641.0,3494.0,1853.0,-3918.0,9053.0,"OK"
"between 25 and (excluding) 30","Graduate student (at least BSc finished)","I do not study","less than or equal 1 year","4",4,0,1,1,2,2,"True",2109,19,,2109.0,3479.0,1370.0,-2001.0,7589.0,"OK"
"between 25 and (excluding) 30","Graduate student (at least BSc finished)","I do not study","less than or equal 1 year","6",6,2,1,1,6,6,"True",1859,19,,1247.0,1609.0,362.0,161.0,2695.0,"OK"
"between 25 and (excluding) 30","Graduate student (at least BSc finished)","I do not study","less than or equal 1 year","Dynamic",1,3,1,1,1,1,"True",947,19,,1008.0,1219.0,211.0,375.0,1852.0,"OK"
"between 25 and (excluding) 30","Graduate student (at least BSc finished)","I do not study","less than or equal 1 year","4",6,2,1,1,1,1,"True",1347,19,,1347.0,1790.0,443.0,18.0,3119.0,"OK"
"between 25 and (excluding) 30","Graduate student (at least BSc finished)","I do not study","less than or equal 1 year","10",3,1,1,1,6,6,"True",3715,19,,1316.0,1370.0,54.0,1154.0,1532.0,"Outlier"
"between 25 and (excluding) 30","Graduate student (at least BSc finished)","I do not study","less than or equal 1 year","8",5,1,0,1,3,1,"False",1828,19,,1828.0,2689.0,861.0,-755.0,5272.0,"OK"
"between 25 and (excluding) 30","Graduate student (at least BSc finished)","I do not study","less than or equal 1 year","8",1,3,1,1,2,2,"True",1048,19,,1078.0,1165.0,87.0,817.0,1426.0,"OK"
"between 25 and (excluding) 30","Graduate student (at least BSc finished)","I do not study","less than or equal 1 year","10",5,1,1,1,7,7,"True",2921,19,,1167.0,2322.0,1155.0,-2298.0,5787.0,"OK"
"between 25 and (excluding) 30","Graduate student (at least BSc finished)","I do not study","less than or equal 1 year","Dynamic",6,2,1,1,5,5,"True",1600,19,,1158.0,1404.0,246.0,420.0,2142.0,"OK"
"between 25 and (excluding) 30","Graduate student (at least BSc finished)","I do not study","less than or equal 1 year","6",4,0,0,1,1,5,"False",3494,19,,1641.0,3494.0,1853.0,-3918.0,9053.0,"OK"
"between 25 and (excluding) 30","Graduate student (at least BSc finished)","I do not study","less than or equal 1 year","10",5,1,1,1,4,4,"True",2063,19,,1167.0,2322.0,1155.0,-2298.0,5787.0,"OK"
"between 25 and (excluding) 30","Graduate student (at least BSc finished)","I do not study","less than or equal 1 year","2",4,0,1,1,1,1,"True",3298,19,,3298.0,3546.0,248.0,2554.0,4290.0,"OK"
"between 25 and (excluding) 30","Graduate student (at least BSc finished)","I do not study","less than or equal 1 year","10",5,1,1,1,6,6,"True",2322,19,,1167.0,2322.0,1155.0,-2298.0,5787.0,"OK"
"between 25 and (excluding) 30","Graduate student (at least BSc finished)","I do not study","less than or equal 1 year","Dynamic",1,3,1,1,5,5,"True",1219,19,,1008.0,1219.0,211.0,375.0,1852.0,"OK"
"between 25 and (excluding) 30","Graduate student (at least BSc finished)","I do not study","less than or equal 1 year","2",6,2,1,1,5,5,"True",1706,19,,1375.0,1706.0,331.0,382.0,2699.0,"OK"
"between 25 and (excluding) 30","Graduate student (at least BSc finished)","I do not study","less than or equal 1 year","2",6,2,1,1,4,4,"True",1511,19,,1375.0,1706.0,331.0,382.0,2699.0,"OK"
"between 25 and (excluding) 30","Graduate student (at least BSc finished)","I do not study","less than or equal 1 year","6",2,2,1,1,6,6,"True",1476,19,,1476.0,1545.0,69.0,1269.0,1752.0,"OK"
"between 25 and (excluding) 30","Graduate student (at least BSc finished)","I do not study","less than or equal 1 year","Dynamic",4,0,1,1,2,2,"True",1495,19,,1083.0,1419.0,336.0,75.0,2427.0,"OK"
"between 25 and (excluding) 30","Graduate student (at least BSc finished)","I do not study","less than or equal 1 year","2",1,3,1,1,5,5,"True",1533,19,,1351.0,1486.0,135.0,946.0,1891.0,"OK"
"between 25 and (excluding) 30","Graduate student (at least BSc finished)","I do not study","less than or equal 1 year","6",7,3,1,1,6,6,"True",1476,19,,1092.0,1476.0,384.0,-60.0,2628.0,"OK"
"between 25 and (excluding) 30","Graduate student (at least BSc finished)","I do not study","less than or equal 1 year","10",1,3,1,1,5,5,"True",1249,19,,1245.0,1397.0,152.0,789.0,1853.0,"OK"
"between 25 and (excluding) 30","Graduate student (at least BSc finished)","I do not study","less than or equal 1 year","4",3,1,1,1,5,5,"True",1680,19,,1582.0,1680.0,98.0,1288.0,1974.0,"OK"
"between 25 and (excluding) 30","Graduate student (at least BSc finished)","I do not study","less than or equal 1 year","6",1,3,1,1,3,3,"True",1272,19,,1236.0,1272.0,36.0,1128.0,1380.0,"OK"
"between 25 and (excluding) 30","Graduate student (at least BSc finished)","I do not study","less than or equal 1 year","8",5,1,1,1,2,2,"True",3192,19,,1828.0,2689.0,861.0,-755.0,5272.0,"OK"
"between 25 and (excluding) 30","Graduate student (at least BSc finished)","I do not study","less than or equal 1 year","6",2,2,1,1,7,7,"True",1545,19,,1476.0,1545.0,69.0,1269.0,1752.0,"OK"
"between 25 and (excluding) 30","Graduate student (at least BSc finished)","I do not study","less than or equal 1 year","8",3,1,1,1,2,2,"True",2487,19,,1290.0,1508.0,218.0,636.0,2162.0,"Outlier"
"between 25 and (excluding) 30","Graduate student (at least BSc finished)","I do not study","less than or equal 1 year","8",4,0,0,1,2,4,"False",4246,19,,1436.0,3001.0,1565.0,-3259.0,7696.0,"OK"
"between 25 and (excluding) 30","Graduate student (at least BSc finished)","I do not study","less than or equal 1 year","8",1,3,1,1,1,1,"True",1078,19,,1078.0,1165.0,87.0,817.0,1426.0,"OK"
"between 25 and (excluding) 30","Graduate student (at least BSc finished)","I do not study","less than or equal 1 year","8",6,2,1,1,4,4,"True",1588,19,,1172.0,1588.0,416.0,-76.0,2836.0,"OK"
"between 25 and (excluding) 30","Graduate student (at least BSc finished)","I do not study","less than or equal 1 year","8",7,3,1,1,3,3,"True",1296,19,,1030.0,1240.0,210.0,400.0,1870.0,"OK"
"between 25 and (excluding) 30","Graduate student (at least BSc finished)","I do not study","less than or equal 1 year","8",5,1,1,1,1,1,"True",2689,19,,1828.0,2689.0,861.0,-755.0,5272.0,"OK"
"between 25 and (excluding) 30","Graduate student (at least BSc finished)","I do not study","less than or equal 1 year","4",6,2,1,1,3,3,"True",1950,19,,1347.0,1790.0,443.0,18.0,3119.0,"OK"
"between 25 and (excluding) 30","Graduate student (at least BSc finished)","I do not study","less than or equal 1 year","10",3,1,1,1,1,1,"True",1316,19,,1316.0,1370.0,54.0,1154.0,1532.0,"OK"
"between 25 and (excluding) 30","Graduate student (at least BSc finished)","I do not study","less than or equal 1 year","10",6,2,1,1,1,1,"True",1172,19,,1172.0,1562.0,390.0,2.0,2732.0,"OK"
"between 25 and (excluding) 30","Graduate student (at least BSc finished)","I do not study","less than or equal 1 year","10",7,3,1,1,1,1,"True",949,19,,1007.0,1175.0,168.0,503.0,1679.0,"OK"
"between 25 and (excluding) 30","Graduate student (at least BSc finished)","I do not study","less than or equal 1 year","10",6,2,1,1,7,7,"True",1562,19,,1172.0,1562.0,390.0,2.0,2732.0,"OK"
"between 25 and (excluding) 30","Graduate student (at least BSc finished)","I do not study","less than or equal 1 year","8",6,2,1,1,1,1,"True",1172,19,,1172.0,1588.0,416.0,-76.0,2836.0,"OK"
"between 25 and (excluding) 30","Graduate student (at least BSc finished)","I do not study","less than or equal 1 year","2",1,3,1,1,2,2,"True",1442,19,,1351.0,1486.0,135.0,946.0,1891.0,"OK"
"between 25 and (excluding) 30","Graduate student (at least BSc finished)","I do not study","less than or equal 1 year","4",4,0,1,1,7,7,"True",4292,19,,2109.0,3479.0,1370.0,-2001.0,7589.0,"OK"
"between 25 and (excluding) 30","Graduate student (at least BSc finished)","I do not study","less than or equal 1 year","2",1,3,1,1,6,6,"True",1486,19,,1351.0,1486.0,135.0,946.0,1891.0,"OK"
"between 25 and (excluding) 30","Graduate student (at least BSc finished)","I do not study","less than or equal 1 year","8",3,1,1,1,3,3,"True",1290,19,,1290.0,1508.0,218.0,636.0,2162.0,"OK"
"between 25 and (excluding) 30","Graduate student (at least BSc finished)","I do not study","less than or equal 1 year","8",3,1,1,1,1,1,"True",1153,19,,1290.0,1508.0,218.0,636.0,2162.0,"OK"
"between 25 and (excluding) 30","Graduate student (at least BSc finished)","I do not study","less than or equal 1 year","10",7,3,1,1,4,4,"True",1082,19,,1007.0,1175.0,168.0,503.0,1679.0,"OK"
"between 25 and (excluding) 30","Graduate student (at least BSc finished)","I do not study","less than or equal 1 year","2",2,2,1,1,7,7,"True",1858,19,,1596.0,1764.0,168.0,1092.0,2268.0,"OK"
"between 25 and (excluding) 30","Graduate student (at least BSc finished)","I do not study","less than or equal 1 year","2",3,1,1,1,3,3,"True",1981,19,,1661.0,1981.0,320.0,701.0,2941.0,"OK"
"between 25 and (excluding) 30","Graduate student (at least BSc finished)","I do not study","less than or equal 1 year","10",4,0,1,1,3,3,"True",1292,19,,1335.0,2375.0,1040.0,-1785.0,5495.0,"OK"
"between 25 and (excluding) 30","Graduate student (at least BSc finished)","I do not study","less than or equal 1 year","6",6,2,1,1,3,3,"True",1247,19,,1247.0,1609.0,362.0,161.0,2695.0,"OK"
"between 25 and (excluding) 30","Graduate student (at least BSc finished)","I do not study","less than or equal 1 year","8",6,2,1,1,5,5,"True",1072,19,,1172.0,1588.0,416.0,-76.0,2836.0,"OK"
"between 25 and (excluding) 30","Graduate student (at least BSc finished)","I do not study","less than or equal 1 year","4",6,2,1,1,5,5,"True",1017,19,,1347.0,1790.0,443.0,18.0,3119.0,"OK"
"between 25 and (excluding) 30","Graduate student (at least BSc finished)","I do not study","less than or equal 1 year","4",3,1,1,1,1,1,"True",1582,19,,1582.0,1680.0,98.0,1288.0,1974.0,"OK"
"between 25 and (excluding) 30","Graduate student (at least BSc finished)","I do not study","less than or equal 1 year","2",5,1,1,1,4,4,"True",2327,19,,1930.0,2327.0,397.0,739.0,3518.0,"OK"
"between 25 and (excluding) 30","Graduate student (at least BSc finished)","I do not study","less than or equal 1 year","4",1,3,1,1,5,5,"True",1319,19,,1337.0,1445.0,108.0,1013.0,1769.0,"OK"
"between 25 and (excluding) 30","Graduate student (at least BSc finished)","I do not study","less than or equal 1 year","4",1,3,1,1,6,6,"True",1337,19,,1337.0,1445.0,108.0,1013.0,1769.0,"OK"
"between 25 and (excluding) 30","Graduate student (at least BSc finished)","I do not study","less than or equal 1 year","10",2,2,1,1,3,3,"True",1648,19,,1281.0,1648.0,367.0,180.0,2749.0,"OK"
"between 25 and (excluding) 30","Graduate student (at least BSc finished)","I do not study","less than or equal 1 year","10",4,0,1,1,5,5,"True",2796,19,,1335.0,2375.0,1040.0,-1785.0,5495.0,"OK"
"between 25 and (excluding) 30","Graduate student (at least BSc finished)","I do not study","less than or equal 1 year","6",2,2,1,1,6,6,"True",1528,19,,1476.0,1545.0,69.0,1269.0,1752.0,"OK"
"between 25 and (excluding) 30","Graduate student (at least BSc finished)","I do not study","less than or equal 1 year","Dynamic",2,2,1,1,3,3,"True",978,19,,978.0,1108.0,130.0,588.0,1498.0,"OK"
"between 25 and (excluding) 30","Graduate student (at least BSc finished)","I do not study","less than or equal 1 year","4",5,1,1,1,4,4,"True",2194,19,,1581.0,2194.0,613.0,-258.0,4033.0,"OK"
"between 25 and (excluding) 30","Graduate student (at least BSc finished)","I do not study","less than or equal 1 year","10",6,2,1,1,4,4,"True",1244,19,,1172.0,1562.0,390.0,2.0,2732.0,"OK"
"between 25 and (excluding) 30","Graduate student (at least BSc finished)","I do not study","less than or equal 1 year","6",5,1,1,1,1,1,"True",2370,19,,1594.0,2370.0,776.0,-734.0,4698.0,"OK"
"between 25 and (excluding) 30","Graduate student (at least BSc finished)","I do not study","less than or equal 1 year","2",2,2,1,1,1,1,"True",1476,19,,1596.0,1764.0,168.0,1092.0,2268.0,"OK"
"between 25 and (excluding) 30","Graduate student (at least BSc finished)","I do not study","less than or equal 1 year","2",1,3,1,1,5,5,"True",1351,19,,1351.0,1486.0,135.0,946.0,1891.0,"OK"
"between 25 and (excluding) 30","Graduate student (at least BSc finished)","I do not study","less than or equal 1 year","6",5,1,1,1,6,6,"True",2634,19,,1594.0,2370.0,776.0,-734.0,4698.0,"OK"
"between 25 and (excluding) 30","Graduate student (at least BSc finished)","I do not study","less than or equal 1 year","10",4,0,1,1,1,1,"True",1335,19,,1335.0,2375.0,1040.0,-1785.0,5495.0,"OK"
"between 25 and (excluding) 30","Graduate student (at least BSc finished)","I do not study","less than or equal 1 year","4",7,3,1,1,1,1,"True",871,19,,1043.0,1214.0,171.0,530.0,1727.0,"OK"
"between 25 and (excluding) 30","Graduate student (at least BSc finished)","I do not study","less than or equal 1 year","Dynamic",6,2,1,1,2,2,"True",890,19,,1158.0,1404.0,246.0,420.0,2142.0,"OK"
"between 25 and (excluding) 30","Graduate student (at least BSc finished)","I do not study","less than or equal 1 year","2",6,2,1,1,2,2,"True",1808,19,,1375.0,1706.0,331.0,382.0,2699.0,"OK"
"between 25 and (excluding) 30","Graduate student (at least BSc finished)","I do not study","less than or equal 1 year","Dynamic",5,1,1,1,2,2,"True",1337,19,,1075.0,1337.0,262.0,289.0,2123.0,"OK"
"between 25 and (excluding) 30","Graduate student (at least BSc finished)","I do not study","less than or equal 1 year","10",5,1,1,1,3,3,"True",1133,19,,1167.0,2322.0,1155.0,-2298.0,5787.0,"OK"
"between 25 and (excluding) 30","Graduate student (at least BSc finished)","I do not study","less than or equal 1 year","Dynamic",4,0,1,1,2,2,"True",901,19,,1083.0,1419.0,336.0,75.0,2427.0,"OK"
"between 25 and (excluding) 30","Graduate student (at least BSc finished)","I do not study","less than or equal 1 year","6",1,3,1,1,2,2,"True",1103,19,,1236.0,1272.0,36.0,1128.0,1380.0,"Outlier"
"between 25 and (excluding) 30","Graduate student (at least BSc finished)","I do not study","less than or equal 1 year","6",7,3,1,1,5,5,"True",1092,19,,1092.0,1476.0,384.0,-60.0,2628.0,"OK"
"between 25 and (excluding) 30","Graduate student (at least BSc finished)","I do not study","less than or equal 1 year","10",7,3,1,1,4,4,"True",1007,19,,1007.0,1175.0,168.0,503.0,1679.0,"OK"
"between 25 and (excluding) 30","Graduate student (at least BSc finished)","I do not study","less than or equal 1 year","10",2,2,1,1,4,4,"True",1281,19,,1281.0,1648.0,367.0,180.0,2749.0,"OK"
"between 25 and (excluding) 30","Graduate student (at least BSc finished)","I do not study","less than or equal 1 year","4",1,3,1,1,2,2,"True",1411,19,,1337.0,1445.0,108.0,1013.0,1769.0,"OK"
"between 25 and (excluding) 30","Graduate student (at least BSc finished)","I do not study","less than or equal 1 year","2",3,1,1,1,2,2,"True",2071,19,,1661.0,1981.0,320.0,701.0,2941.0,"OK"
"between 25 and (excluding) 30","Graduate student (at least BSc finished)","I do not study","less than or equal 1 year","6",4,0,1,1,5,5,"True",1690,19,,1641.0,3494.0,1853.0,-3918.0,9053.0,"OK"
"between 25 and (excluding) 30","Graduate student (at least BSc finished)","I do not study","less than or equal 1 year","4",6,2,1,1,2,2,"True",1790,19,,1347.0,1790.0,443.0,18.0,3119.0,"OK"
"between 25 and (excluding) 30","Graduate student (at least BSc finished)","I do not study","less than or equal 1 year","10",3,1,1,1,1,1,"True",990,19,,1316.0,1370.0,54.0,1154.0,1532.0,"Outlier"
"between 25 and (excluding) 30","Graduate student (at least BSc finished)","I do not study","less than or equal 1 year","Dynamic",2,2,1,1,3,3,"True",996,19,,978.0,1108.0,130.0,588.0,1498.0,"OK"
"between 25 and (excluding) 30","Graduate student (at least BSc finished)","I do not study","less than or equal 1 year","2",5,1,1,1,7,7,"True",1930,19,,1930.0,2327.0,397.0,739.0,3518.0,"OK"
"between 25 and (excluding) 30","Graduate student (at least BSc finished)","I do not study","less than or equal 1 year","Dynamic",2,2,1,1,3,3,"True",977,19,,978.0,1108.0,130.0,588.0,1498.0,"OK"
"between 25 and (excluding) 30","Graduate student (at least BSc finished)","I do not study","less than or equal 1 year","Dynamic",6,2,1,1,7,7,"True",1404,19,,1158.0,1404.0,246.0,420.0,2142.0,"OK"
"between 25 and (excluding) 30","Graduate student (at least BSc finished)","I do not study","less than or equal 1 year","2",3,1,1,1,4,4,"True",1404,19,,1661.0,1981.0,320.0,701.0,2941.0,"OK"
"between 25 and (excluding) 30","Graduate student (at least BSc finished)","I do not study","less than or equal 1 year","Dynamic",3,1,1,1,4,4,"True",1010,19,,1010.0,1124.0,114.0,668.0,1466.0,"OK"
"between 25 and (excluding) 30","Graduate student (at least BSc finished)","I do not study","less than or equal 1 year","4",7,3,1,1,5,5,"True",1050,19,,1043.0,1214.0,171.0,530.0,1727.0,"OK"
"between 25 and (excluding) 30","Graduate student (at least BSc finished)","I do not study","less than or equal 1 year","8",2,2,1,1,6,6,"True",1341,19,,1341.0,1448.0,107.0,1020.0,1769.0,"OK"
"between 25 and (excluding) 30","Graduate student (at least BSc finished)","I do not study","less than or equal 1 year","Dynamic",5,1,1,1,2,2,"True",1074,19,,1075.0,1337.0,262.0,289.0,2123.0,"OK"
"between 25 and (excluding) 30","Graduate student (at least BSc finished)","I do not study","less than or equal 1 year","4",5,1,1,1,7,7,"True",1581,19,,1581.0,2194.0,613.0,-258.0,4033.0,"OK"
"between 25 and (excluding) 30","Graduate student (at least BSc finished)","I do not study","less than or equal 1 year","10",6,2,1,1,2,2,"True",981,19,,1172.0,1562.0,390.0,2.0,2732.0,"OK"
"between 25 and (excluding) 30","Graduate student (at least BSc finished)","I do not study","less than or equal 1 year","4",3,1,1,1,5,5,"True",1650,19,,1582.0,1680.0,98.0,1288.0,1974.0,"OK"
"between 25 and (excluding) 30","Graduate student (at least BSc finished)","I do not study","less than or equal 1 year","6",1,3,1,1,4,4,"True",1538,19,,1236.0,1272.0,36.0,1128.0,1380.0,"Outlier"
"between 25 and (excluding) 30","Graduate student (at least BSc finished)","I do not study","less than or equal 1 year","8",7,3,1,1,1,1,"True",1030,19,,1030.0,1240.0,210.0,400.0,1870.0,"OK"
"between 25 and (excluding) 30","Graduate student (at least BSc finished)","I do not study","less than or equal 1 year","2",5,1,1,1,5,5,"True",1555,19,,1930.0,2327.0,397.0,739.0,3518.0,"OK"
"between 25 and (excluding) 30","Graduate student (at least BSc finished)","I do not study","less than or equal 1 year","4",5,1,1,1,3,3,"True",1447,19,,1581.0,2194.0,613.0,-258.0,4033.0,"OK"
"between 25 and (excluding) 30","Graduate student (at least BSc finished)","I do not study","less than or equal 1 year","2",2,2,1,1,6,6,"True",1596,19,,1596.0,1764.0,168.0,1092.0,2268.0,"OK"
"between 25 and (excluding) 30","Graduate student (at least BSc finished)","I do not study","less than or equal 1 year","8",7,3,1,1,2,2,"True",1240,19,,1030.0,1240.0,210.0,400.0,1870.0,"OK"
"between 25 and (excluding) 30","Graduate student (at least BSc finished)","I do not study","less than or equal 1 year","8",1,3,1,1,1,1,"True",1165,19,,1078.0,1165.0,87.0,817.0,1426.0,"OK"
"between 25 and (excluding) 30","Graduate student (at least BSc finished)","I do not study","less than or equal 1 year","10",7,3,1,1,7,7,"True",1316,19,,1007.0,1175.0,168.0,503.0,1679.0,"OK"
"between 25 and (excluding) 30","Graduate student (at least BSc finished)","I do not study","less than or equal 1 year","Dynamic",3,1,1,1,7,7,"True",1328,19,,1010.0,1124.0,114.0,668.0,1466.0,"OK"
"between 25 and (excluding) 30","Graduate student (at least BSc finished)","I do not study","less than or equal 1 year","2",7,3,1,1,7,7,"True",1373,19,,1165.0,1328.0,163.0,676.0,1817.0,"OK"
"between 25 and (excluding) 30","Graduate student (at least BSc finished)","I do not study","less than or equal 1 year","4",2,2,1,1,2,2,"True",5952,19,,1325.0,2100.0,775.0,-1000.0,4425.0,"Outlier"
"between 25 and (excluding) 30","Graduate student (at least BSc finished)","I do not study","less than or equal 1 year","8",3,1,1,1,4,4,"True",1319,19,,1290.0,1508.0,218.0,636.0,2162.0,"OK"
"between 25 and (excluding) 30","Graduate student (at least BSc finished)","I do not study","less than or equal 1 year","8",5,1,0,1,2,3,"False",839,19,,1828.0,2689.0,861.0,-755.0,5272.0,"OK"
"between 25 and (excluding) 30","Graduate student (at least BSc finished)","I do not study","less than or equal 1 year","Dynamic",1,3,1,1,7,7,"True",1244,19,,1008.0,1219.0,211.0,375.0,1852.0,"OK"
"between 25 and (excluding) 30","Graduate student (at least BSc finished)","I do not study","less than or equal 1 year","6",5,1,1,1,5,5,"True",1359,19,,1594.0,2370.0,776.0,-734.0,4698.0,"OK"
"between 25 and (excluding) 30","Graduate student (at least BSc finished)","I do not study","less than or equal 1 year","Dynamic",7,3,1,1,5,5,"True",1290,19,,968.0,1281.0,313.0,29.0,2220.0,"OK"
"between 25 and (excluding) 30","Graduate student (at least BSc finished)","I do not study","less than or equal 1 year","4",7,3,1,1,7,7,"True",1214,19,,1043.0,1214.0,171.0,530.0,1727.0,"OK"
"between 25 and (excluding) 30","Graduate student (at least BSc finished)","I do not study","less than or equal 1 year","2",7,3,1,1,7,7,"True",1328,19,,1165.0,1328.0,163.0,676.0,1817.0,"OK"
"between 25 and (excluding) 30","Graduate student (at least BSc finished)","I do not study","less than or equal 1 year","6",3,1,1,1,1,1,"True",3030,19,,1481.0,2129.0,648.0,-463.0,4073.0,"OK"
"between 25 and (excluding) 30","Graduate student (at least BSc finished)","I do not study","less than or equal 1 year","4",3,1,1,1,7,7,"True",1810,19,,1582.0,1680.0,98.0,1288.0,1974.0,"OK"
"between 25 and (excluding) 30","Graduate student (at least BSc finished)","I do not study","less than or equal 1 year","4",3,1,1,1,3,3,"True",1487,19,,1582.0,1680.0,98.0,1288.0,1974.0,"OK"
"between 25 and (excluding) 30","Graduate student (at least BSc finished)","I do not study","less than or equal 1 year","8",2,2,1,1,5,5,"True",1388,19,,1341.0,1448.0,107.0,1020.0,1769.0,"OK"
"between 25 and (excluding) 30","Graduate student (at least BSc finished)","I do not study","less than or equal 1 year","Dynamic",2,2,1,1,7,7,"True",1226,19,,978.0,1108.0,130.0,588.0,1498.0,"OK"
"between 25 and (excluding) 30","Graduate student (at least BSc finished)","I do not study","less than or equal 1 year","4",2,2,1,1,1,1,"True",1531,19,,1325.0,2100.0,775.0,-1000.0,4425.0,"OK"
"between 25 and (excluding) 30","Graduate student (at least BSc finished)","I do not study","less than or equal 1 year","10",1,3,1,1,7,7,"True",1245,19,,1245.0,1397.0,152.0,789.0,1853.0,"OK"
"between 25 and (excluding) 30","Graduate student (at least BSc finished)","I do not study","less than or equal 1 year","Dynamic",6,2,1,1,7,7,"True",1211,19,,1158.0,1404.0,246.0,420.0,2142.0,"OK"
"between 25 and (excluding) 30","Graduate student (at least BSc finished)","I do not study","less than or equal 1 year","8",4,0,1,1,1,1,"True",1436,19,,1436.0,3001.0,1565.0,-3259.0,7696.0,"OK"
"between 25 and (excluding) 30","Graduate student (at least BSc finished)","I do not study","less than or equal 1 year","8",4,0,1,1,3,3,"True",1366,19,,1436.0,3001.0,1565.0,-3259.0,7696.0,"OK"
"between 25 and (excluding) 30","Graduate student (at least BSc finished)","I do not study","less than or equal 1 year","10",3,1,1,1,5,5,"True",1321,19,,1316.0,1370.0,54.0,1154.0,1532.0,"OK"
"between 25 and (excluding) 30","Graduate student (at least BSc finished)","I do not study","less than or equal 1 year","Dynamic",4,0,1,1,3,3,"True",1141,19,,1083.0,1419.0,336.0,75.0,2427.0,"OK"
"between 25 and (excluding) 30","Graduate student (at least BSc finished)","I do not study","less than or equal 1 year","2",7,3,1,1,6,6,"True",1130,19,,1165.0,1328.0,163.0,676.0,1817.0,"OK"
"between 25 and (excluding) 30","Graduate student (at least BSc finished)","I do not study","less than or equal 1 year","8",7,3,1,1,1,1,"True",988,19,,1030.0,1240.0,210.0,400.0,1870.0,"OK"
"between 25 and (excluding) 30","Graduate student (at least BSc finished)","I do not study","less than or equal 1 year","2",4,0,0,1,5,4,"False",3465,19,,3298.0,3546.0,248.0,2554.0,4290.0,"OK"
"between 25 and (excluding) 30","Graduate student (at least BSc finished)","I do not study","less than or equal 1 year","Dynamic",5,1,1,1,3,3,"True",1448,19,,1075.0,1337.0,262.0,289.0,2123.0,"OK"
"between 25 and (excluding) 30","Graduate student (at least BSc finished)","I do not study","less than or equal 1 year","Dynamic",7,3,1,1,3,3,"True",968,19,,968.0,1281.0,313.0,29.0,2220.0,"OK"
"between 25 and (excluding) 30","Graduate student (at least BSc finished)","I do not study","less than or equal 1 year","Dynamic",7,3,1,1,1,1,"True",1082,19,,968.0,1281.0,313.0,29.0,2220.0,"OK"
"between 25 and (excluding) 30","Graduate student (at least BSc finished)","I do not study","less than or equal 1 year","Dynamic",7,3,1,1,2,2,"True",906,19,,968.0,1281.0,313.0,29.0,2220.0,"OK"
"between 25 and (excluding) 30","Graduate student (at least BSc finished)","I do not study","less than or equal 1 year","6",3,1,1,1,5,5,"True",1481,19,,1481.0,2129.0,648.0,-463.0,4073.0,"OK"
"between 25 and (excluding) 30","Graduate student (at least BSc finished)","I do not study","less than or equal 1 year","10",7,3,1,1,6,6,"True",1175,19,,1007.0,1175.0,168.0,503.0,1679.0,"OK"
"between 25 and (excluding) 30","Graduate student (at least BSc finished)","I do not study","less than or equal 1 year","4",1,3,1,1,6,6,"True",1445,19,,1337.0,1445.0,108.0,1013.0,1769.0,"OK"
"between 25 and (excluding) 30","Graduate student (at least BSc finished)","I do not study","less than or equal 1 year","6",2,2,1,1,1,1,"True",1140,19,,1476.0,1545.0,69.0,1269.0,1752.0,"Outlier"
"between 25 and (excluding) 30","Graduate student (at least BSc finished)","I do not study","less than or equal 1 year","6",6,2,1,1,5,5,"True",1609,19,,1247.0,1609.0,362.0,161.0,2695.0,"OK"
"between 25 and (excluding) 30","Graduate student (at least BSc finished)","I do not study","less than or equal 1 year","4",2,2,1,1,3,3,"True",1325,19,,1325.0,2100.0,775.0,-1000.0,4425.0,"OK"
"between 25 and (excluding) 30","Graduate student (at least BSc finished)","I do not study","less than or equal 1 year","10",5,1,1,1,4,4,"True",1167,19,,1167.0,2322.0,1155.0,-2298.0,5787.0,"OK"
"between 25 and (excluding) 30","Graduate student (at least BSc finished)","I do not study","less than or equal 1 year","8",4,0,1,1,5,5,"True",1579,19,,1436.0,3001.0,1565.0,-3259.0,7696.0,"OK"
"between 25 and (excluding) 30","Graduate student (at least BSc finished)","I do not study","less than or equal 1 year","10",3,1,1,1,4,4,"True",1370,19,,1316.0,1370.0,54.0,1154.0,1532.0,"OK"
"between 25 and (excluding) 30","Graduate student (at least BSc finished)","I do not study","less than or equal 1 year","10",2,2,1,1,7,7,"True",2225,19,,1281.0,1648.0,367.0,180.0,2749.0,"OK"
"between 25 and (excluding) 30","Graduate student (at least BSc finished)","I do not study","less than or equal 1 year","8",2,2,1,1,1,1,"True",1337,19,,1341.0,1448.0,107.0,1020.0,1769.0,"OK"
"between 25 and (excluding) 30","Graduate student (at least BSc finished)","I do not study","less than or equal 1 year","Dynamic",7,3,1,1,7,7,"True",1281,19,,968.0,1281.0,313.0,29.0,2220.0,"OK"
"between 25 and (excluding) 30","Graduate student (at least BSc finished)","I do not study","less than or equal 1 year","6",7,3,1,1,1,1,"True",1008,19,,1092.0,1476.0,384.0,-60.0,2628.0,"OK"
"between 25 and (excluding) 30","Graduate student (at least BSc finished)","I do not study","less than or equal 1 year","2",7,3,1,1,3,3,"True",1172,19,,1165.0,1328.0,163.0,676.0,1817.0,"OK"
"between 25 and (excluding) 30","Graduate student (at least BSc finished)","I do not study","less than or equal 1 year","Dynamic",4,0,1,1,5,5,"True",1083,19,,1083.0,1419.0,336.0,75.0,2427.0,"OK"
"between 25 and (excluding) 30","Graduate student (at least BSc finished)","I do not study","less than or equal 1 year","Dynamic",5,1,1,1,1,1,"True",1075,19,,1075.0,1337.0,262.0,289.0,2123.0,"OK"
"between 25 and (excluding) 30","Graduate student (at least BSc finished)","I do not study","less than or equal 1 year","Dynamic",3,1,0,1,2,3,"False",932,19,,1010.0,1124.0,114.0,668.0,1466.0,"OK"
"between 25 and (excluding) 30","Graduate student (at least BSc finished)","I do not study","less than or equal 1 year","2",2,2,1,1,5,5,"True",1759,19,,1596.0,1764.0,168.0,1092.0,2268.0,"OK"
"between 25 and (excluding) 30","Graduate student (at least BSc finished)","I do not study","less than or equal 1 year","6",1,3,1,1,2,2,"True",1236,19,,1236.0,1272.0,36.0,1128.0,1380.0,"OK"
"between 25 and (excluding) 30","Graduate student (at least BSc finished)","I do not study","less than or equal 1 year","Dynamic",1,3,1,1,1,1,"True",1008,19,,1008.0,1219.0,211.0,375.0,1852.0,"OK"
"between 25 and (excluding) 30","Graduate student (at least BSc finished)","I do not study","less than or equal 1 year","Dynamic",3,1,1,1,4,4,"True",1077,19,,1010.0,1124.0,114.0,668.0,1466.0,"OK"
"between 25 and (excluding) 30","Graduate student (at least BSc finished)","I do not study","less than or equal 1 year","10",4,0,1,1,2,2,"True",1573,19,,1335.0,2375.0,1040.0,-1785.0,5495.0,"OK"
"between 25 and (excluding) 30","Graduate student (at least BSc finished)","I do not study","less than or equal 1 year","Dynamic",4,0,1,1,3,3,"True",1419,19,,1083.0,1419.0,336.0,75.0,2427.0,"OK"
"between 25 and (excluding) 30","Graduate student (at least BSc finished)","I do not study","less than or equal 1 year","2",1,3,1,1,2,2,"True",1263,19,,1351.0,1486.0,135.0,946.0,1891.0,"OK"
"between 25 and (excluding) 30","Graduate student (at least BSc finished)","I do not study","less than or equal 1 year","6",4,0,1,1,2,2,"True",1347,19,,1641.0,3494.0,1853.0,-3918.0,9053.0,"OK"
"between 25 and (excluding) 30","Graduate student (at least BSc finished)","I do not study","less than or equal 1 year","8",6,2,1,1,7,7,"True",1453,19,,1172.0,1588.0,416.0,-76.0,2836.0,"OK"
"between 25 and (excluding) 30","Graduate student (at least BSc finished)","I do not study","less than or equal 1 year","2",5,1,1,1,4,4,"True",2243,19,,1930.0,2327.0,397.0,739.0,3518.0,"OK"
"between 25 and (excluding) 30","Graduate student (at least BSc finished)","I do not study","less than or equal 1 year","6",6,2,1,1,2,2,"True",864,19,,1247.0,1609.0,362.0,161.0,2695.0,"OK"
"between 25 and (excluding) 30","Graduate student (at least BSc finished)","I do not study","less than or equal 1 year","8",2,2,1,1,2,2,"True",1448,19,,1341.0,1448.0,107.0,1020.0,1769.0,"OK"
"between 25 and (excluding) 30","Graduate student (at least BSc finished)","I do not study","less than or equal 1 year","8",7,3,1,1,4,4,"True",1071,19,,1030.0,1240.0,210.0,400.0,1870.0,"OK"
"between 25 and (excluding) 30","Graduate student (at least BSc finished)","I do not study","less than or equal 1 year","Dynamic",6,2,1,1,5,5,"True",1158,19,,1158.0,1404.0,246.0,420.0,2142.0,"OK"
"between 25 and (excluding) 30","Graduate student (at least BSc finished)","I do not study","less than or equal 1 year","4",4,0,1,1,7,7,"True",1757,19,,2109.0,3479.0,1370.0,-2001.0,7589.0,"OK"
"between 25 and (excluding) 30","Graduate student (at least BSc finished)","I do not study","less than or equal 1 year","4",2,2,1,1,2,2,"True",1317,19,,1325.0,2100.0,775.0,-1000.0,4425.0,"OK"
"between 25 and (excluding) 30","Graduate student (at least BSc finished)","I do not study","less than or equal 1 year","4",5,1,1,1,1,1,"True",2606,19,,1581.0,2194.0,613.0,-258.0,4033.0,"OK"
"between 25 and (excluding) 30","Graduate student (at least BSc finished)","I do not study","less than or equal 1 year","8",1,3,1,1,6,6,"True",1379,19,,1078.0,1165.0,87.0,817.0,1426.0,"OK"
"between 25 and (excluding) 30","Graduate student (at least BSc finished)","I do not study","less than or equal 1 year","10",6,2,1,1,7,7,"True",1569,19,,1172.0,1562.0,390.0,2.0,2732.0,"OK"
"between 25 and (excluding) 30","Graduate student (at least BSc finished)","I do not study","less than or equal 1 year","10",2,2,1,1,4,4,"True",1222,19,,1281.0,1648.0,367.0,180.0,2749.0,"OK"
"between 25 and (excluding) 30","Graduate student (at least BSc finished)","I do not study","less than or equal 1 year","2",3,1,1,1,2,2,"True",1661,19,,1661.0,1981.0,320.0,701.0,2941.0,"OK"
"between 25 and (excluding) 30","Graduate student (at least BSc finished)","I do not study","less than or equal 1 year","8",1,3,1,1,4,4,"True",1113,19,,1078.0,1165.0,87.0,817.0,1426.0,"OK"
"between 25 and (excluding) 30","Graduate student (at least BSc finished)","I do not study","less than or equal 1 year","2",3,1,1,1,7,7,"True",1746,19,,1661.0,1981.0,320.0,701.0,2941.0,"OK"
"between 25 and (excluding) 30","Graduate student (at least BSc finished)","I do not study","less than or equal 1 year","6",3,1,1,1,4,4,"True",1396,19,,1481.0,2129.0,648.0,-463.0,4073.0,"OK"
"between 25 and (excluding) 30","Graduate student (at least BSc finished)","I do not study","less than or equal 1 year","6",1,3,1,1,6,6,"True",1237,19,,1236.0,1272.0,36.0,1128.0,1380.0,"OK"
"between 25 and (excluding) 30","Graduate student (at least BSc finished)","I do not study","less than or equal 1 year","6",2,2,1,1,5,5,"True",1573,19,,1476.0,1545.0,69.0,1269.0,1752.0,"OK"
"between 25 and (excluding) 30","Graduate student (at least BSc finished)","I do not study","less than or equal 1 year","Dynamic",3,1,1,1,3,3,"True",1124,19,,1010.0,1124.0,114.0,668.0,1466.0,"OK"
"between 25 and (excluding) 30","Graduate student (at least BSc finished)","I do not study","less than or equal 1 year","4",1,3,1,1,3,3,"True",1494,19,,1337.0,1445.0,108.0,1013.0,1769.0,"OK"
"between 25 and (excluding) 30","Graduate student (at least BSc finished)","I do not study","less than or equal 1 year","6",3,1,1,1,4,4,"True",2129,19,,1481.0,2129.0,648.0,-463.0,4073.0,"OK"
"between 25 and (excluding) 30","Graduate student (at least BSc finished)","I do not study","less than or equal 1 year","Dynamic",1,3,1,1,7,7,"True",1127,19,,1008.0,1219.0,211.0,375.0,1852.0,"OK"
"between 25 and (excluding) 30","Graduate student (at least BSc finished)","I do not study","less than or equal 1 year","6",3,1,1,1,3,3,"True",1571,19,,1481.0,2129.0,648.0,-463.0,4073.0,"OK"
"between 25 and (excluding) 30","Graduate student (at least BSc finished)","I do not study","less than or equal 1 year","6",7,3,1,1,3,3,"True",1109,19,,1092.0,1476.0,384.0,-60.0,2628.0,"OK"
"between 25 and (excluding) 30","Graduate student (at least BSc finished)","I do not study","less than or equal 1 year","8",3,1,1,1,1,1,"True",1508,19,,1290.0,1508.0,218.0,636.0,2162.0,"OK"
"between 25 and (excluding) 30","Graduate student (at least BSc finished)","I do not study","less than or equal 1 year","4",2,2,1,1,4,4,"True",2100,19,,1325.0,2100.0,775.0,-1000.0,4425.0,"OK"
"between 25 and (excluding) 30","Graduate student (at least BSc finished)","I do not study","less than or equal 1 year","8",6,2,1,1,3,3,"True",1677,19,,1172.0,1588.0,416.0,-76.0,2836.0,"OK"
"between 25 and (excluding) 30","Graduate student (at least BSc finished)","I do not study","less than or equal 1 year","4",7,3,1,1,6,6,"True",1594,19,,1043.0,1214.0,171.0,530.0,1727.0,"OK"
"between 25 and (excluding) 30","Graduate student (at least BSc finished)","I do not study","less than or equal 1 year","Dynamic",5,1,1,1,1,1,"True",1229,19,,1075.0,1337.0,262.0,289.0,2123.0,"OK"
"between 25 and (excluding) 30","Graduate student (at least BSc finished)","I do not study","less than or equal 1 year","6",5,1,1,1,4,4,"True",1594,19,,1594.0,2370.0,776.0,-734.0,4698.0,"OK"
"between 25 and (excluding) 30","Graduate student (at least BSc finished)","I do not study","less than or equal 1 year","8",2,2,1,1,5,5,"True",1747,19,,1341.0,1448.0,107.0,1020.0,1769.0,"OK"
"between 25 and (excluding) 30","Graduate student (at least BSc finished)","I do not study","less than or equal 1 year","6",4,0,1,1,4,4,"True",1641,19,,1641.0,3494.0,1853.0,-3918.0,9053.0,"OK"
"between 18 and (excluding) 25","Undergraduate student (BSc not yet finished)","computer science related (such as information systems, aka WiInf)","none","4",4,0,1,1,1,1,"True",25363,20,,3233.0,4296.0,1063.0,44.0,7485.0,"Outlier"
"between 18 and (excluding) 25","Undergraduate student (BSc not yet finished)","computer science related (such as information systems, aka WiInf)","none","4",7,3,1,1,3,3,"True",2785,20,,1369.0,2425.0,1056.0,-1799.0,5593.0,"OK"
"between 18 and (excluding) 25","Undergraduate student (BSc not yet finished)","computer science related (such as information systems, aka WiInf)","none","2",7,3,1,1,2,2,"True",1890,20,,1512.0,1890.0,378.0,378.0,3024.0,"OK"
"between 18 and (excluding) 25","Undergraduate student (BSc not yet finished)","computer science related (such as information systems, aka WiInf)","none","2",4,0,1,1,2,2,"True",2960,20,,2960.0,3688.0,728.0,776.0,5872.0,"OK"
"between 18 and (excluding) 25","Undergraduate student (BSc not yet finished)","computer science related (such as information systems, aka WiInf)","none","8",4,0,1,1,5,5,"True",3201,20,,2624.0,3216.0,592.0,848.0,4992.0,"OK"
"between 18 and (excluding) 25","Undergraduate student (BSc not yet finished)","computer science related (such as information systems, aka WiInf)","none","10",1,3,1,1,3,3,"True",2217,20,,1968.0,2272.0,304.0,1056.0,3184.0,"OK"
"between 18 and (excluding) 25","Undergraduate student (BSc not yet finished)","computer science related (such as information systems, aka WiInf)","none","8",5,1,1,1,3,3,"True",3754,20,,1913.0,2371.0,458.0,539.0,3745.0,"Outlier"
"between 18 and (excluding) 25","Undergraduate student (BSc not yet finished)","computer science related (such as information systems, aka WiInf)","none","4",5,1,1,1,1,1,"True",2032,20,,2161.0,3363.0,1202.0,-1445.0,6969.0,"OK"
"between 18 and (excluding) 25","Undergraduate student (BSc not yet finished)","computer science related (such as information systems, aka WiInf)","none","10",1,3,1,1,7,7,"True",2272,20,,1968.0,2272.0,304.0,1056.0,3184.0,"OK"
"between 18 and (excluding) 25","Undergraduate student (BSc not yet finished)","computer science related (such as information systems, aka WiInf)","none","2",2,2,1,1,5,5,"True",2288,20,,2088.0,2288.0,200.0,1488.0,2888.0,"OK"
"between 18 and (excluding) 25","Undergraduate student (BSc not yet finished)","computer science related (such as information systems, aka WiInf)","none","4",6,2,1,1,5,5,"True",2904,20,,1896.0,2904.0,1008.0,-1128.0,5928.0,"OK"
"between 18 and (excluding) 25","Undergraduate student (BSc not yet finished)","computer science related (such as information systems, aka WiInf)","none","2",6,2,1,1,6,6,"True",3336,20,,1912.0,2344.0,432.0,616.0,3640.0,"OK"
"between 18 and (excluding) 25","Undergraduate student (BSc not yet finished)","computer science related (such as information systems, aka WiInf)","none","6",5,1,1,1,3,3,"True",3104,20,,2337.0,3104.0,767.0,36.0,5405.0,"OK"
"between 18 and (excluding) 25","Undergraduate student (BSc not yet finished)","computer science related (such as information systems, aka WiInf)","none","10",2,2,1,1,6,6,"True",1752,20,,1816.0,2401.0,585.0,61.0,4156.0,"OK"
"between 18 and (excluding) 25","Undergraduate student (BSc not yet finished)","computer science related (such as information systems, aka WiInf)","none","Dynamic",2,2,1,1,7,7,"True",2426,20,,1985.0,2426.0,441.0,662.0,3749.0,"OK"
"between 18 and (excluding) 25","Undergraduate student (BSc not yet finished)","computer science related (such as information systems, aka WiInf)","none","2",6,2,1,1,6,6,"True",1912,20,,1912.0,2344.0,432.0,616.0,3640.0,"OK"
"between 18 and (excluding) 25","Undergraduate student (BSc not yet finished)","computer science related (such as information systems, aka WiInf)","none","4",4,0,1,1,6,6,"True",3233,20,,3233.0,4296.0,1063.0,44.0,7485.0,"OK"
"between 18 and (excluding) 25","Undergraduate student (BSc not yet finished)","computer science related (such as information systems, aka WiInf)","none","2",5,1,1,1,2,2,"True",3824,20,,2817.0,3729.0,912.0,81.0,6465.0,"OK"
"between 18 and (excluding) 25","Undergraduate student (BSc not yet finished)","computer science related (such as information systems, aka WiInf)","none","2",4,0,1,1,7,7,"True",4087,20,,2960.0,3688.0,728.0,776.0,5872.0,"OK"
"between 18 and (excluding) 25","Undergraduate student (BSc not yet finished)","computer science related (such as information systems, aka WiInf)","none","6",7,3,1,1,7,7,"True",2440,20,,1744.0,2227.0,483.0,295.0,3676.0,"OK"
"between 18 and (excluding) 25","Undergraduate student (BSc not yet finished)","computer science related (such as information systems, aka WiInf)","none","6",6,2,1,1,2,2,"True",2008,20,,1928.0,3504.0,1576.0,-2800.0,8232.0,"OK"
"between 18 and (excluding) 25","Undergraduate student (BSc not yet finished)","computer science related (such as information systems, aka WiInf)","none","10",4,0,1,1,1,1,"True",3642,20,,2496.0,3642.0,1146.0,-942.0,7080.0,"OK"
"between 18 and (excluding) 25","Undergraduate student (BSc not yet finished)","computer science related (such as information systems, aka WiInf)","none","10",1,3,1,1,4,4,"True",1968,20,,1968.0,2272.0,304.0,1056.0,3184.0,"OK"
"between 18 and (excluding) 25","Undergraduate student (BSc not yet finished)","computer science related (such as information systems, aka WiInf)","none","2",4,0,1,1,1,1,"True",3688,20,,2960.0,3688.0,728.0,776.0,5872.0,"OK"
"between 18 and (excluding) 25","Undergraduate student (BSc not yet finished)","computer science related (such as information systems, aka WiInf)","none","6",4,0,1,1,3,3,"True",2920,20,,2608.0,3663.0,1055.0,-557.0,6828.0,"OK"
"between 18 and (excluding) 25","Undergraduate student (BSc not yet finished)","computer science related (such as information systems, aka WiInf)","none","4",4,0,1,1,2,2,"True",2834,20,,3233.0,4296.0,1063.0,44.0,7485.0,"OK"
"between 18 and (excluding) 25","Undergraduate student (BSc not yet finished)","computer science related (such as information systems, aka WiInf)","none","6",6,2,1,1,6,6,"True",1928,20,,1928.0,3504.0,1576.0,-2800.0,8232.0,"OK"
"between 18 and (excluding) 25","Undergraduate student (BSc not yet finished)","computer science related (such as information systems, aka WiInf)","none","Dynamic",1,3,1,1,1,1,"True",1664,20,,1352.0,2120.0,768.0,-952.0,4424.0,"OK"
"between 18 and (excluding) 25","Undergraduate student (BSc not yet finished)","computer science related (such as information systems, aka WiInf)","none","4",6,2,1,1,1,1,"True",1960,20,,1896.0,2904.0,1008.0,-1128.0,5928.0,"OK"
"between 18 and (excluding) 25","Undergraduate student (BSc not yet finished)","computer science related (such as information systems, aka WiInf)","none","10",3,1,1,1,6,6,"True",2600,20,,1577.0,2211.0,634.0,-325.0,4113.0,"OK"
"between 18 and (excluding) 25","Undergraduate student (BSc not yet finished)","computer science related (such as information systems, aka WiInf)","none","8",5,1,1,1,3,3,"True",2371,20,,1913.0,2371.0,458.0,539.0,3745.0,"OK"
"between 18 and (excluding) 25","Undergraduate student (BSc not yet finished)","computer science related (such as information systems, aka WiInf)","none","8",1,3,1,1,2,2,"True",2384,20,,1367.0,2384.0,1017.0,-1684.0,5435.0,"OK"
"between 18 and (excluding) 25","Undergraduate student (BSc not yet finished)","computer science related (such as information systems, aka WiInf)","none","10",5,1,1,1,7,7,"True",4080,20,,1817.0,3272.0,1455.0,-2548.0,7637.0,"OK"
"between 18 and (excluding) 25","Undergraduate student (BSc not yet finished)","computer science related (such as information systems, aka WiInf)","none","Dynamic",6,2,1,1,5,5,"True",2850,20,,2560.0,2850.0,290.0,1690.0,3720.0,"OK"
"between 18 and (excluding) 25","Undergraduate student (BSc not yet finished)","computer science related (such as information systems, aka WiInf)","none","6",4,0,1,1,1,1,"True",2608,20,,2608.0,3663.0,1055.0,-557.0,6828.0,"OK"
"between 18 and (excluding) 25","Undergraduate student (BSc not yet finished)","computer science related (such as information systems, aka WiInf)","none","10",5,1,1,1,4,4,"True",3272,20,,1817.0,3272.0,1455.0,-2548.0,7637.0,"OK"
"between 18 and (excluding) 25","Undergraduate student (BSc not yet finished)","computer science related (such as information systems, aka WiInf)","none","2",4,0,1,1,1,1,"True",2672,20,,2960.0,3688.0,728.0,776.0,5872.0,"OK"
"between 18 and (excluding) 25","Undergraduate student (BSc not yet finished)","computer science related (such as information systems, aka WiInf)","none","10",5,1,1,1,6,6,"True",2794,20,,1817.0,3272.0,1455.0,-2548.0,7637.0,"OK"
"between 18 and (excluding) 25","Undergraduate student (BSc not yet finished)","computer science related (such as information systems, aka WiInf)","none","Dynamic",1,3,1,1,5,5,"True",2152,20,,1352.0,2120.0,768.0,-952.0,4424.0,"OK"
"between 18 and (excluding) 25","Undergraduate student (BSc not yet finished)","computer science related (such as information systems, aka WiInf)","none","2",6,2,1,1,5,5,"True",2088,20,,1912.0,2344.0,432.0,616.0,3640.0,"OK"
"between 18 and (excluding) 25","Undergraduate student (BSc not yet finished)","computer science related (such as information systems, aka WiInf)","none","2",6,2,1,1,4,4,"True",2344,20,,1912.0,2344.0,432.0,616.0,3640.0,"OK"
"between 18 and (excluding) 25","Undergraduate student (BSc not yet finished)","computer science related (such as information systems, aka WiInf)","none","6",2,2,1,1,6,6,"True",1687,20,,1760.0,1968.0,208.0,1136.0,2592.0,"OK"
"between 18 and (excluding) 25","Undergraduate student (BSc not yet finished)","computer science related (such as information systems, aka WiInf)","none","Dynamic",4,0,1,1,2,2,"True",2514,20,,2769.0,3320.0,551.0,1116.0,4973.0,"OK"
"between 18 and (excluding) 25","Undergraduate student (BSc not yet finished)","computer science related (such as information systems, aka WiInf)","none","2",1,3,1,1,5,5,"True",1720,20,,1481.0,1841.0,360.0,401.0,2921.0,"OK"
"between 18 and (excluding) 25","Undergraduate student (BSc not yet finished)","computer science related (such as information systems, aka WiInf)","none","6",7,3,1,1,6,6,"True",1744,20,,1744.0,2227.0,483.0,295.0,3676.0,"OK"
"between 18 and (excluding) 25","Undergraduate student (BSc not yet finished)","computer science related (such as information systems, aka WiInf)","none","10",1,3,1,1,5,5,"True",1480,20,,1968.0,2272.0,304.0,1056.0,3184.0,"OK"
"between 18 and (excluding) 25","Undergraduate student (BSc not yet finished)","computer science related (such as information systems, aka WiInf)","none","4",3,1,1,1,5,5,"True",3344,20,,2704.0,3344.0,640.0,784.0,5264.0,"OK"
"between 18 and (excluding) 25","Undergraduate student (BSc not yet finished)","computer science related (such as information systems, aka WiInf)","none","6",1,3,1,1,3,3,"True",1986,20,,1529.0,1986.0,457.0,158.0,3357.0,"OK"
"between 18 and (excluding) 25","Undergraduate student (BSc not yet finished)","computer science related (such as information systems, aka WiInf)","none","8",5,1,1,1,2,2,"True",2328,20,,1913.0,2371.0,458.0,539.0,3745.0,"OK"
"between 18 and (excluding) 25","Undergraduate student (BSc not yet finished)","computer science related (such as information systems, aka WiInf)","none","6",2,2,1,1,7,7,"True",1760,20,,1760.0,1968.0,208.0,1136.0,2592.0,"OK"
"between 18 and (excluding) 25","Undergraduate student (BSc not yet finished)","computer science related (such as information systems, aka WiInf)","none","8",3,1,1,1,2,2,"True",3840,20,,1826.0,2544.0,718.0,-328.0,4698.0,"OK"
"between 18 and (excluding) 25","Undergraduate student (BSc not yet finished)","computer science related (such as information systems, aka WiInf)","none","8",4,0,1,1,2,2,"True",2482,20,,2624.0,3216.0,592.0,848.0,4992.0,"OK"
"between 18 and (excluding) 25","Undergraduate student (BSc not yet finished)","computer science related (such as information systems, aka WiInf)","none","8",1,3,1,1,1,1,"True",1367,20,,1367.0,2384.0,1017.0,-1684.0,5435.0,"OK"
"between 18 and (excluding) 25","Undergraduate student (BSc not yet finished)","computer science related (such as information systems, aka WiInf)","none","8",6,2,1,1,4,4,"True",1735,20,,1735.0,2456.0,721.0,-428.0,4619.0,"OK"
"between 18 and (excluding) 25","Undergraduate student (BSc not yet finished)","computer science related (such as information systems, aka WiInf)","none","8",7,3,1,1,3,3,"True",1568,20,,1313.0,2320.0,1007.0,-1708.0,5341.0,"OK"
"between 18 and (excluding) 25","Undergraduate student (BSc not yet finished)","computer science related (such as information systems, aka WiInf)","none","8",5,1,1,1,1,1,"True",1792,20,,1913.0,2371.0,458.0,539.0,3745.0,"OK"
"between 18 and (excluding) 25","Undergraduate student (BSc not yet finished)","computer science related (such as information systems, aka WiInf)","none","4",6,2,1,1,3,3,"True",2977,20,,1896.0,2904.0,1008.0,-1128.0,5928.0,"OK"
"between 18 and (excluding) 25","Undergraduate student (BSc not yet finished)","computer science related (such as information systems, aka WiInf)","none","10",3,1,1,1,1,1,"True",1408,20,,1577.0,2211.0,634.0,-325.0,4113.0,"OK"
"between 18 and (excluding) 25","Undergraduate student (BSc not yet finished)","computer science related (such as information systems, aka WiInf)","none","10",6,2,1,1,1,1,"True",1857,20,,1507.0,1880.0,373.0,388.0,2999.0,"OK"
"between 18 and (excluding) 25","Undergraduate student (BSc not yet finished)","computer science related (such as information systems, aka WiInf)","none","10",7,3,1,1,1,1,"True",1008,20,,1481.0,1937.0,456.0,113.0,3305.0,"OK"
"between 18 and (excluding) 25","Undergraduate student (BSc not yet finished)","computer science related (such as information systems, aka WiInf)","none","10",6,2,1,1,7,7,"True",1880,20,,1507.0,1880.0,373.0,388.0,2999.0,"OK"
"between 18 and (excluding) 25","Undergraduate student (BSc not yet finished)","computer science related (such as information systems, aka WiInf)","none","8",6,2,1,1,1,1,"True",1304,20,,1735.0,2456.0,721.0,-428.0,4619.0,"OK"
"between 18 and (excluding) 25","Undergraduate student (BSc not yet finished)","computer science related (such as information systems, aka WiInf)","none","2",1,3,1,1,2,2,"True",1481,20,,1481.0,1841.0,360.0,401.0,2921.0,"OK"
"between 18 and (excluding) 25","Undergraduate student (BSc not yet finished)","computer science related (such as information systems, aka WiInf)","none","4",4,0,1,1,7,7,"True",4255,20,,3233.0,4296.0,1063.0,44.0,7485.0,"OK"
"between 18 and (excluding) 25","Undergraduate student (BSc not yet finished)","computer science related (such as information systems, aka WiInf)","none","2",1,3,1,1,6,6,"True",1913,20,,1481.0,1841.0,360.0,401.0,2921.0,"OK"
"between 18 and (excluding) 25","Undergraduate student (BSc not yet finished)","computer science related (such as information systems, aka WiInf)","none","8",3,1,1,1,3,3,"True",2544,20,,1826.0,2544.0,718.0,-328.0,4698.0,"OK"
"between 18 and (excluding) 25","Undergraduate student (BSc not yet finished)","computer science related (such as information systems, aka WiInf)","none","8",3,1,1,1,1,1,"True",1826,20,,1826.0,2544.0,718.0,-328.0,4698.0,"OK"
"between 18 and (excluding) 25","Undergraduate student (BSc not yet finished)","computer science related (such as information systems, aka WiInf)","none","10",7,3,1,1,4,4,"True",2136,20,,1481.0,1937.0,456.0,113.0,3305.0,"OK"
"between 18 and (excluding) 25","Undergraduate student (BSc not yet finished)","computer science related (such as information systems, aka WiInf)","none","2",2,2,1,1,7,7,"True",2416,20,,2088.0,2288.0,200.0,1488.0,2888.0,"OK"
"between 18 and (excluding) 25","Undergraduate student (BSc not yet finished)","computer science related (such as information systems, aka WiInf)","none","2",3,1,1,1,3,3,"True",2289,20,,2473.0,3034.0,561.0,790.0,4717.0,"OK"
"between 18 and (excluding) 25","Undergraduate student (BSc not yet finished)","computer science related (such as information systems, aka WiInf)","none","10",4,0,1,1,3,3,"True",3610,20,,2496.0,3642.0,1146.0,-942.0,7080.0,"OK"
"between 18 and (excluding) 25","Undergraduate student (BSc not yet finished)","computer science related (such as information systems, aka WiInf)","none","6",6,2,1,1,3,3,"True",1313,20,,1928.0,3504.0,1576.0,-2800.0,8232.0,"OK"
"between 18 and (excluding) 25","Undergraduate student (BSc not yet finished)","computer science related (such as information systems, aka WiInf)","none","8",6,2,1,1,5,5,"True",2449,20,,1735.0,2456.0,721.0,-428.0,4619.0,"OK"
"between 18 and (excluding) 25","Undergraduate student (BSc not yet finished)","computer science related (such as information systems, aka WiInf)","none","4",6,2,1,1,5,5,"True",1896,20,,1896.0,2904.0,1008.0,-1128.0,5928.0,"OK"
"between 18 and (excluding) 25","Undergraduate student (BSc not yet finished)","computer science related (such as information systems, aka WiInf)","none","4",3,1,1,1,1,1,"True",2976,20,,2704.0,3344.0,640.0,784.0,5264.0,"OK"
"between 18 and (excluding) 25","Undergraduate student (BSc not yet finished)","computer science related (such as information systems, aka WiInf)","none","2",5,1,0,1,4,3,"False",2210,20,,2817.0,3729.0,912.0,81.0,6465.0,"OK"
"between 18 and (excluding) 25","Undergraduate student (BSc not yet finished)","computer science related (such as information systems, aka WiInf)","none","4",1,3,1,1,5,5,"True",4096,20,,1944.0,3465.0,1521.0,-2619.0,8028.0,"OK"
"between 18 and (excluding) 25","Undergraduate student (BSc not yet finished)","computer science related (such as information systems, aka WiInf)","none","4",1,3,1,1,6,6,"True",3465,20,,1944.0,3465.0,1521.0,-2619.0,8028.0,"OK"
"between 18 and (excluding) 25","Undergraduate student (BSc not yet finished)","computer science related (such as information systems, aka WiInf)","none","10",2,2,1,1,3,3,"True",2784,20,,1816.0,2401.0,585.0,61.0,4156.0,"OK"
"between 18 and (excluding) 25","Undergraduate student (BSc not yet finished)","computer science related (such as information systems, aka WiInf)","none","10",4,0,1,1,5,5,"True",4248,20,,2496.0,3642.0,1146.0,-942.0,7080.0,"OK"
"between 18 and (excluding) 25","Undergraduate student (BSc not yet finished)","computer science related (such as information systems, aka WiInf)","none","6",2,2,1,1,6,6,"True",2969,20,,1760.0,1968.0,208.0,1136.0,2592.0,"Outlier"
"between 18 and (excluding) 25","Undergraduate student (BSc not yet finished)","computer science related (such as information systems, aka WiInf)","none","Dynamic",2,2,1,1,3,3,"True",2905,20,,1985.0,2426.0,441.0,662.0,3749.0,"OK"
"between 18 and (excluding) 25","Undergraduate student (BSc not yet finished)","computer science related (such as information systems, aka WiInf)","none","4",5,1,1,1,4,4,"True",3488,20,,2161.0,3363.0,1202.0,-1445.0,6969.0,"OK"
"between 18 and (excluding) 25","Undergraduate student (BSc not yet finished)","computer science related (such as information systems, aka WiInf)","none","10",6,2,1,1,4,4,"True",1136,20,,1507.0,1880.0,373.0,388.0,2999.0,"OK"
"between 18 and (excluding) 25","Undergraduate student (BSc not yet finished)","computer science related (such as information systems, aka WiInf)","none","6",5,1,0,1,1,7,"False",1713,20,,2337.0,3104.0,767.0,36.0,5405.0,"OK"
"between 18 and (excluding) 25","Undergraduate student (BSc not yet finished)","computer science related (such as information systems, aka WiInf)","none","2",2,2,1,1,1,1,"True",1657,20,,2088.0,2288.0,200.0,1488.0,2888.0,"OK"
"between 18 and (excluding) 25","Undergraduate student (BSc not yet finished)","computer science related (such as information systems, aka WiInf)","none","2",1,3,1,1,5,5,"True",1841,20,,1481.0,1841.0,360.0,401.0,2921.0,"OK"
"between 18 and (excluding) 25","Undergraduate student (BSc not yet finished)","computer science related (such as information systems, aka WiInf)","none","6",5,1,1,1,6,6,"True",2337,20,,2337.0,3104.0,767.0,36.0,5405.0,"OK"
"between 18 and (excluding) 25","Undergraduate student (BSc not yet finished)","computer science related (such as information systems, aka WiInf)","none","10",4,0,1,1,1,1,"True",2496,20,,2496.0,3642.0,1146.0,-942.0,7080.0,"OK"
"between 18 and (excluding) 25","Undergraduate student (BSc not yet finished)","computer science related (such as information systems, aka WiInf)","none","4",7,3,1,1,1,1,"True",1273,20,,1369.0,2425.0,1056.0,-1799.0,5593.0,"OK"
"between 18 and (excluding) 25","Undergraduate student (BSc not yet finished)","computer science related (such as information systems, aka WiInf)","none","Dynamic",6,2,1,1,2,2,"True",1465,20,,2560.0,2850.0,290.0,1690.0,3720.0,"Outlier"
"between 18 and (excluding) 25","Undergraduate student (BSc not yet finished)","computer science related (such as information systems, aka WiInf)","none","2",6,2,1,1,2,2,"True",1504,20,,1912.0,2344.0,432.0,616.0,3640.0,"OK"
"between 18 and (excluding) 25","Undergraduate student (BSc not yet finished)","computer science related (such as information systems, aka WiInf)","none","Dynamic",5,1,1,1,2,2,"True",4131,20,,2593.0,3008.0,415.0,1348.0,4253.0,"OK"
"between 18 and (excluding) 25","Undergraduate student (BSc not yet finished)","computer science related (such as information systems, aka WiInf)","none","10",5,1,1,1,3,3,"True",1817,20,,1817.0,3272.0,1455.0,-2548.0,7637.0,"OK"
"between 18 and (excluding) 25","Undergraduate student (BSc not yet finished)","computer science related (such as information systems, aka WiInf)","none","Dynamic",4,0,1,1,2,2,"True",3481,20,,2769.0,3320.0,551.0,1116.0,4973.0,"OK"
"between 18 and (excluding) 25","Undergraduate student (BSc not yet finished)","computer science related (such as information systems, aka WiInf)","none","6",1,3,1,1,2,2,"True",2401,20,,1529.0,1986.0,457.0,158.0,3357.0,"OK"
"between 18 and (excluding) 25","Undergraduate student (BSc not yet finished)","computer science related (such as information systems, aka WiInf)","none","6",7,3,1,1,5,5,"True",2227,20,,1744.0,2227.0,483.0,295.0,3676.0,"OK"
"between 18 and (excluding) 25","Undergraduate student (BSc not yet finished)","computer science related (such as information systems, aka WiInf)","none","10",7,3,1,1,4,4,"True",1481,20,,1481.0,1937.0,456.0,113.0,3305.0,"OK"
"between 18 and (excluding) 25","Undergraduate student (BSc not yet finished)","computer science related (such as information systems, aka WiInf)","none","10",2,2,1,1,4,4,"True",2401,20,,1816.0,2401.0,585.0,61.0,4156.0,"OK"
"between 18 and (excluding) 25","Undergraduate student (BSc not yet finished)","computer science related (such as information systems, aka WiInf)","none","4",1,3,1,1,2,2,"True",3081,20,,1944.0,3465.0,1521.0,-2619.0,8028.0,"OK"
"between 18 and (excluding) 25","Undergraduate student (BSc not yet finished)","computer science related (such as information systems, aka WiInf)","none","2",3,1,1,1,2,2,"True",2473,20,,2473.0,3034.0,561.0,790.0,4717.0,"OK"
"between 18 and (excluding) 25","Undergraduate student (BSc not yet finished)","computer science related (such as information systems, aka WiInf)","none","6",4,0,1,1,5,5,"True",3663,20,,2608.0,3663.0,1055.0,-557.0,6828.0,"OK"
"between 18 and (excluding) 25","Undergraduate student (BSc not yet finished)","computer science related (such as information systems, aka WiInf)","none","4",6,2,1,1,2,2,"True",1689,20,,1896.0,2904.0,1008.0,-1128.0,5928.0,"OK"
"between 18 and (excluding) 25","Undergraduate student (BSc not yet finished)","computer science related (such as information systems, aka WiInf)","none","10",3,1,1,1,1,1,"True",1849,20,,1577.0,2211.0,634.0,-325.0,4113.0,"OK"
"between 18 and (excluding) 25","Undergraduate student (BSc not yet finished)","computer science related (such as information systems, aka WiInf)","none","Dynamic",2,2,1,1,3,3,"True",1985,20,,1985.0,2426.0,441.0,662.0,3749.0,"OK"
"between 18 and (excluding) 25","Undergraduate student (BSc not yet finished)","computer science related (such as information systems, aka WiInf)","none","2",5,1,1,1,7,7,"True",3011,20,,2817.0,3729.0,912.0,81.0,6465.0,"OK"
"between 18 and (excluding) 25","Undergraduate student (BSc not yet finished)","computer science related (such as information systems, aka WiInf)","none","Dynamic",2,2,1,1,3,3,"True",2017,20,,1985.0,2426.0,441.0,662.0,3749.0,"OK"
"between 18 and (excluding) 25","Undergraduate student (BSc not yet finished)","computer science related (such as information systems, aka WiInf)","none","Dynamic",6,2,1,1,7,7,"True",2737,20,,2560.0,2850.0,290.0,1690.0,3720.0,"OK"
"between 18 and (excluding) 25","Undergraduate student (BSc not yet finished)","computer science related (such as information systems, aka WiInf)","none","2",3,1,1,1,4,4,"True",4104,20,,2473.0,3034.0,561.0,790.0,4717.0,"OK"
"between 18 and (excluding) 25","Undergraduate student (BSc not yet finished)","computer science related (such as information systems, aka WiInf)","none","Dynamic",3,1,1,1,4,4,"True",1507,20,,1875.0,2025.0,150.0,1425.0,2475.0,"OK"
"between 18 and (excluding) 25","Undergraduate student (BSc not yet finished)","computer science related (such as information systems, aka WiInf)","none","4",7,3,1,1,5,5,"True",1369,20,,1369.0,2425.0,1056.0,-1799.0,5593.0,"OK"
"between 18 and (excluding) 25","Undergraduate student (BSc not yet finished)","computer science related (such as information systems, aka WiInf)","none","8",2,2,1,1,6,6,"True",2353,20,,1616.0,2344.0,728.0,-568.0,4528.0,"OK"
"between 18 and (excluding) 25","Undergraduate student (BSc not yet finished)","computer science related (such as information systems, aka WiInf)","none","Dynamic",5,1,1,1,2,2,"True",2593,20,,2593.0,3008.0,415.0,1348.0,4253.0,"OK"
"between 18 and (excluding) 25","Undergraduate student (BSc not yet finished)","computer science related (such as information systems, aka WiInf)","none","4",5,1,1,1,7,7,"True",2273,20,,2161.0,3363.0,1202.0,-1445.0,6969.0,"OK"
"between 18 and (excluding) 25","Undergraduate student (BSc not yet finished)","computer science related (such as information systems, aka WiInf)","none","10",6,2,1,1,2,2,"True",1507,20,,1507.0,1880.0,373.0,388.0,2999.0,"OK"
"between 18 and (excluding) 25","Undergraduate student (BSc not yet finished)","computer science related (such as information systems, aka WiInf)","none","4",3,1,1,1,5,5,"True",2672,20,,2704.0,3344.0,640.0,784.0,5264.0,"OK"
"between 18 and (excluding) 25","Undergraduate student (BSc not yet finished)","computer science related (such as information systems, aka WiInf)","none","6",1,3,1,1,4,4,"True",1537,20,,1529.0,1986.0,457.0,158.0,3357.0,"OK"
"between 18 and (excluding) 25","Undergraduate student (BSc not yet finished)","computer science related (such as information systems, aka WiInf)","none","8",7,3,1,1,1,1,"True",1008,20,,1313.0,2320.0,1007.0,-1708.0,5341.0,"OK"
"between 18 and (excluding) 25","Undergraduate student (BSc not yet finished)","computer science related (such as information systems, aka WiInf)","none","2",5,1,1,1,5,5,"True",2817,20,,2817.0,3729.0,912.0,81.0,6465.0,"OK"
"between 18 and (excluding) 25","Undergraduate student (BSc not yet finished)","computer science related (such as information systems, aka WiInf)","none","4",5,1,1,1,3,3,"True",3363,20,,2161.0,3363.0,1202.0,-1445.0,6969.0,"OK"
"between 18 and (excluding) 25","Undergraduate student (BSc not yet finished)","computer science related (such as information systems, aka WiInf)","none","2",2,2,1,1,6,6,"True",2281,20,,2088.0,2288.0,200.0,1488.0,2888.0,"OK"
"between 18 and (excluding) 25","Undergraduate student (BSc not yet finished)","computer science related (such as information systems, aka WiInf)","none","8",7,3,1,1,2,2,"True",1313,20,,1313.0,2320.0,1007.0,-1708.0,5341.0,"OK"
"between 18 and (excluding) 25","Undergraduate student (BSc not yet finished)","computer science related (such as information systems, aka WiInf)","none","8",1,3,1,1,1,1,"True",1104,20,,1367.0,2384.0,1017.0,-1684.0,5435.0,"OK"
"between 18 and (excluding) 25","Undergraduate student (BSc not yet finished)","computer science related (such as information systems, aka WiInf)","none","10",7,3,1,1,7,7,"True",1937,20,,1481.0,1937.0,456.0,113.0,3305.0,"OK"
"between 18 and (excluding) 25","Undergraduate student (BSc not yet finished)","computer science related (such as information systems, aka WiInf)","none","Dynamic",3,1,1,1,7,7,"True",2025,20,,1875.0,2025.0,150.0,1425.0,2475.0,"OK"
"between 18 and (excluding) 25","Undergraduate student (BSc not yet finished)","computer science related (such as information systems, aka WiInf)","none","2",7,3,1,1,7,7,"True",1795,20,,1512.0,1890.0,378.0,378.0,3024.0,"OK"
"between 18 and (excluding) 25","Undergraduate student (BSc not yet finished)","computer science related (such as information systems, aka WiInf)","none","4",2,2,1,1,2,2,"True",1577,20,,1577.0,1970.0,393.0,398.0,3149.0,"OK"
"between 18 and (excluding) 25","Undergraduate student (BSc not yet finished)","computer science related (such as information systems, aka WiInf)","none","8",3,1,1,1,4,4,"True",2088,20,,1826.0,2544.0,718.0,-328.0,4698.0,"OK"
"between 18 and (excluding) 25","Undergraduate student (BSc not yet finished)","computer science related (such as information systems, aka WiInf)","none","8",5,1,1,1,2,2,"True",1913,20,,1913.0,2371.0,458.0,539.0,3745.0,"OK"
"between 18 and (excluding) 25","Undergraduate student (BSc not yet finished)","computer science related (such as information systems, aka WiInf)","none","Dynamic",1,3,1,1,7,7,"True",1352,20,,1352.0,2120.0,768.0,-952.0,4424.0,"OK"
"between 18 and (excluding) 25","Undergraduate student (BSc not yet finished)","computer science related (such as information systems, aka WiInf)","none","6",5,1,1,1,5,5,"True",2355,20,,2337.0,3104.0,767.0,36.0,5405.0,"OK"
"between 18 and (excluding) 25","Undergraduate student (BSc not yet finished)","computer science related (such as information systems, aka WiInf)","none","Dynamic",7,3,1,1,5,5,"True",1096,20,,1112.0,1520.0,408.0,-112.0,2744.0,"OK"
"between 18 and (excluding) 25","Undergraduate student (BSc not yet finished)","computer science related (such as information systems, aka WiInf)","none","4",7,3,1,1,7,7,"True",1776,20,,1369.0,2425.0,1056.0,-1799.0,5593.0,"OK"
"between 18 and (excluding) 25","Undergraduate student (BSc not yet finished)","computer science related (such as information systems, aka WiInf)","none","2",7,3,1,1,7,7,"True",1353,20,,1512.0,1890.0,378.0,378.0,3024.0,"OK"
"between 18 and (excluding) 25","Undergraduate student (BSc not yet finished)","computer science related (such as information systems, aka WiInf)","none","6",3,1,1,1,1,1,"True",2208,20,,2208.0,2930.0,722.0,42.0,5096.0,"OK"
"between 18 and (excluding) 25","Undergraduate student (BSc not yet finished)","computer science related (such as information systems, aka WiInf)","none","4",3,1,1,1,7,7,"True",3627,20,,2704.0,3344.0,640.0,784.0,5264.0,"OK"
"between 18 and (excluding) 25","Undergraduate student (BSc not yet finished)","computer science related (such as information systems, aka WiInf)","none","4",3,1,1,1,3,3,"True",2704,20,,2704.0,3344.0,640.0,784.0,5264.0,"OK"
"between 18 and (excluding) 25","Undergraduate student (BSc not yet finished)","computer science related (such as information systems, aka WiInf)","none","8",2,2,1,1,5,5,"True",2344,20,,1616.0,2344.0,728.0,-568.0,4528.0,"OK"
"between 18 and (excluding) 25","Undergraduate student (BSc not yet finished)","computer science related (such as information systems, aka WiInf)","none","Dynamic",2,2,1,1,7,7,"True",1824,20,,1985.0,2426.0,441.0,662.0,3749.0,"OK"
"between 18 and (excluding) 25","Undergraduate student (BSc not yet finished)","computer science related (such as information systems, aka WiInf)","none","4",2,2,1,1,1,1,"True",1648,20,,1577.0,1970.0,393.0,398.0,3149.0,"OK"
"between 18 and (excluding) 25","Undergraduate student (BSc not yet finished)","computer science related (such as information systems, aka WiInf)","none","10",1,3,1,1,7,7,"True",2529,20,,1968.0,2272.0,304.0,1056.0,3184.0,"OK"
"between 18 and (excluding) 25","Undergraduate student (BSc not yet finished)","computer science related (such as information systems, aka WiInf)","none","Dynamic",6,2,1,1,7,7,"True",2560,20,,2560.0,2850.0,290.0,1690.0,3720.0,"OK"
"between 18 and (excluding) 25","Undergraduate student (BSc not yet finished)","computer science related (such as information systems, aka WiInf)","none","8",4,0,1,1,1,1,"True",3768,20,,2624.0,3216.0,592.0,848.0,4992.0,"OK"
"between 18 and (excluding) 25","Undergraduate student (BSc not yet finished)","computer science related (such as information systems, aka WiInf)","none","8",4,0,1,1,3,3,"True",3216,20,,2624.0,3216.0,592.0,848.0,4992.0,"OK"
"between 18 and (excluding) 25","Undergraduate student (BSc not yet finished)","computer science related (such as information systems, aka WiInf)","none","10",3,1,1,1,5,5,"True",2211,20,,1577.0,2211.0,634.0,-325.0,4113.0,"OK"
"between 18 and (excluding) 25","Undergraduate student (BSc not yet finished)","computer science related (such as information systems, aka WiInf)","none","Dynamic",4,0,1,1,3,3,"True",3320,20,,2769.0,3320.0,551.0,1116.0,4973.0,"OK"
"between 18 and (excluding) 25","Undergraduate student (BSc not yet finished)","computer science related (such as information systems, aka WiInf)","none","2",7,3,1,1,6,6,"True",2128,20,,1512.0,1890.0,378.0,378.0,3024.0,"OK"
"between 18 and (excluding) 25","Undergraduate student (BSc not yet finished)","computer science related (such as information systems, aka WiInf)","none","8",7,3,1,1,1,1,"True",2320,20,,1313.0,2320.0,1007.0,-1708.0,5341.0,"OK"
"between 18 and (excluding) 25","Undergraduate student (BSc not yet finished)","computer science related (such as information systems, aka WiInf)","none","2",4,0,1,1,5,5,"True",3570,20,,2960.0,3688.0,728.0,776.0,5872.0,"OK"
"between 18 and (excluding) 25","Undergraduate student (BSc not yet finished)","computer science related (such as information systems, aka WiInf)","none","Dynamic",5,1,1,1,3,3,"True",3008,20,,2593.0,3008.0,415.0,1348.0,4253.0,"OK"
"between 18 and (excluding) 25","Undergraduate student (BSc not yet finished)","computer science related (such as information systems, aka WiInf)","none","Dynamic",7,3,1,1,3,3,"True",1520,20,,1112.0,1520.0,408.0,-112.0,2744.0,"OK"
"between 18 and (excluding) 25","Undergraduate student (BSc not yet finished)","computer science related (such as information systems, aka WiInf)","none","Dynamic",7,3,1,1,1,1,"True",1112,20,,1112.0,1520.0,408.0,-112.0,2744.0,"OK"
"between 18 and (excluding) 25","Undergraduate student (BSc not yet finished)","computer science related (such as information systems, aka WiInf)","none","Dynamic",7,3,1,1,2,2,"True",1143,20,,1112.0,1520.0,408.0,-112.0,2744.0,"OK"
"between 18 and (excluding) 25","Undergraduate student (BSc not yet finished)","computer science related (such as information systems, aka WiInf)","none","6",3,1,1,1,5,5,"True",2930,20,,2208.0,2930.0,722.0,42.0,5096.0,"OK"
"between 18 and (excluding) 25","Undergraduate student (BSc not yet finished)","computer science related (such as information systems, aka WiInf)","none","10",7,3,1,1,6,6,"True",1616,20,,1481.0,1937.0,456.0,113.0,3305.0,"OK"
"between 18 and (excluding) 25","Undergraduate student (BSc not yet finished)","computer science related (such as information systems, aka WiInf)","none","4",1,3,1,1,6,6,"True",1944,20,,1944.0,3465.0,1521.0,-2619.0,8028.0,"OK"
"between 18 and (excluding) 25","Undergraduate student (BSc not yet finished)","computer science related (such as information systems, aka WiInf)","none","6",2,2,1,1,1,1,"True",1968,20,,1760.0,1968.0,208.0,1136.0,2592.0,"OK"
"between 18 and (excluding) 25","Undergraduate student (BSc not yet finished)","computer science related (such as information systems, aka WiInf)","none","6",6,2,1,1,5,5,"True",3944,20,,1928.0,3504.0,1576.0,-2800.0,8232.0,"OK"
"between 18 and (excluding) 25","Undergraduate student (BSc not yet finished)","computer science related (such as information systems, aka WiInf)","none","4",2,2,1,1,3,3,"True",1970,20,,1577.0,1970.0,393.0,398.0,3149.0,"OK"
"between 18 and (excluding) 25","Undergraduate student (BSc not yet finished)","computer science related (such as information systems, aka WiInf)","none","10",5,1,1,1,4,4,"True",1712,20,,1817.0,3272.0,1455.0,-2548.0,7637.0,"OK"
"between 18 and (excluding) 25","Undergraduate student (BSc not yet finished)","computer science related (such as information systems, aka WiInf)","none","8",4,0,1,1,5,5,"True",2624,20,,2624.0,3216.0,592.0,848.0,4992.0,"OK"
"between 18 and (excluding) 25","Undergraduate student (BSc not yet finished)","computer science related (such as information systems, aka WiInf)","none","10",3,1,1,1,4,4,"True",1577,20,,1577.0,2211.0,634.0,-325.0,4113.0,"OK"
"between 18 and (excluding) 25","Undergraduate student (BSc not yet finished)","computer science related (such as information systems, aka WiInf)","none","10",2,2,1,1,7,7,"True",1976,20,,1816.0,2401.0,585.0,61.0,4156.0,"OK"
"between 18 and (excluding) 25","Undergraduate student (BSc not yet finished)","computer science related (such as information systems, aka WiInf)","none","8",2,2,1,1,1,1,"True",1616,20,,1616.0,2344.0,728.0,-568.0,4528.0,"OK"
"between 18 and (excluding) 25","Undergraduate student (BSc not yet finished)","computer science related (such as information systems, aka WiInf)","none","Dynamic",7,3,1,1,7,7,"True",2010,20,,1112.0,1520.0,408.0,-112.0,2744.0,"OK"
"between 18 and (excluding) 25","Undergraduate student (BSc not yet finished)","computer science related (such as information systems, aka WiInf)","none","6",7,3,1,1,1,1,"True",976,20,,1744.0,2227.0,483.0,295.0,3676.0,"OK"
"between 18 and (excluding) 25","Undergraduate student (BSc not yet finished)","computer science related (such as information systems, aka WiInf)","none","2",7,3,1,1,3,3,"True",1512,20,,1512.0,1890.0,378.0,378.0,3024.0,"OK"
"between 18 and (excluding) 25","Undergraduate student (BSc not yet finished)","computer science related (such as information systems, aka WiInf)","none","Dynamic",4,0,1,1,5,5,"True",2769,20,,2769.0,3320.0,551.0,1116.0,4973.0,"OK"
"between 18 and (excluding) 25","Undergraduate student (BSc not yet finished)","computer science related (such as information systems, aka WiInf)","none","Dynamic",5,1,1,1,1,1,"True",2856,20,,2593.0,3008.0,415.0,1348.0,4253.0,"OK"
"between 18 and (excluding) 25","Undergraduate student (BSc not yet finished)","computer science related (such as information systems, aka WiInf)","none","Dynamic",3,1,1,1,2,2,"True",1875,20,,1875.0,2025.0,150.0,1425.0,2475.0,"OK"
"between 18 and (excluding) 25","Undergraduate student (BSc not yet finished)","computer science related (such as information systems, aka WiInf)","none","2",2,2,1,1,5,5,"True",2088,20,,2088.0,2288.0,200.0,1488.0,2888.0,"OK"
"between 18 and (excluding) 25","Undergraduate student (BSc not yet finished)","computer science related (such as information systems, aka WiInf)","none","6",1,3,1,1,2,2,"True",1351,20,,1529.0,1986.0,457.0,158.0,3357.0,"OK"
"between 18 and (excluding) 25","Undergraduate student (BSc not yet finished)","computer science related (such as information systems, aka WiInf)","none","Dynamic",1,3,1,1,1,1,"True",1176,20,,1352.0,2120.0,768.0,-952.0,4424.0,"OK"
"between 18 and (excluding) 25","Undergraduate student (BSc not yet finished)","computer science related (such as information systems, aka WiInf)","none","Dynamic",3,1,1,1,4,4,"True",1920,20,,1875.0,2025.0,150.0,1425.0,2475.0,"OK"
"between 18 and (excluding) 25","Undergraduate student (BSc not yet finished)","computer science related (such as information systems, aka WiInf)","none","10",4,0,1,1,2,2,"True",2088,20,,2496.0,3642.0,1146.0,-942.0,7080.0,"OK"
"between 18 and (excluding) 25","Undergraduate student (BSc not yet finished)","computer science related (such as information systems, aka WiInf)","none","Dynamic",4,0,1,1,3,3,"True",2888,20,,2769.0,3320.0,551.0,1116.0,4973.0,"OK"
"between 18 and (excluding) 25","Undergraduate student (BSc not yet finished)","computer science related (such as information systems, aka WiInf)","none","2",1,3,1,1,2,2,"True",1232,20,,1481.0,1841.0,360.0,401.0,2921.0,"OK"
"between 18 and (excluding) 25","Undergraduate student (BSc not yet finished)","computer science related (such as information systems, aka WiInf)","none","6",4,0,1,1,2,2,"True",2488,20,,2608.0,3663.0,1055.0,-557.0,6828.0,"OK"
"between 18 and (excluding) 25","Undergraduate student (BSc not yet finished)","computer science related (such as information systems, aka WiInf)","none","8",6,2,1,1,7,7,"True",2456,20,,1735.0,2456.0,721.0,-428.0,4619.0,"OK"
"between 18 and (excluding) 25","Undergraduate student (BSc not yet finished)","computer science related (such as information systems, aka WiInf)","none","2",5,1,1,1,4,4,"True",3729,20,,2817.0,3729.0,912.0,81.0,6465.0,"OK"
"between 18 and (excluding) 25","Undergraduate student (BSc not yet finished)","computer science related (such as information systems, aka WiInf)","none","6",6,2,1,1,2,2,"True",3504,20,,1928.0,3504.0,1576.0,-2800.0,8232.0,"OK"
"between 18 and (excluding) 25","Undergraduate student (BSc not yet finished)","computer science related (such as information systems, aka WiInf)","none","8",2,2,1,1,2,2,"True",1224,20,,1616.0,2344.0,728.0,-568.0,4528.0,"OK"
"between 18 and (excluding) 25","Undergraduate student (BSc not yet finished)","computer science related (such as information systems, aka WiInf)","none","8",7,3,1,1,4,4,"True",2321,20,,1313.0,2320.0,1007.0,-1708.0,5341.0,"OK"
"between 18 and (excluding) 25","Undergraduate student (BSc not yet finished)","computer science related (such as information systems, aka WiInf)","none","Dynamic",6,2,1,1,5,5,"True",3282,20,,2560.0,2850.0,290.0,1690.0,3720.0,"OK"
"between 18 and (excluding) 25","Undergraduate student (BSc not yet finished)","computer science related (such as information systems, aka WiInf)","none","4",4,0,1,1,7,7,"True",4296,20,,3233.0,4296.0,1063.0,44.0,7485.0,"OK"
"between 18 and (excluding) 25","Undergraduate student (BSc not yet finished)","computer science related (such as information systems, aka WiInf)","none","4",2,2,1,1,2,2,"True",1464,20,,1577.0,1970.0,393.0,398.0,3149.0,"OK"
"between 18 and (excluding) 25","Undergraduate student (BSc not yet finished)","computer science related (such as information systems, aka WiInf)","none","4",5,1,1,1,1,1,"True",2161,20,,2161.0,3363.0,1202.0,-1445.0,6969.0,"OK"
"between 18 and (excluding) 25","Undergraduate student (BSc not yet finished)","computer science related (such as information systems, aka WiInf)","none","8",1,3,1,1,6,6,"True",2403,20,,1367.0,2384.0,1017.0,-1684.0,5435.0,"OK"
"between 18 and (excluding) 25","Undergraduate student (BSc not yet finished)","computer science related (such as information systems, aka WiInf)","none","10",6,2,1,1,7,7,"True",2426,20,,1507.0,1880.0,373.0,388.0,2999.0,"OK"
"between 18 and (excluding) 25","Undergraduate student (BSc not yet finished)","computer science related (such as information systems, aka WiInf)","none","10",2,2,1,1,4,4,"True",1816,20,,1816.0,2401.0,585.0,61.0,4156.0,"OK"
"between 18 and (excluding) 25","Undergraduate student (BSc not yet finished)","computer science related (such as information systems, aka WiInf)","none","2",3,1,1,1,2,2,"True",3034,20,,2473.0,3034.0,561.0,790.0,4717.0,"OK"
"between 18 and (excluding) 25","Undergraduate student (BSc not yet finished)","computer science related (such as information systems, aka WiInf)","none","8",1,3,1,1,4,4,"True",2016,20,,1367.0,2384.0,1017.0,-1684.0,5435.0,"OK"
"between 18 and (excluding) 25","Undergraduate student (BSc not yet finished)","computer science related (such as information systems, aka WiInf)","none","2",3,1,1,1,7,7,"True",2819,20,,2473.0,3034.0,561.0,790.0,4717.0,"OK"
"between 18 and (excluding) 25","Undergraduate student (BSc not yet finished)","computer science related (such as information systems, aka WiInf)","none","6",3,1,1,1,4,4,"True",2664,20,,2208.0,2930.0,722.0,42.0,5096.0,"OK"
"between 18 and (excluding) 25","Undergraduate student (BSc not yet finished)","computer science related (such as information systems, aka WiInf)","none","6",1,3,1,1,6,6,"True",1529,20,,1529.0,1986.0,457.0,158.0,3357.0,"OK"
"between 18 and (excluding) 25","Undergraduate student (BSc not yet finished)","computer science related (such as information systems, aka WiInf)","none","6",2,2,1,1,5,5,"True",1857,20,,1760.0,1968.0,208.0,1136.0,2592.0,"OK"
"between 18 and (excluding) 25","Undergraduate student (BSc not yet finished)","computer science related (such as information systems, aka WiInf)","none","Dynamic",3,1,1,1,3,3,"True",2104,20,,1875.0,2025.0,150.0,1425.0,2475.0,"OK"
"between 18 and (excluding) 25","Undergraduate student (BSc not yet finished)","computer science related (such as information systems, aka WiInf)","none","4",1,3,1,1,3,3,"True",1826,20,,1944.0,3465.0,1521.0,-2619.0,8028.0,"OK"
"between 18 and (excluding) 25","Undergraduate student (BSc not yet finished)","computer science related (such as information systems, aka WiInf)","none","6",3,1,1,1,4,4,"True",1625,20,,2208.0,2930.0,722.0,42.0,5096.0,"OK"
"between 18 and (excluding) 25","Undergraduate student (BSc not yet finished)","computer science related (such as information systems, aka WiInf)","none","Dynamic",1,3,1,1,7,7,"True",2120,20,,1352.0,2120.0,768.0,-952.0,4424.0,"OK"
"between 18 and (excluding) 25","Undergraduate student (BSc not yet finished)","computer science related (such as information systems, aka WiInf)","none","6",3,1,1,1,3,3,"True",3073,20,,2208.0,2930.0,722.0,42.0,5096.0,"OK"
"between 18 and (excluding) 25","Undergraduate student (BSc not yet finished)","computer science related (such as information systems, aka WiInf)","none","6",7,3,1,1,3,3,"True",2169,20,,1744.0,2227.0,483.0,295.0,3676.0,"OK"
"between 18 and (excluding) 25","Undergraduate student (BSc not yet finished)","computer science related (such as information systems, aka WiInf)","none","8",3,1,1,1,1,1,"True",1499,20,,1826.0,2544.0,718.0,-328.0,4698.0,"OK"
"between 18 and (excluding) 25","Undergraduate student (BSc not yet finished)","computer science related (such as information systems, aka WiInf)","none","4",2,2,1,1,4,4,"True",2337,20,,1577.0,1970.0,393.0,398.0,3149.0,"OK"
"between 18 and (excluding) 25","Undergraduate student (BSc not yet finished)","computer science related (such as information systems, aka WiInf)","none","8",6,2,1,1,3,3,"True",2849,20,,1735.0,2456.0,721.0,-428.0,4619.0,"OK"
"between 18 and (excluding) 25","Undergraduate student (BSc not yet finished)","computer science related (such as information systems, aka WiInf)","none","4",7,3,1,1,6,6,"True",2425,20,,1369.0,2425.0,1056.0,-1799.0,5593.0,"OK"
"between 18 and (excluding) 25","Undergraduate student (BSc not yet finished)","computer science related (such as information systems, aka WiInf)","none","Dynamic",5,1,1,1,1,1,"True",2163,20,,2593.0,3008.0,415.0,1348.0,4253.0,"OK"
"between 18 and (excluding) 25","Undergraduate student (BSc not yet finished)","computer science related (such as information systems, aka WiInf)","none","6",5,1,1,1,4,4,"True",3977,20,,2337.0,3104.0,767.0,36.0,5405.0,"OK"
"between 18 and (excluding) 25","Undergraduate student (BSc not yet finished)","computer science related (such as information systems, aka WiInf)","none","8",2,2,1,1,5,5,"True",1792,20,,1616.0,2344.0,728.0,-568.0,4528.0,"OK"
"between 18 and (excluding) 25","Undergraduate student (BSc not yet finished)","computer science related (such as information systems, aka WiInf)","none","6",4,0,1,1,4,4,"True",5115,20,,2608.0,3663.0,1055.0,-557.0,6828.0,"OK"
